[2026-06-15 03:54:06] laravel.EMERGENCY: Unable to create configured logger. Using emergency logger. {"exception":"[object] (InvalidArgumentException(code: 0): Log [] is not defined. at C:/Users/Rahmat Eka/Peta-Interaktif/vendor/laravel/framework/src/Illuminate/Log/LogManager.php:222)
[stacktrace]
#0 C:/Users/Rahmat Eka/Peta-Interaktif/vendor/laravel/framework/src/Illuminate/Log/LogManager.php(138): Illuminate/Log/LogManager->resolve(NULL, NULL)
#1 C:/Users/Rahmat Eka/Peta-Interaktif/vendor/laravel/framework/src/Illuminate/Log/LogManager.php(125): Illuminate/Log/LogManager->get(NULL)
#2 C:/Users/Rahmat Eka/Peta-Interaktif/vendor/laravel/framework/src/Illuminate/Log/LogManager.php(703): Illuminate/Log/LogManager->driver()
#3 C:/Users/Rahmat Eka/Peta-Interaktif/vendor/laravel/framework/src/Illuminate/Foundation/Exceptions/Handler.php(402): Illuminate/Log/LogManager->error('Call to undefin...', Array)
#4 C:/Users/Rahmat Eka/Peta-Interaktif/vendor/laravel/framework/src/Illuminate/Foundation/Exceptions/Handler.php(365): Illuminate/Foundation/Exceptions/Handler->reportThrowable(Object(Error))
#5 C:/Users/Rahmat Eka/Peta-Interaktif/vendor/laravel/framework/src/Illuminate/Foundation/Console/Kernel.php(641): Illuminate/Foundation/Exceptions/Handler->report(Object(Error))
#6 C:/Users/Rahmat Eka/Peta-Interaktif/vendor/laravel/framework/src/Illuminate/Foundation/Console/Kernel.php(200): Illuminate/Foundation/Console/Kernel->reportException(Object(Error))
#7 C:/Users/Rahmat Eka/Peta-Interaktif/vendor/laravel/framework/src/Illuminate/Foundation/Application.php(1235): Illuminate/Foundation/Console/Kernel->handle(Object(Symfony/Component/Console/Input/ArgvInput), Object(Symfony/Component/Console/Output/ConsoleOutput))
#8 C:/Users/Rahmat Eka/Peta-Interaktif/artisan(16): Illuminate/Foundation/Application->handleCommand(Object(Symfony/Component/Console/Input/ArgvInput))
#9 {main}
"} 
[2026-06-15 03:54:06] laravel.ERROR: Call to undefined function str_slug() {"exception":"[object] (Error(code: 0): Call to undefined function str_slug() at C:/Users/Rahmat Eka/Peta-Interaktif/config/cache.php:44)
[stacktrace]
#0 C:/Users/Rahmat Eka/Peta-Interaktif/vendor/laravel/framework/src/Illuminate/Foundation/Bootstrap/LoadConfiguration.php(115): require()
#1 C:/Users/Rahmat Eka/Peta-Interaktif/vendor/laravel/framework/src/Illuminate/Foundation/Bootstrap/LoadConfiguration.php(115): Illuminate/Foundation/Bootstrap/LoadConfiguration->Illuminate/Foundation/Bootstrap/{closure}()
#2 C:/Users/Rahmat Eka/Peta-Interaktif/vendor/laravel/framework/src/Illuminate/Foundation/Bootstrap/LoadConfiguration.php(96): Illuminate/Foundation/Bootstrap/LoadConfiguration->loadConfigurationFile(Object(Illuminate/Config/Repository), 'cache', 'C://Users//Rahmat...', Array)
#3 C:/Users/Rahmat Eka/Peta-Interaktif/vendor/laravel/framework/src/Illuminate/Foundation/Bootstrap/LoadConfiguration.php(55): Illuminate/Foundation/Bootstrap/LoadConfiguration->loadConfigurationFiles(Object(Illuminate/Foundation/Application), Object(Illuminate/Config/Repository))
#4 C:/Users/Rahmat Eka/Peta-Interaktif/vendor/laravel/framework/src/Illuminate/Foundation/Application.php(342): Illuminate/Foundation/Bootstrap/LoadConfiguration->bootstrap(Object(Illuminate/Foundation/Application))
#5 C:/Users/Rahmat Eka/Peta-Interaktif/vendor/laravel/framework/src/Illuminate/Foundation/Console/Kernel.php(494): Illuminate/Foundation/Application->bootstrapWith(Array)
#6 C:/Users/Rahmat Eka/Peta-Interaktif/vendor/laravel/framework/src/Illuminate/Foundation/Console/Kernel.php(196): Illuminate/Foundation/Console/Kernel->bootstrap()
#7 C:/Users/Rahmat Eka/Peta-Interaktif/vendor/laravel/framework/src/Illuminate/Foundation/Application.php(1235): Illuminate/Foundation/Console/Kernel->handle(Object(Symfony/Component/Console/Input/ArgvInput), Object(Symfony/Component/Console/Output/ConsoleOutput))
#8 C:/Users/Rahmat Eka/Peta-Interaktif/artisan(16): Illuminate/Foundation/Application->handleCommand(Object(Symfony/Component/Console/Input/ArgvInput))
#9 {main}
"} 
[2026-06-15 03:54:29] laravel.EMERGENCY: Unable to create configured logger. Using emergency logger. {"exception":"[object] (InvalidArgumentException(code: 0): Log [] is not defined. at C:/Users/Rahmat Eka/Peta-Interaktif/vendor/laravel/framework/src/Illuminate/Log/LogManager.php:222)
[stacktrace]
#0 C:/Users/Rahmat Eka/Peta-Interaktif/vendor/laravel/framework/src/Illuminate/Log/LogManager.php(138): Illuminate/Log/LogManager->resolve(NULL, NULL)
#1 C:/Users/Rahmat Eka/Peta-Interaktif/vendor/laravel/framework/src/Illuminate/Log/LogManager.php(125): Illuminate/Log/LogManager->get(NULL)
#2 C:/Users/Rahmat Eka/Peta-Interaktif/vendor/laravel/framework/src/Illuminate/Log/LogManager.php(703): Illuminate/Log/LogManager->driver()
#3 C:/Users/Rahmat Eka/Peta-Interaktif/vendor/laravel/framework/src/Illuminate/Foundation/Exceptions/Handler.php(402): Illuminate/Log/LogManager->error('Call to undefin...', Array)
#4 C:/Users/Rahmat Eka/Peta-Interaktif/vendor/laravel/framework/src/Illuminate/Foundation/Exceptions/Handler.php(365): Illuminate/Foundation/Exceptions/Handler->reportThrowable(Object(Error))
#5 C:/Users/Rahmat Eka/Peta-Interaktif/vendor/laravel/framework/src/Illuminate/Foundation/Console/Kernel.php(641): Illuminate/Foundation/Exceptions/Handler->report(Object(Error))
#6 C:/Users/Rahmat Eka/Peta-Interaktif/vendor/laravel/framework/src/Illuminate/Foundation/Console/Kernel.php(200): Illuminate/Foundation/Console/Kernel->reportException(Object(Error))
#7 C:/Users/Rahmat Eka/Peta-Interaktif/vendor/laravel/framework/src/Illuminate/Foundation/Application.php(1235): Illuminate/Foundation/Console/Kernel->handle(Object(Symfony/Component/Console/Input/ArgvInput), Object(Symfony/Component/Console/Output/ConsoleOutput))
#8 C:/Users/Rahmat Eka/Peta-Interaktif/artisan(16): Illuminate/Foundation/Application->handleCommand(Object(Symfony/Component/Console/Input/ArgvInput))
#9 {main}
"} 
[2026-06-15 03:54:29] laravel.ERROR: Call to undefined function str_slug() {"exception":"[object] (Error(code: 0): Call to undefined function str_slug() at C:/Users/Rahmat Eka/Peta-Interaktif/config/cache.php:44)
[stacktrace]
#0 C:/Users/Rahmat Eka/Peta-Interaktif/vendor/laravel/framework/src/Illuminate/Foundation/Bootstrap/LoadConfiguration.php(115): require()
#1 C:/Users/Rahmat Eka/Peta-Interaktif/vendor/laravel/framework/src/Illuminate/Foundation/Bootstrap/LoadConfiguration.php(115): Illuminate/Foundation/Bootstrap/LoadConfiguration->Illuminate/Foundation/Bootstrap/{closure}()
#2 C:/Users/Rahmat Eka/Peta-Interaktif/vendor/laravel/framework/src/Illuminate/Foundation/Bootstrap/LoadConfiguration.php(96): Illuminate/Foundation/Bootstrap/LoadConfiguration->loadConfigurationFile(Object(Illuminate/Config/Repository), 'cache', 'C://Users//Rahmat...', Array)
#3 C:/Users/Rahmat Eka/Peta-Interaktif/vendor/laravel/framework/src/Illuminate/Foundation/Bootstrap/LoadConfiguration.php(55): Illuminate/Foundation/Bootstrap/LoadConfiguration->loadConfigurationFiles(Object(Illuminate/Foundation/Application), Object(Illuminate/Config/Repository))
#4 C:/Users/Rahmat Eka/Peta-Interaktif/vendor/laravel/framework/src/Illuminate/Foundation/Application.php(342): Illuminate/Foundation/Bootstrap/LoadConfiguration->bootstrap(Object(Illuminate/Foundation/Application))
#5 C:/Users/Rahmat Eka/Peta-Interaktif/vendor/laravel/framework/src/Illuminate/Foundation/Console/Kernel.php(494): Illuminate/Foundation/Application->bootstrapWith(Array)
#6 C:/Users/Rahmat Eka/Peta-Interaktif/vendor/laravel/framework/src/Illuminate/Foundation/Console/Kernel.php(196): Illuminate/Foundation/Console/Kernel->bootstrap()
#7 C:/Users/Rahmat Eka/Peta-Interaktif/vendor/laravel/framework/src/Illuminate/Foundation/Application.php(1235): Illuminate/Foundation/Console/Kernel->handle(Object(Symfony/Component/Console/Input/ArgvInput), Object(Symfony/Component/Console/Output/ConsoleOutput))
#8 C:/Users/Rahmat Eka/Peta-Interaktif/artisan(16): Illuminate/Foundation/Application->handleCommand(Object(Symfony/Component/Console/Input/ArgvInput))
#9 {main}
"} 
[2026-06-15 03:58:56] production.ERROR: Call to undefined function str_slug() {"exception":"[object] (Error(code: 0): Call to undefined function str_slug() at C:/Users/Rahmat Eka/Peta-Interaktif/config/session.php:13)
[stacktrace]
#0 C:/Users/Rahmat Eka/Peta-Interaktif/vendor/laravel/framework/src/Illuminate/Foundation/Bootstrap/LoadConfiguration.php(115): require()
#1 C:/Users/Rahmat Eka/Peta-Interaktif/vendor/laravel/framework/src/Illuminate/Foundation/Bootstrap/LoadConfiguration.php(115): Illuminate/Foundation/Bootstrap/LoadConfiguration->Illuminate/Foundation/Bootstrap/{closure}()
#2 C:/Users/Rahmat Eka/Peta-Interaktif/vendor/laravel/framework/src/Illuminate/Foundation/Bootstrap/LoadConfiguration.php(96): Illuminate/Foundation/Bootstrap/LoadConfiguration->loadConfigurationFile(Object(Illuminate/Config/Repository), 'session', 'C://Users//Rahmat...', Array)
#3 C:/Users/Rahmat Eka/Peta-Interaktif/vendor/laravel/framework/src/Illuminate/Foundation/Bootstrap/LoadConfiguration.php(55): Illuminate/Foundation/Bootstrap/LoadConfiguration->loadConfigurationFiles(Object(Illuminate/Foundation/Application), Object(Illuminate/Config/Repository))
#4 C:/Users/Rahmat Eka/Peta-Interaktif/vendor/laravel/framework/src/Illuminate/Foundation/Application.php(342): Illuminate/Foundation/Bootstrap/LoadConfiguration->bootstrap(Object(Illuminate/Foundation/Application))
#5 C:/Users/Rahmat Eka/Peta-Interaktif/vendor/laravel/framework/src/Illuminate/Foundation/Console/Kernel.php(494): Illuminate/Foundation/Application->bootstrapWith(Array)
#6 C:/Users/Rahmat Eka/Peta-Interaktif/vendor/laravel/framework/src/Illuminate/Foundation/Console/Kernel.php(196): Illuminate/Foundation/Console/Kernel->bootstrap()
#7 C:/Users/Rahmat Eka/Peta-Interaktif/vendor/laravel/framework/src/Illuminate/Foundation/Application.php(1235): Illuminate/Foundation/Console/Kernel->handle(Object(Symfony/Component/Console/Input/ArgvInput), Object(Symfony/Component/Console/Output/ConsoleOutput))
#8 C:/Users/Rahmat Eka/Peta-Interaktif/artisan(16): Illuminate/Foundation/Application->handleCommand(Object(Symfony/Component/Console/Input/ArgvInput))
#9 {main}
"} 
[2026-06-15 09:02:12] local.ERROR: No application encryption key has been specified. {"exception":"[object] (Illuminate\\Encryption\\MissingAppKeyException(code: 0): No application encryption key has been specified. at C:/Users/Rahmat Eka/Peta-Interaktif/vendor/laravel/framework/src/Illuminate/Encryption/EncryptionServiceProvider.php:83)
[stacktrace]
#0 C:/Users/Rahmat Eka/Peta-Interaktif/vendor/laravel/framework/src/Illuminate/Support/helpers.php(393): Illuminate/Encryption/EncryptionServiceProvider->Illuminate/Encryption/{closure}('')
#1 C:/Users/Rahmat Eka/Peta-Interaktif/vendor/laravel/framework/src/Illuminate/Encryption/EncryptionServiceProvider.php(81): tap('', Object(Closure))
#2 C:/Users/Rahmat Eka/Peta-Interaktif/vendor/laravel/framework/src/Illuminate/Encryption/EncryptionServiceProvider.php(64): Illuminate/Encryption/EncryptionServiceProvider->key(Array)
#3 C:/Users/Rahmat Eka/Peta-Interaktif/vendor/laravel/framework/src/Illuminate/Encryption/EncryptionServiceProvider.php(32): Illuminate/Encryption/EncryptionServiceProvider->parseKey(Array)
#4 C:/Users/Rahmat Eka/Peta-Interaktif/vendor/laravel/framework/src/Illuminate/Container/Container.php(1115): Illuminate/Encryption/EncryptionServiceProvider->Illuminate/Encryption/{closure}(Object(Illuminate/Foundation/Application), Array)
#5 C:/Users/Rahmat Eka/Peta-Interaktif/vendor/laravel/framework/src/Illuminate/Container/Container.php(933): Illuminate/Container/Container->build(Object(Closure))
#6 C:/Users/Rahmat Eka/Peta-Interaktif/vendor/laravel/framework/src/Illuminate/Foundation/Application.php(1078): Illuminate/Container/Container->resolve('encrypter', Array, true)
#7 C:/Users/Rahmat Eka/Peta-Interaktif/vendor/laravel/framework/src/Illuminate/Container/Container.php(864): Illuminate/Foundation/Application->resolve('encrypter', Array)
#8 C:/Users/Rahmat Eka/Peta-Interaktif/vendor/laravel/framework/src/Illuminate/Foundation/Application.php(1058): Illuminate/Container/Container->make('encrypter', Array)
#9 C:/Users/Rahmat Eka/Peta-Interaktif/vendor/laravel/framework/src/Illuminate/Container/Container.php(1336): Illuminate/Foundation/Application->make('encrypter')
#10 C:/Users/Rahmat Eka/Peta-Interaktif/vendor/laravel/framework/src/Illuminate/Container/Container.php(1237): Illuminate/Container/Container->resolveClass(Object(ReflectionParameter), 'Illuminate//Cont...')
#11 C:/Users/Rahmat Eka/Peta-Interaktif/vendor/laravel/framework/src/Illuminate/Container/Container.php(1162): Illuminate/Container/Container->resolveDependencies(Array)
#12 C:/Users/Rahmat Eka/Peta-Interaktif/vendor/laravel/framework/src/Illuminate/Container/Container.php(933): Illuminate/Container/Container->build('Illuminate//Cook...')
#13 C:/Users/Rahmat Eka/Peta-Interaktif/vendor/laravel/framework/src/Illuminate/Foundation/Application.php(1078): Illuminate/Container/Container->resolve('Illuminate//Cook...', Array, true)
#14 C:/Users/Rahmat Eka/Peta-Interaktif/vendor/laravel/framework/src/Illuminate/Container/Container.php(864): Illuminate/Foundation/Application->resolve('Illuminate//Cook...', Array)
#15 C:/Users/Rahmat Eka/Peta-Interaktif/vendor/laravel/framework/src/Illuminate/Foundation/Application.php(1058): Illuminate/Container/Container->make('Illuminate//Cook...', Array)
#16 C:/Users/Rahmat Eka/Peta-Interaktif/vendor/laravel/framework/src/Illuminate/Pipeline/Pipeline.php(208): Illuminate/Foundation/Application->make('Illuminate//Cook...')
#17 C:/Users/Rahmat Eka/Peta-Interaktif/vendor/laravel/framework/src/Illuminate/Pipeline/Pipeline.php(137): Illuminate/Pipeline/Pipeline->Illuminate/Pipeline/{closure}(Object(Illuminate/Http/Request))
#18 C:/Users/Rahmat Eka/Peta-Interaktif/vendor/laravel/framework/src/Illuminate/Routing/Router.php(821): Illuminate/Pipeline/Pipeline->then(Object(Closure))
#19 C:/Users/Rahmat Eka/Peta-Interaktif/vendor/laravel/framework/src/Illuminate/Routing/Router.php(800): Illuminate/Routing/Router->runRouteWithinStack(Object(Illuminate/Routing/Route), Object(Illuminate/Http/Request))
#20 C:/Users/Rahmat Eka/Peta-Interaktif/vendor/laravel/framework/src/Illuminate/Routing/Router.php(764): Illuminate/Routing/Router->runRoute(Object(Illuminate/Http/Request), Object(Illuminate/Routing/Route))
#21 C:/Users/Rahmat Eka/Peta-Interaktif/vendor/laravel/framework/src/Illuminate/Routing/Router.php(753): Illuminate/Routing/Router->dispatchToRoute(Object(Illuminate/Http/Request))
#22 C:/Users/Rahmat Eka/Peta-Interaktif/vendor/laravel/framework/src/Illuminate/Foundation/Http/Kernel.php(200): Illuminate/Routing/Router->dispatch(Object(Illuminate/Http/Request))
#23 C:/Users/Rahmat Eka/Peta-Interaktif/vendor/laravel/framework/src/Illuminate/Pipeline/Pipeline.php(180): Illuminate/Foundation/Http/Kernel->Illuminate/Foundation/Http/{closure}(Object(Illuminate/Http/Request))
#24 C:/Users/Rahmat Eka/Peta-Interaktif/vendor/laravel/framework/src/Illuminate/Foundation/Http/Middleware/TransformsRequest.php(21): Illuminate/Pipeline/Pipeline->Illuminate/Pipeline/{closure}(Object(Illuminate/Http/Request))
#25 C:/Users/Rahmat Eka/Peta-Interaktif/vendor/laravel/framework/src/Illuminate/Foundation/Http/Middleware/ConvertEmptyStringsToNull.php(31): Illuminate/Foundation/Http/Middleware/TransformsRequest->handle(Object(Illuminate/Http/Request), Object(Closure))
#26 C:/Users/Rahmat Eka/Peta-Interaktif/vendor/laravel/framework/src/Illuminate/Pipeline/Pipeline.php(219): Illuminate/Foundation/Http/Middleware/ConvertEmptyStringsToNull->handle(Object(Illuminate/Http/Request), Object(Closure))
#27 C:/Users/Rahmat Eka/Peta-Interaktif/vendor/laravel/framework/src/Illuminate/Foundation/Http/Middleware/TransformsRequest.php(21): Illuminate/Pipeline/Pipeline->Illuminate/Pipeline/{closure}(Object(Illuminate/Http/Request))
#28 C:/Users/Rahmat Eka/Peta-Interaktif/vendor/laravel/framework/src/Illuminate/Foundation/Http/Middleware/TrimStrings.php(51): Illuminate/Foundation/Http/Middleware/TransformsRequest->handle(Object(Illuminate/Http/Request), Object(Closure))
#29 C:/Users/Rahmat Eka/Peta-Interaktif/vendor/laravel/framework/src/Illuminate/Pipeline/Pipeline.php(219): Illuminate/Foundation/Http/Middleware/TrimStrings->handle(Object(Illuminate/Http/Request), Object(Closure))
#30 C:/Users/Rahmat Eka/Peta-Interaktif/vendor/laravel/framework/src/Illuminate/Http/Middleware/ValidatePostSize.php(27): Illuminate/Pipeline/Pipeline->Illuminate/Pipeline/{closure}(Object(Illuminate/Http/Request))
#31 C:/Users/Rahmat Eka/Peta-Interaktif/vendor/laravel/framework/src/Illuminate/Pipeline/Pipeline.php(219): Illuminate/Http/Middleware/ValidatePostSize->handle(Object(Illuminate/Http/Request), Object(Closure))
#32 C:/Users/Rahmat Eka/Peta-Interaktif/vendor/laravel/framework/src/Illuminate/Foundation/Http/Middleware/PreventRequestsDuringMaintenance.php(109): Illuminate/Pipeline/Pipeline->Illuminate/Pipeline/{closure}(Object(Illuminate/Http/Request))
#33 C:/Users/Rahmat Eka/Peta-Interaktif/vendor/laravel/framework/src/Illuminate/Pipeline/Pipeline.php(219): Illuminate/Foundation/Http/Middleware/PreventRequestsDuringMaintenance->handle(Object(Illuminate/Http/Request), Object(Closure))
#34 C:/Users/Rahmat Eka/Peta-Interaktif/vendor/laravel/framework/src/Illuminate/Http/Middleware/HandleCors.php(61): Illuminate/Pipeline/Pipeline->Illuminate/Pipeline/{closure}(Object(Illuminate/Http/Request))
#35 C:/Users/Rahmat Eka/Peta-Interaktif/vendor/laravel/framework/src/Illuminate/Pipeline/Pipeline.php(219): Illuminate/Http/Middleware/HandleCors->handle(Object(Illuminate/Http/Request), Object(Closure))
#36 C:/Users/Rahmat Eka/Peta-Interaktif/vendor/laravel/framework/src/Illuminate/Http/Middleware/TrustProxies.php(58): Illuminate/Pipeline/Pipeline->Illuminate/Pipeline/{closure}(Object(Illuminate/Http/Request))
#37 C:/Users/Rahmat Eka/Peta-Interaktif/vendor/laravel/framework/src/Illuminate/Pipeline/Pipeline.php(219): Illuminate/Http/Middleware/TrustProxies->handle(Object(Illuminate/Http/Request), Object(Closure))
#38 C:/Users/Rahmat Eka/Peta-Interaktif/vendor/laravel/framework/src/Illuminate/Foundation/Http/Middleware/InvokeDeferredCallbacks.php(22): Illuminate/Pipeline/Pipeline->Illuminate/Pipeline/{closure}(Object(Illuminate/Http/Request))
#39 C:/Users/Rahmat Eka/Peta-Interaktif/vendor/laravel/framework/src/Illuminate/Pipeline/Pipeline.php(219): Illuminate/Foundation/Http/Middleware/InvokeDeferredCallbacks->handle(Object(Illuminate/Http/Request), Object(Closure))
#40 C:/Users/Rahmat Eka/Peta-Interaktif/vendor/laravel/framework/src/Illuminate/Http/Middleware/ValidatePathEncoding.php(26): Illuminate/Pipeline/Pipeline->Illuminate/Pipeline/{closure}(Object(Illuminate/Http/Request))
#41 C:/Users/Rahmat Eka/Peta-Interaktif/vendor/laravel/framework/src/Illuminate/Pipeline/Pipeline.php(219): Illuminate/Http/Middleware/ValidatePathEncoding->handle(Object(Illuminate/Http/Request), Object(Closure))
#42 C:/Users/Rahmat Eka/Peta-Interaktif/vendor/laravel/framework/src/Illuminate/Pipeline/Pipeline.php(137): Illuminate/Pipeline/Pipeline->Illuminate/Pipeline/{closure}(Object(Illuminate/Http/Request))
#43 C:/Users/Rahmat Eka/Peta-Interaktif/vendor/laravel/framework/src/Illuminate/Foundation/Http/Kernel.php(175): Illuminate/Pipeline/Pipeline->then(Object(Closure))
#44 C:/Users/Rahmat Eka/Peta-Interaktif/vendor/laravel/framework/src/Illuminate/Foundation/Http/Kernel.php(144): Illuminate/Foundation/Http/Kernel->sendRequestThroughRouter(Object(Illuminate/Http/Request))
#45 C:/Users/Rahmat Eka/Peta-Interaktif/vendor/laravel/framework/src/Illuminate/Foundation/Application.php(1220): Illuminate/Foundation/Http/Kernel->handle(Object(Illuminate/Http/Request))
#46 C:/Users/Rahmat Eka/Peta-Interaktif/public/index.php(18): Illuminate/Foundation/Application->handleRequest(Object(Illuminate/Http/Request))
#47 C:/Users/Rahmat Eka/Peta-Interaktif/vendor/laravel/framework/src/Illuminate/Foundation/resources/server.php(23): require_once('C://Users//Rahmat...')
#48 {main}
"} 
[2026-06-15 09:02:25] local.ERROR: No application encryption key has been specified. {"exception":"[object] (Illuminate\\Encryption\\MissingAppKeyException(code: 0): No application encryption key has been specified. at C:/Users/Rahmat Eka/Peta-Interaktif/vendor/laravel/framework/src/Illuminate/Encryption/EncryptionServiceProvider.php:83)
[stacktrace]
#0 C:/Users/Rahmat Eka/Peta-Interaktif/vendor/laravel/framework/src/Illuminate/Support/helpers.php(393): Illuminate/Encryption/EncryptionServiceProvider->Illuminate/Encryption/{closure}('')
#1 C:/Users/Rahmat Eka/Peta-Interaktif/vendor/laravel/framework/src/Illuminate/Encryption/EncryptionServiceProvider.php(81): tap('', Object(Closure))
#2 C:/Users/Rahmat Eka/Peta-Interaktif/vendor/laravel/framework/src/Illuminate/Encryption/EncryptionServiceProvider.php(64): Illuminate/Encryption/EncryptionServiceProvider->key(Array)
#3 C:/Users/Rahmat Eka/Peta-Interaktif/vendor/laravel/framework/src/Illuminate/Encryption/EncryptionServiceProvider.php(32): Illuminate/Encryption/EncryptionServiceProvider->parseKey(Array)
#4 C:/Users/Rahmat Eka/Peta-Interaktif/vendor/laravel/framework/src/Illuminate/Container/Container.php(1115): Illuminate/Encryption/EncryptionServiceProvider->Illuminate/Encryption/{closure}(Object(Illuminate/Foundation/Application), Array)
#5 C:/Users/Rahmat Eka/Peta-Interaktif/vendor/laravel/framework/src/Illuminate/Container/Container.php(933): Illuminate/Container/Container->build(Object(Closure))
#6 C:/Users/Rahmat Eka/Peta-Interaktif/vendor/laravel/framework/src/Illuminate/Foundation/Application.php(1078): Illuminate/Container/Container->resolve('encrypter', Array, true)
#7 C:/Users/Rahmat Eka/Peta-Interaktif/vendor/laravel/framework/src/Illuminate/Container/Container.php(864): Illuminate/Foundation/Application->resolve('encrypter', Array)
#8 C:/Users/Rahmat Eka/Peta-Interaktif/vendor/laravel/framework/src/Illuminate/Foundation/Application.php(1058): Illuminate/Container/Container->make('encrypter', Array)
#9 C:/Users/Rahmat Eka/Peta-Interaktif/vendor/laravel/framework/src/Illuminate/Container/Container.php(1336): Illuminate/Foundation/Application->make('encrypter')
#10 C:/Users/Rahmat Eka/Peta-Interaktif/vendor/laravel/framework/src/Illuminate/Container/Container.php(1237): Illuminate/Container/Container->resolveClass(Object(ReflectionParameter), 'Illuminate//Cont...')
#11 C:/Users/Rahmat Eka/Peta-Interaktif/vendor/laravel/framework/src/Illuminate/Container/Container.php(1162): Illuminate/Container/Container->resolveDependencies(Array)
#12 C:/Users/Rahmat Eka/Peta-Interaktif/vendor/laravel/framework/src/Illuminate/Container/Container.php(933): Illuminate/Container/Container->build('Illuminate//Cook...')
#13 C:/Users/Rahmat Eka/Peta-Interaktif/vendor/laravel/framework/src/Illuminate/Foundation/Application.php(1078): Illuminate/Container/Container->resolve('Illuminate//Cook...', Array, true)
#14 C:/Users/Rahmat Eka/Peta-Interaktif/vendor/laravel/framework/src/Illuminate/Container/Container.php(864): Illuminate/Foundation/Application->resolve('Illuminate//Cook...', Array)
#15 C:/Users/Rahmat Eka/Peta-Interaktif/vendor/laravel/framework/src/Illuminate/Foundation/Application.php(1058): Illuminate/Container/Container->make('Illuminate//Cook...', Array)
#16 C:/Users/Rahmat Eka/Peta-Interaktif/vendor/laravel/framework/src/Illuminate/Foundation/Http/Kernel.php(257): Illuminate/Foundation/Application->make('Illuminate//Cook...')
#17 C:/Users/Rahmat Eka/Peta-Interaktif/vendor/laravel/framework/src/Illuminate/Foundation/Http/Kernel.php(215): Illuminate/Foundation/Http/Kernel->terminateMiddleware(Object(Illuminate/Http/Request), Object(Illuminate/Http/Response))
#18 C:/Users/Rahmat Eka/Peta-Interaktif/vendor/laravel/framework/src/Illuminate/Foundation/Application.php(1222): Illuminate/Foundation/Http/Kernel->terminate(Object(Illuminate/Http/Request), Object(Illuminate/Http/Response))
#19 C:/Users/Rahmat Eka/Peta-Interaktif/public/index.php(18): Illuminate/Foundation/Application->handleRequest(Object(Illuminate/Http/Request))
#20 C:/Users/Rahmat Eka/Peta-Interaktif/vendor/laravel/framework/src/Illuminate/Foundation/resources/server.php(23): require_once('C://Users//Rahmat...')
#21 {main}
"} 
[2026-06-15 09:02:26] laravel.EMERGENCY: Unable to create configured logger. Using emergency logger. {"exception":"[object] (InvalidArgumentException(code: 0): NullHandler must be an instance of Monolog\\Handler\\HandlerInterface at C:/Users/Rahmat Eka/Peta-Interaktif/vendor/laravel/framework/src/Illuminate/Log/LogManager.php:398)
[stacktrace]
#0 C:/Users/Rahmat Eka/Peta-Interaktif/vendor/laravel/framework/src/Illuminate/Log/LogManager.php(232): Illuminate/Log/LogManager->createMonologDriver(Array)
#1 C:/Users/Rahmat Eka/Peta-Interaktif/vendor/laravel/framework/src/Illuminate/Log/LogManager.php(138): Illuminate/Log/LogManager->resolve('deprecations', Array)
#2 C:/Users/Rahmat Eka/Peta-Interaktif/vendor/laravel/framework/src/Illuminate/Log/LogManager.php(125): Illuminate/Log/LogManager->get('deprecations')
#3 C:/Users/Rahmat Eka/Peta-Interaktif/vendor/laravel/framework/src/Illuminate/Log/LogManager.php(114): Illuminate/Log/LogManager->driver('deprecations')
#4 C:/Users/Rahmat Eka/Peta-Interaktif/vendor/laravel/framework/src/Illuminate/Foundation/Bootstrap/HandleExceptions.php(109): Illuminate/Log/LogManager->channel('deprecations')
#5 C:/Users/Rahmat Eka/Peta-Interaktif/vendor/laravel/framework/src/Illuminate/Foundation/Bootstrap/HandleExceptions.php(74): Illuminate/Foundation/Bootstrap/HandleExceptions->handleDeprecationError('Since symfony/h...', 'C://Users//Rahmat...', 25, 16384)
#6 C:/Users/Rahmat Eka/Peta-Interaktif/vendor/laravel/framework/src/Illuminate/Foundation/Bootstrap/HandleExceptions.php(262): Illuminate/Foundation/Bootstrap/HandleExceptions->handleError(16384, 'Since symfony/h...', 'C://Users//Rahmat...', 25)
#7 [internal function]: Illuminate/Foundation/Bootstrap/HandleExceptions->Illuminate/Foundation/Bootstrap/{closure}(16384, 'Since symfony/h...', 'C://Users//Rahmat...', 25)
#8 C:/Users/Rahmat Eka/Peta-Interaktif/vendor/symfony/deprecation-contracts/function.php(25): trigger_error('Since symfony/h...', 16384)
#9 C:/Users/Rahmat Eka/Peta-Interaktif/vendor/symfony/http-foundation/Response.php(322): trigger_deprecation('symfony/http-fo...', '7.4', 'Trying to use \"...', 'Illuminate//Http...')
#10 C:/Users/Rahmat Eka/Peta-Interaktif/vendor/symfony/http-foundation/Response.php(402): Symfony/Component/HttpFoundation/Response->sendHeaders()
#11 C:/Users/Rahmat Eka/Peta-Interaktif/vendor/laravel/framework/src/Illuminate/Foundation/Bootstrap/HandleExceptions.php(225): Symfony/Component/HttpFoundation/Response->send()
#12 C:/Users/Rahmat Eka/Peta-Interaktif/vendor/laravel/framework/src/Illuminate/Foundation/Bootstrap/HandleExceptions.php(202): Illuminate/Foundation/Bootstrap/HandleExceptions->renderHttpResponse(Object(Illuminate/Encryption/MissingAppKeyException))
#13 C:/Users/Rahmat Eka/Peta-Interaktif/vendor/laravel/framework/src/Illuminate/Foundation/Bootstrap/HandleExceptions.php(262): Illuminate/Foundation/Bootstrap/HandleExceptions->handleException(Object(Illuminate/Encryption/MissingAppKeyException))
#14 [internal function]: Illuminate/Foundation/Bootstrap/HandleExceptions->Illuminate/Foundation/Bootstrap/{closure}(Object(Illuminate/Encryption/MissingAppKeyException))
#15 {main}
"} 
[2026-06-15 09:02:26] laravel.WARNING: Since symfony/http-foundation 7.4: Trying to use "Illuminate\Http\Response::sendHeaders()" after headers have already been sent is deprecated and will throw a PHP warning in 8.0. Use a "StreamedResponse" instead. in C:\Users\Rahmat Eka\Peta-Interaktif\vendor\symfony\deprecation-contracts\function.php on line 25  
[2026-06-15 09:04:07] local.ERROR: SQLSTATE[42S02]: Base table or view not found: 1146 Table 'irigasisidoarjo.sessions' doesn't exist (Connection: mysql, Host: 127.0.0.1, Port: 3306, Database: irigasisidoarjo, SQL: select * from `sessions` where `id` = hq2prMGoRuLMotiPm3lx2HbUqe1QU5GtCYBNd80L limit 1) {"exception":"[object] (Illuminate\\Database\\QueryException(code: 42S02): SQLSTATE[42S02]: Base table or view not found: 1146 Table 'irigasisidoarjo.sessions' doesn't exist (Connection: mysql, Host: 127.0.0.1, Port: 3306, Database: irigasisidoarjo, SQL: select * from `sessions` where `id` = hq2prMGoRuLMotiPm3lx2HbUqe1QU5GtCYBNd80L limit 1) at C:/Users/Rahmat Eka/Peta-Interaktif/vendor/laravel/framework/src/Illuminate/Database/Connection.php:838)
[stacktrace]
#0 C:/Users/Rahmat Eka/Peta-Interaktif/vendor/laravel/framework/src/Illuminate/Database/Connection.php(794): Illuminate/Database/Connection->runQueryCallback('select * from `...', Array, Object(Closure))
#1 C:/Users/Rahmat Eka/Peta-Interaktif/vendor/laravel/framework/src/Illuminate/Database/Connection.php(411): Illuminate/Database/Connection->run('select * from `...', Array, Object(Closure))
#2 C:/Users/Rahmat Eka/Peta-Interaktif/vendor/laravel/framework/src/Illuminate/Database/Query/Builder.php(3505): Illuminate/Database/Connection->select('select * from `...', Array, false)
#3 C:/Users/Rahmat Eka/Peta-Interaktif/vendor/laravel/framework/src/Illuminate/Database/Query/Builder.php(3490): Illuminate/Database/Query/Builder->runSelect()
#4 C:/Users/Rahmat Eka/Peta-Interaktif/vendor/laravel/framework/src/Illuminate/Database/Query/Builder.php(4080): Illuminate/Database/Query/Builder->Illuminate/Database/Query/{closure}()
#5 C:/Users/Rahmat Eka/Peta-Interaktif/vendor/laravel/framework/src/Illuminate/Database/Query/Builder.php(3489): Illuminate/Database/Query/Builder->onceWithColumns(Array, Object(Closure))
#6 C:/Users/Rahmat Eka/Peta-Interaktif/vendor/laravel/framework/src/Illuminate/Database/Concerns/BuildsQueries.php(366): Illuminate/Database/Query/Builder->get(Array)
#7 C:/Users/Rahmat Eka/Peta-Interaktif/vendor/laravel/framework/src/Illuminate/Database/Query/Builder.php(3412): Illuminate/Database/Query/Builder->first(Array)
#8 C:/Users/Rahmat Eka/Peta-Interaktif/vendor/laravel/framework/src/Illuminate/Session/DatabaseSessionHandler.php(96): Illuminate/Database/Query/Builder->find('hq2prMGoRuLMoti...')
#9 C:/Users/Rahmat Eka/Peta-Interaktif/vendor/laravel/framework/src/Illuminate/Session/Store.php(128): Illuminate/Session/DatabaseSessionHandler->read('hq2prMGoRuLMoti...')
#10 C:/Users/Rahmat Eka/Peta-Interaktif/vendor/laravel/framework/src/Illuminate/Session/Store.php(116): Illuminate/Session/Store->readFromHandler()
#11 C:/Users/Rahmat Eka/Peta-Interaktif/vendor/laravel/framework/src/Illuminate/Session/Store.php(100): Illuminate/Session/Store->loadSession()
#12 C:/Users/Rahmat Eka/Peta-Interaktif/vendor/laravel/framework/src/Illuminate/Session/Middleware/StartSession.php(146): Illuminate/Session/Store->start()
#13 C:/Users/Rahmat Eka/Peta-Interaktif/vendor/laravel/framework/src/Illuminate/Support/helpers.php(393): Illuminate/Session/Middleware/StartSession->Illuminate/Session/Middleware/{closure}(Object(Illuminate/Session/Store))
#14 C:/Users/Rahmat Eka/Peta-Interaktif/vendor/laravel/framework/src/Illuminate/Session/Middleware/StartSession.php(143): tap(Object(Illuminate/Session/Store), Object(Closure))
#15 C:/Users/Rahmat Eka/Peta-Interaktif/vendor/laravel/framework/src/Illuminate/Session/Middleware/StartSession.php(115): Illuminate/Session/Middleware/StartSession->startSession(Object(Illuminate/Http/Request), Object(Illuminate/Session/Store))
#16 C:/Users/Rahmat Eka/Peta-Interaktif/vendor/laravel/framework/src/Illuminate/Session/Middleware/StartSession.php(63): Illuminate/Session/Middleware/StartSession->handleStatefulRequest(Object(Illuminate/Http/Request), Object(Illuminate/Session/Store), Object(Closure))
#17 C:/Users/Rahmat Eka/Peta-Interaktif/vendor/laravel/framework/src/Illuminate/Pipeline/Pipeline.php(219): Illuminate/Session/Middleware/StartSession->handle(Object(Illuminate/Http/Request), Object(Closure))
#18 C:/Users/Rahmat Eka/Peta-Interaktif/vendor/laravel/framework/src/Illuminate/Cookie/Middleware/AddQueuedCookiesToResponse.php(36): Illuminate/Pipeline/Pipeline->Illuminate/Pipeline/{closure}(Object(Illuminate/Http/Request))
#19 C:/Users/Rahmat Eka/Peta-Interaktif/vendor/laravel/framework/src/Illuminate/Pipeline/Pipeline.php(219): Illuminate/Cookie/Middleware/AddQueuedCookiesToResponse->handle(Object(Illuminate/Http/Request), Object(Closure))
#20 C:/Users/Rahmat Eka/Peta-Interaktif/vendor/laravel/framework/src/Illuminate/Cookie/Middleware/EncryptCookies.php(74): Illuminate/Pipeline/Pipeline->Illuminate/Pipeline/{closure}(Object(Illuminate/Http/Request))
#21 C:/Users/Rahmat Eka/Peta-Interaktif/vendor/laravel/framework/src/Illuminate/Pipeline/Pipeline.php(219): Illuminate/Cookie/Middleware/EncryptCookies->handle(Object(Illuminate/Http/Request), Object(Closure))
#22 C:/Users/Rahmat Eka/Peta-Interaktif/vendor/laravel/framework/src/Illuminate/Pipeline/Pipeline.php(137): Illuminate/Pipeline/Pipeline->Illuminate/Pipeline/{closure}(Object(Illuminate/Http/Request))
#23 C:/Users/Rahmat Eka/Peta-Interaktif/vendor/laravel/framework/src/Illuminate/Routing/Router.php(821): Illuminate/Pipeline/Pipeline->then(Object(Closure))
#24 C:/Users/Rahmat Eka/Peta-Interaktif/vendor/laravel/framework/src/Illuminate/Routing/Router.php(800): Illuminate/Routing/Router->runRouteWithinStack(Object(Illuminate/Routing/Route), Object(Illuminate/Http/Request))
#25 C:/Users/Rahmat Eka/Peta-Interaktif/vendor/laravel/framework/src/Illuminate/Routing/Router.php(764): Illuminate/Routing/Router->runRoute(Object(Illuminate/Http/Request), Object(Illuminate/Routing/Route))
#26 C:/Users/Rahmat Eka/Peta-Interaktif/vendor/laravel/framework/src/Illuminate/Routing/Router.php(753): Illuminate/Routing/Router->dispatchToRoute(Object(Illuminate/Http/Request))
#27 C:/Users/Rahmat Eka/Peta-Interaktif/vendor/laravel/framework/src/Illuminate/Foundation/Http/Kernel.php(200): Illuminate/Routing/Router->dispatch(Object(Illuminate/Http/Request))
#28 C:/Users/Rahmat Eka/Peta-Interaktif/vendor/laravel/framework/src/Illuminate/Pipeline/Pipeline.php(180): Illuminate/Foundation/Http/Kernel->Illuminate/Foundation/Http/{closure}(Object(Illuminate/Http/Request))
#29 C:/Users/Rahmat Eka/Peta-Interaktif/vendor/laravel/framework/src/Illuminate/Foundation/Http/Middleware/TransformsRequest.php(21): Illuminate/Pipeline/Pipeline->Illuminate/Pipeline/{closure}(Object(Illuminate/Http/Request))
#30 C:/Users/Rahmat Eka/Peta-Interaktif/vendor/laravel/framework/src/Illuminate/Foundation/Http/Middleware/ConvertEmptyStringsToNull.php(31): Illuminate/Foundation/Http/Middleware/TransformsRequest->handle(Object(Illuminate/Http/Request), Object(Closure))
#31 C:/Users/Rahmat Eka/Peta-Interaktif/vendor/laravel/framework/src/Illuminate/Pipeline/Pipeline.php(219): Illuminate/Foundation/Http/Middleware/ConvertEmptyStringsToNull->handle(Object(Illuminate/Http/Request), Object(Closure))
#32 C:/Users/Rahmat Eka/Peta-Interaktif/vendor/laravel/framework/src/Illuminate/Foundation/Http/Middleware/TransformsRequest.php(21): Illuminate/Pipeline/Pipeline->Illuminate/Pipeline/{closure}(Object(Illuminate/Http/Request))
#33 C:/Users/Rahmat Eka/Peta-Interaktif/vendor/laravel/framework/src/Illuminate/Foundation/Http/Middleware/TrimStrings.php(51): Illuminate/Foundation/Http/Middleware/TransformsRequest->handle(Object(Illuminate/Http/Request), Object(Closure))
#34 C:/Users/Rahmat Eka/Peta-Interaktif/vendor/laravel/framework/src/Illuminate/Pipeline/Pipeline.php(219): Illuminate/Foundation/Http/Middleware/TrimStrings->handle(Object(Illuminate/Http/Request), Object(Closure))
#35 C:/Users/Rahmat Eka/Peta-Interaktif/vendor/laravel/framework/src/Illuminate/Http/Middleware/ValidatePostSize.php(27): Illuminate/Pipeline/Pipeline->Illuminate/Pipeline/{closure}(Object(Illuminate/Http/Request))
#36 C:/Users/Rahmat Eka/Peta-Interaktif/vendor/laravel/framework/src/Illuminate/Pipeline/Pipeline.php(219): Illuminate/Http/Middleware/ValidatePostSize->handle(Object(Illuminate/Http/Request), Object(Closure))
#37 C:/Users/Rahmat Eka/Peta-Interaktif/vendor/laravel/framework/src/Illuminate/Foundation/Http/Middleware/PreventRequestsDuringMaintenance.php(109): Illuminate/Pipeline/Pipeline->Illuminate/Pipeline/{closure}(Object(Illuminate/Http/Request))
#38 C:/Users/Rahmat Eka/Peta-Interaktif/vendor/laravel/framework/src/Illuminate/Pipeline/Pipeline.php(219): Illuminate/Foundation/Http/Middleware/PreventRequestsDuringMaintenance->handle(Object(Illuminate/Http/Request), Object(Closure))
#39 C:/Users/Rahmat Eka/Peta-Interaktif/vendor/laravel/framework/src/Illuminate/Http/Middleware/HandleCors.php(61): Illuminate/Pipeline/Pipeline->Illuminate/Pipeline/{closure}(Object(Illuminate/Http/Request))
#40 C:/Users/Rahmat Eka/Peta-Interaktif/vendor/laravel/framework/src/Illuminate/Pipeline/Pipeline.php(219): Illuminate/Http/Middleware/HandleCors->handle(Object(Illuminate/Http/Request), Object(Closure))
#41 C:/Users/Rahmat Eka/Peta-Interaktif/vendor/laravel/framework/src/Illuminate/Http/Middleware/TrustProxies.php(58): Illuminate/Pipeline/Pipeline->Illuminate/Pipeline/{closure}(Object(Illuminate/Http/Request))
#42 C:/Users/Rahmat Eka/Peta-Interaktif/vendor/laravel/framework/src/Illuminate/Pipeline/Pipeline.php(219): Illuminate/Http/Middleware/TrustProxies->handle(Object(Illuminate/Http/Request), Object(Closure))
#43 C:/Users/Rahmat Eka/Peta-Interaktif/vendor/laravel/framework/src/Illuminate/Foundation/Http/Middleware/InvokeDeferredCallbacks.php(22): Illuminate/Pipeline/Pipeline->Illuminate/Pipeline/{closure}(Object(Illuminate/Http/Request))
#44 C:/Users/Rahmat Eka/Peta-Interaktif/vendor/laravel/framework/src/Illuminate/Pipeline/Pipeline.php(219): Illuminate/Foundation/Http/Middleware/InvokeDeferredCallbacks->handle(Object(Illuminate/Http/Request), Object(Closure))
#45 C:/Users/Rahmat Eka/Peta-Interaktif/vendor/laravel/framework/src/Illuminate/Http/Middleware/ValidatePathEncoding.php(26): Illuminate/Pipeline/Pipeline->Illuminate/Pipeline/{closure}(Object(Illuminate/Http/Request))
#46 C:/Users/Rahmat Eka/Peta-Interaktif/vendor/laravel/framework/src/Illuminate/Pipeline/Pipeline.php(219): Illuminate/Http/Middleware/ValidatePathEncoding->handle(Object(Illuminate/Http/Request), Object(Closure))
#47 C:/Users/Rahmat Eka/Peta-Interaktif/vendor/laravel/framework/src/Illuminate/Pipeline/Pipeline.php(137): Illuminate/Pipeline/Pipeline->Illuminate/Pipeline/{closure}(Object(Illuminate/Http/Request))
#48 C:/Users/Rahmat Eka/Peta-Interaktif/vendor/laravel/framework/src/Illuminate/Foundation/Http/Kernel.php(175): Illuminate/Pipeline/Pipeline->then(Object(Closure))
#49 C:/Users/Rahmat Eka/Peta-Interaktif/vendor/laravel/framework/src/Illuminate/Foundation/Http/Kernel.php(144): Illuminate/Foundation/Http/Kernel->sendRequestThroughRouter(Object(Illuminate/Http/Request))
#50 C:/Users/Rahmat Eka/Peta-Interaktif/vendor/laravel/framework/src/Illuminate/Foundation/Application.php(1220): Illuminate/Foundation/Http/Kernel->handle(Object(Illuminate/Http/Request))
#51 C:/Users/Rahmat Eka/Peta-Interaktif/public/index.php(18): Illuminate/Foundation/Application->handleRequest(Object(Illuminate/Http/Request))
#52 C:/Users/Rahmat Eka/Peta-Interaktif/vendor/laravel/framework/src/Illuminate/Foundation/resources/server.php(23): require_once('C://Users//Rahmat...')
#53 {main}

[previous exception] [object] (PDOException(code: 42S02): SQLSTATE[42S02]: Base table or view not found: 1146 Table 'irigasisidoarjo.sessions' doesn't exist at C:/Users/Rahmat Eka/Peta-Interaktif/vendor/laravel/framework/src/Illuminate/Database/Connection.php:420)
[stacktrace]
#0 C:/Users/Rahmat Eka/Peta-Interaktif/vendor/laravel/framework/src/Illuminate/Database/Connection.php(420): PDO->prepare('select * from `...')
#1 C:/Users/Rahmat Eka/Peta-Interaktif/vendor/laravel/framework/src/Illuminate/Database/Connection.php(827): Illuminate/Database/Connection->Illuminate/Database/{closure}('select * from `...', Array)
#2 C:/Users/Rahmat Eka/Peta-Interaktif/vendor/laravel/framework/src/Illuminate/Database/Connection.php(794): Illuminate/Database/Connection->runQueryCallback('select * from `...', Array, Object(Closure))
#3 C:/Users/Rahmat Eka/Peta-Interaktif/vendor/laravel/framework/src/Illuminate/Database/Connection.php(411): Illuminate/Database/Connection->run('select * from `...', Array, Object(Closure))
#4 C:/Users/Rahmat Eka/Peta-Interaktif/vendor/laravel/framework/src/Illuminate/Database/Query/Builder.php(3505): Illuminate/Database/Connection->select('select * from `...', Array, false)
#5 C:/Users/Rahmat Eka/Peta-Interaktif/vendor/laravel/framework/src/Illuminate/Database/Query/Builder.php(3490): Illuminate/Database/Query/Builder->runSelect()
#6 C:/Users/Rahmat Eka/Peta-Interaktif/vendor/laravel/framework/src/Illuminate/Database/Query/Builder.php(4080): Illuminate/Database/Query/Builder->Illuminate/Database/Query/{closure}()
#7 C:/Users/Rahmat Eka/Peta-Interaktif/vendor/laravel/framework/src/Illuminate/Database/Query/Builder.php(3489): Illuminate/Database/Query/Builder->onceWithColumns(Array, Object(Closure))
#8 C:/Users/Rahmat Eka/Peta-Interaktif/vendor/laravel/framework/src/Illuminate/Database/Concerns/BuildsQueries.php(366): Illuminate/Database/Query/Builder->get(Array)
#9 C:/Users/Rahmat Eka/Peta-Interaktif/vendor/laravel/framework/src/Illuminate/Database/Query/Builder.php(3412): Illuminate/Database/Query/Builder->first(Array)
#10 C:/Users/Rahmat Eka/Peta-Interaktif/vendor/laravel/framework/src/Illuminate/Session/DatabaseSessionHandler.php(96): Illuminate/Database/Query/Builder->find('hq2prMGoRuLMoti...')
#11 C:/Users/Rahmat Eka/Peta-Interaktif/vendor/laravel/framework/src/Illuminate/Session/Store.php(128): Illuminate/Session/DatabaseSessionHandler->read('hq2prMGoRuLMoti...')
#12 C:/Users/Rahmat Eka/Peta-Interaktif/vendor/laravel/framework/src/Illuminate/Session/Store.php(116): Illuminate/Session/Store->readFromHandler()
#13 C:/Users/Rahmat Eka/Peta-Interaktif/vendor/laravel/framework/src/Illuminate/Session/Store.php(100): Illuminate/Session/Store->loadSession()
#14 C:/Users/Rahmat Eka/Peta-Interaktif/vendor/laravel/framework/src/Illuminate/Session/Middleware/StartSession.php(146): Illuminate/Session/Store->start()
#15 C:/Users/Rahmat Eka/Peta-Interaktif/vendor/laravel/framework/src/Illuminate/Support/helpers.php(393): Illuminate/Session/Middleware/StartSession->Illuminate/Session/Middleware/{closure}(Object(Illuminate/Session/Store))
#16 C:/Users/Rahmat Eka/Peta-Interaktif/vendor/laravel/framework/src/Illuminate/Session/Middleware/StartSession.php(143): tap(Object(Illuminate/Session/Store), Object(Closure))
#17 C:/Users/Rahmat Eka/Peta-Interaktif/vendor/laravel/framework/src/Illuminate/Session/Middleware/StartSession.php(115): Illuminate/Session/Middleware/StartSession->startSession(Object(Illuminate/Http/Request), Object(Illuminate/Session/Store))
#18 C:/Users/Rahmat Eka/Peta-Interaktif/vendor/laravel/framework/src/Illuminate/Session/Middleware/StartSession.php(63): Illuminate/Session/Middleware/StartSession->handleStatefulRequest(Object(Illuminate/Http/Request), Object(Illuminate/Session/Store), Object(Closure))
#19 C:/Users/Rahmat Eka/Peta-Interaktif/vendor/laravel/framework/src/Illuminate/Pipeline/Pipeline.php(219): Illuminate/Session/Middleware/StartSession->handle(Object(Illuminate/Http/Request), Object(Closure))
#20 C:/Users/Rahmat Eka/Peta-Interaktif/vendor/laravel/framework/src/Illuminate/Cookie/Middleware/AddQueuedCookiesToResponse.php(36): Illuminate/Pipeline/Pipeline->Illuminate/Pipeline/{closure}(Object(Illuminate/Http/Request))
#21 C:/Users/Rahmat Eka/Peta-Interaktif/vendor/laravel/framework/src/Illuminate/Pipeline/Pipeline.php(219): Illuminate/Cookie/Middleware/AddQueuedCookiesToResponse->handle(Object(Illuminate/Http/Request), Object(Closure))
#22 C:/Users/Rahmat Eka/Peta-Interaktif/vendor/laravel/framework/src/Illuminate/Cookie/Middleware/EncryptCookies.php(74): Illuminate/Pipeline/Pipeline->Illuminate/Pipeline/{closure}(Object(Illuminate/Http/Request))
#23 C:/Users/Rahmat Eka/Peta-Interaktif/vendor/laravel/framework/src/Illuminate/Pipeline/Pipeline.php(219): Illuminate/Cookie/Middleware/EncryptCookies->handle(Object(Illuminate/Http/Request), Object(Closure))
#24 C:/Users/Rahmat Eka/Peta-Interaktif/vendor/laravel/framework/src/Illuminate/Pipeline/Pipeline.php(137): Illuminate/Pipeline/Pipeline->Illuminate/Pipeline/{closure}(Object(Illuminate/Http/Request))
#25 C:/Users/Rahmat Eka/Peta-Interaktif/vendor/laravel/framework/src/Illuminate/Routing/Router.php(821): Illuminate/Pipeline/Pipeline->then(Object(Closure))
#26 C:/Users/Rahmat Eka/Peta-Interaktif/vendor/laravel/framework/src/Illuminate/Routing/Router.php(800): Illuminate/Routing/Router->runRouteWithinStack(Object(Illuminate/Routing/Route), Object(Illuminate/Http/Request))
#27 C:/Users/Rahmat Eka/Peta-Interaktif/vendor/laravel/framework/src/Illuminate/Routing/Router.php(764): Illuminate/Routing/Router->runRoute(Object(Illuminate/Http/Request), Object(Illuminate/Routing/Route))
#28 C:/Users/Rahmat Eka/Peta-Interaktif/vendor/laravel/framework/src/Illuminate/Routing/Router.php(753): Illuminate/Routing/Router->dispatchToRoute(Object(Illuminate/Http/Request))
#29 C:/Users/Rahmat Eka/Peta-Interaktif/vendor/laravel/framework/src/Illuminate/Foundation/Http/Kernel.php(200): Illuminate/Routing/Router->dispatch(Object(Illuminate/Http/Request))
#30 C:/Users/Rahmat Eka/Peta-Interaktif/vendor/laravel/framework/src/Illuminate/Pipeline/Pipeline.php(180): Illuminate/Foundation/Http/Kernel->Illuminate/Foundation/Http/{closure}(Object(Illuminate/Http/Request))
#31 C:/Users/Rahmat Eka/Peta-Interaktif/vendor/laravel/framework/src/Illuminate/Foundation/Http/Middleware/TransformsRequest.php(21): Illuminate/Pipeline/Pipeline->Illuminate/Pipeline/{closure}(Object(Illuminate/Http/Request))
#32 C:/Users/Rahmat Eka/Peta-Interaktif/vendor/laravel/framework/src/Illuminate/Foundation/Http/Middleware/ConvertEmptyStringsToNull.php(31): Illuminate/Foundation/Http/Middleware/TransformsRequest->handle(Object(Illuminate/Http/Request), Object(Closure))
#33 C:/Users/Rahmat Eka/Peta-Interaktif/vendor/laravel/framework/src/Illuminate/Pipeline/Pipeline.php(219): Illuminate/Foundation/Http/Middleware/ConvertEmptyStringsToNull->handle(Object(Illuminate/Http/Request), Object(Closure))
#34 C:/Users/Rahmat Eka/Peta-Interaktif/vendor/laravel/framework/src/Illuminate/Foundation/Http/Middleware/TransformsRequest.php(21): Illuminate/Pipeline/Pipeline->Illuminate/Pipeline/{closure}(Object(Illuminate/Http/Request))
#35 C:/Users/Rahmat Eka/Peta-Interaktif/vendor/laravel/framework/src/Illuminate/Foundation/Http/Middleware/TrimStrings.php(51): Illuminate/Foundation/Http/Middleware/TransformsRequest->handle(Object(Illuminate/Http/Request), Object(Closure))
#36 C:/Users/Rahmat Eka/Peta-Interaktif/vendor/laravel/framework/src/Illuminate/Pipeline/Pipeline.php(219): Illuminate/Foundation/Http/Middleware/TrimStrings->handle(Object(Illuminate/Http/Request), Object(Closure))
#37 C:/Users/Rahmat Eka/Peta-Interaktif/vendor/laravel/framework/src/Illuminate/Http/Middleware/ValidatePostSize.php(27): Illuminate/Pipeline/Pipeline->Illuminate/Pipeline/{closure}(Object(Illuminate/Http/Request))
#38 C:/Users/Rahmat Eka/Peta-Interaktif/vendor/laravel/framework/src/Illuminate/Pipeline/Pipeline.php(219): Illuminate/Http/Middleware/ValidatePostSize->handle(Object(Illuminate/Http/Request), Object(Closure))
#39 C:/Users/Rahmat Eka/Peta-Interaktif/vendor/laravel/framework/src/Illuminate/Foundation/Http/Middleware/PreventRequestsDuringMaintenance.php(109): Illuminate/Pipeline/Pipeline->Illuminate/Pipeline/{closure}(Object(Illuminate/Http/Request))
#40 C:/Users/Rahmat Eka/Peta-Interaktif/vendor/laravel/framework/src/Illuminate/Pipeline/Pipeline.php(219): Illuminate/Foundation/Http/Middleware/PreventRequestsDuringMaintenance->handle(Object(Illuminate/Http/Request), Object(Closure))
#41 C:/Users/Rahmat Eka/Peta-Interaktif/vendor/laravel/framework/src/Illuminate/Http/Middleware/HandleCors.php(61): Illuminate/Pipeline/Pipeline->Illuminate/Pipeline/{closure}(Object(Illuminate/Http/Request))
#42 C:/Users/Rahmat Eka/Peta-Interaktif/vendor/laravel/framework/src/Illuminate/Pipeline/Pipeline.php(219): Illuminate/Http/Middleware/HandleCors->handle(Object(Illuminate/Http/Request), Object(Closure))
#43 C:/Users/Rahmat Eka/Peta-Interaktif/vendor/laravel/framework/src/Illuminate/Http/Middleware/TrustProxies.php(58): Illuminate/Pipeline/Pipeline->Illuminate/Pipeline/{closure}(Object(Illuminate/Http/Request))
#44 C:/Users/Rahmat Eka/Peta-Interaktif/vendor/laravel/framework/src/Illuminate/Pipeline/Pipeline.php(219): Illuminate/Http/Middleware/TrustProxies->handle(Object(Illuminate/Http/Request), Object(Closure))
#45 C:/Users/Rahmat Eka/Peta-Interaktif/vendor/laravel/framework/src/Illuminate/Foundation/Http/Middleware/InvokeDeferredCallbacks.php(22): Illuminate/Pipeline/Pipeline->Illuminate/Pipeline/{closure}(Object(Illuminate/Http/Request))
#46 C:/Users/Rahmat Eka/Peta-Interaktif/vendor/laravel/framework/src/Illuminate/Pipeline/Pipeline.php(219): Illuminate/Foundation/Http/Middleware/InvokeDeferredCallbacks->handle(Object(Illuminate/Http/Request), Object(Closure))
#47 C:/Users/Rahmat Eka/Peta-Interaktif/vendor/laravel/framework/src/Illuminate/Http/Middleware/ValidatePathEncoding.php(26): Illuminate/Pipeline/Pipeline->Illuminate/Pipeline/{closure}(Object(Illuminate/Http/Request))
#48 C:/Users/Rahmat Eka/Peta-Interaktif/vendor/laravel/framework/src/Illuminate/Pipeline/Pipeline.php(219): Illuminate/Http/Middleware/ValidatePathEncoding->handle(Object(Illuminate/Http/Request), Object(Closure))
#49 C:/Users/Rahmat Eka/Peta-Interaktif/vendor/laravel/framework/src/Illuminate/Pipeline/Pipeline.php(137): Illuminate/Pipeline/Pipeline->Illuminate/Pipeline/{closure}(Object(Illuminate/Http/Request))
#50 C:/Users/Rahmat Eka/Peta-Interaktif/vendor/laravel/framework/src/Illuminate/Foundation/Http/Kernel.php(175): Illuminate/Pipeline/Pipeline->then(Object(Closure))
#51 C:/Users/Rahmat Eka/Peta-Interaktif/vendor/laravel/framework/src/Illuminate/Foundation/Http/Kernel.php(144): Illuminate/Foundation/Http/Kernel->sendRequestThroughRouter(Object(Illuminate/Http/Request))
#52 C:/Users/Rahmat Eka/Peta-Interaktif/vendor/laravel/framework/src/Illuminate/Foundation/Application.php(1220): Illuminate/Foundation/Http/Kernel->handle(Object(Illuminate/Http/Request))
#53 C:/Users/Rahmat Eka/Peta-Interaktif/public/index.php(18): Illuminate/Foundation/Application->handleRequest(Object(Illuminate/Http/Request))
#54 C:/Users/Rahmat Eka/Peta-Interaktif/vendor/laravel/framework/src/Illuminate/Foundation/resources/server.php(23): require_once('C://Users//Rahmat...')
#55 {main}
"} 
[2026-06-15 09:07:59] local.ERROR: No application encryption key has been specified. {"exception":"[object] (Illuminate\\Encryption\\MissingAppKeyException(code: 0): No application encryption key has been specified. at C:/Users/Rahmat Eka/Peta-Interaktif/vendor/laravel/framework/src/Illuminate/Encryption/EncryptionServiceProvider.php:83)
[stacktrace]
#0 C:/Users/Rahmat Eka/Peta-Interaktif/vendor/laravel/framework/src/Illuminate/Support/helpers.php(393): Illuminate/Encryption/EncryptionServiceProvider->Illuminate/Encryption/{closure}('')
#1 C:/Users/Rahmat Eka/Peta-Interaktif/vendor/laravel/framework/src/Illuminate/Encryption/EncryptionServiceProvider.php(81): tap('', Object(Closure))
#2 C:/Users/Rahmat Eka/Peta-Interaktif/vendor/laravel/framework/src/Illuminate/Encryption/EncryptionServiceProvider.php(64): Illuminate/Encryption/EncryptionServiceProvider->key(Array)
#3 C:/Users/Rahmat Eka/Peta-Interaktif/vendor/laravel/framework/src/Illuminate/Encryption/EncryptionServiceProvider.php(32): Illuminate/Encryption/EncryptionServiceProvider->parseKey(Array)
#4 C:/Users/Rahmat Eka/Peta-Interaktif/vendor/laravel/framework/src/Illuminate/Container/Container.php(1115): Illuminate/Encryption/EncryptionServiceProvider->Illuminate/Encryption/{closure}(Object(Illuminate/Foundation/Application), Array)
#5 C:/Users/Rahmat Eka/Peta-Interaktif/vendor/laravel/framework/src/Illuminate/Container/Container.php(933): Illuminate/Container/Container->build(Object(Closure))
#6 C:/Users/Rahmat Eka/Peta-Interaktif/vendor/laravel/framework/src/Illuminate/Foundation/Application.php(1078): Illuminate/Container/Container->resolve('encrypter', Array, true)
#7 C:/Users/Rahmat Eka/Peta-Interaktif/vendor/laravel/framework/src/Illuminate/Container/Container.php(864): Illuminate/Foundation/Application->resolve('encrypter', Array)
#8 C:/Users/Rahmat Eka/Peta-Interaktif/vendor/laravel/framework/src/Illuminate/Foundation/Application.php(1058): Illuminate/Container/Container->make('encrypter', Array)
#9 C:/Users/Rahmat Eka/Peta-Interaktif/vendor/laravel/framework/src/Illuminate/Container/Container.php(1336): Illuminate/Foundation/Application->make('encrypter')
#10 C:/Users/Rahmat Eka/Peta-Interaktif/vendor/laravel/framework/src/Illuminate/Container/Container.php(1237): Illuminate/Container/Container->resolveClass(Object(ReflectionParameter), 'Illuminate//Cont...')
#11 C:/Users/Rahmat Eka/Peta-Interaktif/vendor/laravel/framework/src/Illuminate/Container/Container.php(1162): Illuminate/Container/Container->resolveDependencies(Array)
#12 C:/Users/Rahmat Eka/Peta-Interaktif/vendor/laravel/framework/src/Illuminate/Container/Container.php(933): Illuminate/Container/Container->build('Illuminate//Cook...')
#13 C:/Users/Rahmat Eka/Peta-Interaktif/vendor/laravel/framework/src/Illuminate/Foundation/Application.php(1078): Illuminate/Container/Container->resolve('Illuminate//Cook...', Array, true)
#14 C:/Users/Rahmat Eka/Peta-Interaktif/vendor/laravel/framework/src/Illuminate/Container/Container.php(864): Illuminate/Foundation/Application->resolve('Illuminate//Cook...', Array)
#15 C:/Users/Rahmat Eka/Peta-Interaktif/vendor/laravel/framework/src/Illuminate/Foundation/Application.php(1058): Illuminate/Container/Container->make('Illuminate//Cook...', Array)
#16 C:/Users/Rahmat Eka/Peta-Interaktif/vendor/laravel/framework/src/Illuminate/Pipeline/Pipeline.php(208): Illuminate/Foundation/Application->make('Illuminate//Cook...')
#17 C:/Users/Rahmat Eka/Peta-Interaktif/vendor/laravel/framework/src/Illuminate/Pipeline/Pipeline.php(137): Illuminate/Pipeline/Pipeline->Illuminate/Pipeline/{closure}(Object(Illuminate/Http/Request))
#18 C:/Users/Rahmat Eka/Peta-Interaktif/vendor/laravel/framework/src/Illuminate/Routing/Router.php(821): Illuminate/Pipeline/Pipeline->then(Object(Closure))
#19 C:/Users/Rahmat Eka/Peta-Interaktif/vendor/laravel/framework/src/Illuminate/Routing/Router.php(800): Illuminate/Routing/Router->runRouteWithinStack(Object(Illuminate/Routing/Route), Object(Illuminate/Http/Request))
#20 C:/Users/Rahmat Eka/Peta-Interaktif/vendor/laravel/framework/src/Illuminate/Routing/Router.php(764): Illuminate/Routing/Router->runRoute(Object(Illuminate/Http/Request), Object(Illuminate/Routing/Route))
#21 C:/Users/Rahmat Eka/Peta-Interaktif/vendor/laravel/framework/src/Illuminate/Routing/Router.php(753): Illuminate/Routing/Router->dispatchToRoute(Object(Illuminate/Http/Request))
#22 C:/Users/Rahmat Eka/Peta-Interaktif/vendor/laravel/framework/src/Illuminate/Foundation/Http/Kernel.php(200): Illuminate/Routing/Router->dispatch(Object(Illuminate/Http/Request))
#23 C:/Users/Rahmat Eka/Peta-Interaktif/vendor/laravel/framework/src/Illuminate/Pipeline/Pipeline.php(180): Illuminate/Foundation/Http/Kernel->Illuminate/Foundation/Http/{closure}(Object(Illuminate/Http/Request))
#24 C:/Users/Rahmat Eka/Peta-Interaktif/vendor/laravel/framework/src/Illuminate/Foundation/Http/Middleware/TransformsRequest.php(21): Illuminate/Pipeline/Pipeline->Illuminate/Pipeline/{closure}(Object(Illuminate/Http/Request))
#25 C:/Users/Rahmat Eka/Peta-Interaktif/vendor/laravel/framework/src/Illuminate/Foundation/Http/Middleware/ConvertEmptyStringsToNull.php(31): Illuminate/Foundation/Http/Middleware/TransformsRequest->handle(Object(Illuminate/Http/Request), Object(Closure))
#26 C:/Users/Rahmat Eka/Peta-Interaktif/vendor/laravel/framework/src/Illuminate/Pipeline/Pipeline.php(219): Illuminate/Foundation/Http/Middleware/ConvertEmptyStringsToNull->handle(Object(Illuminate/Http/Request), Object(Closure))
#27 C:/Users/Rahmat Eka/Peta-Interaktif/vendor/laravel/framework/src/Illuminate/Foundation/Http/Middleware/TransformsRequest.php(21): Illuminate/Pipeline/Pipeline->Illuminate/Pipeline/{closure}(Object(Illuminate/Http/Request))
#28 C:/Users/Rahmat Eka/Peta-Interaktif/vendor/laravel/framework/src/Illuminate/Foundation/Http/Middleware/TrimStrings.php(51): Illuminate/Foundation/Http/Middleware/TransformsRequest->handle(Object(Illuminate/Http/Request), Object(Closure))
#29 C:/Users/Rahmat Eka/Peta-Interaktif/vendor/laravel/framework/src/Illuminate/Pipeline/Pipeline.php(219): Illuminate/Foundation/Http/Middleware/TrimStrings->handle(Object(Illuminate/Http/Request), Object(Closure))
#30 C:/Users/Rahmat Eka/Peta-Interaktif/vendor/laravel/framework/src/Illuminate/Http/Middleware/ValidatePostSize.php(27): Illuminate/Pipeline/Pipeline->Illuminate/Pipeline/{closure}(Object(Illuminate/Http/Request))
#31 C:/Users/Rahmat Eka/Peta-Interaktif/vendor/laravel/framework/src/Illuminate/Pipeline/Pipeline.php(219): Illuminate/Http/Middleware/ValidatePostSize->handle(Object(Illuminate/Http/Request), Object(Closure))
#32 C:/Users/Rahmat Eka/Peta-Interaktif/vendor/laravel/framework/src/Illuminate/Foundation/Http/Middleware/PreventRequestsDuringMaintenance.php(109): Illuminate/Pipeline/Pipeline->Illuminate/Pipeline/{closure}(Object(Illuminate/Http/Request))
#33 C:/Users/Rahmat Eka/Peta-Interaktif/vendor/laravel/framework/src/Illuminate/Pipeline/Pipeline.php(219): Illuminate/Foundation/Http/Middleware/PreventRequestsDuringMaintenance->handle(Object(Illuminate/Http/Request), Object(Closure))
#34 C:/Users/Rahmat Eka/Peta-Interaktif/vendor/laravel/framework/src/Illuminate/Http/Middleware/HandleCors.php(61): Illuminate/Pipeline/Pipeline->Illuminate/Pipeline/{closure}(Object(Illuminate/Http/Request))
#35 C:/Users/Rahmat Eka/Peta-Interaktif/vendor/laravel/framework/src/Illuminate/Pipeline/Pipeline.php(219): Illuminate/Http/Middleware/HandleCors->handle(Object(Illuminate/Http/Request), Object(Closure))
#36 C:/Users/Rahmat Eka/Peta-Interaktif/vendor/laravel/framework/src/Illuminate/Http/Middleware/TrustProxies.php(58): Illuminate/Pipeline/Pipeline->Illuminate/Pipeline/{closure}(Object(Illuminate/Http/Request))
#37 C:/Users/Rahmat Eka/Peta-Interaktif/vendor/laravel/framework/src/Illuminate/Pipeline/Pipeline.php(219): Illuminate/Http/Middleware/TrustProxies->handle(Object(Illuminate/Http/Request), Object(Closure))
#38 C:/Users/Rahmat Eka/Peta-Interaktif/vendor/laravel/framework/src/Illuminate/Foundation/Http/Middleware/InvokeDeferredCallbacks.php(22): Illuminate/Pipeline/Pipeline->Illuminate/Pipeline/{closure}(Object(Illuminate/Http/Request))
#39 C:/Users/Rahmat Eka/Peta-Interaktif/vendor/laravel/framework/src/Illuminate/Pipeline/Pipeline.php(219): Illuminate/Foundation/Http/Middleware/InvokeDeferredCallbacks->handle(Object(Illuminate/Http/Request), Object(Closure))
#40 C:/Users/Rahmat Eka/Peta-Interaktif/vendor/laravel/framework/src/Illuminate/Http/Middleware/ValidatePathEncoding.php(26): Illuminate/Pipeline/Pipeline->Illuminate/Pipeline/{closure}(Object(Illuminate/Http/Request))
#41 C:/Users/Rahmat Eka/Peta-Interaktif/vendor/laravel/framework/src/Illuminate/Pipeline/Pipeline.php(219): Illuminate/Http/Middleware/ValidatePathEncoding->handle(Object(Illuminate/Http/Request), Object(Closure))
#42 C:/Users/Rahmat Eka/Peta-Interaktif/vendor/laravel/framework/src/Illuminate/Pipeline/Pipeline.php(137): Illuminate/Pipeline/Pipeline->Illuminate/Pipeline/{closure}(Object(Illuminate/Http/Request))
#43 C:/Users/Rahmat Eka/Peta-Interaktif/vendor/laravel/framework/src/Illuminate/Foundation/Http/Kernel.php(175): Illuminate/Pipeline/Pipeline->then(Object(Closure))
#44 C:/Users/Rahmat Eka/Peta-Interaktif/vendor/laravel/framework/src/Illuminate/Foundation/Http/Kernel.php(144): Illuminate/Foundation/Http/Kernel->sendRequestThroughRouter(Object(Illuminate/Http/Request))
#45 C:/Users/Rahmat Eka/Peta-Interaktif/vendor/laravel/framework/src/Illuminate/Foundation/Application.php(1220): Illuminate/Foundation/Http/Kernel->handle(Object(Illuminate/Http/Request))
#46 C:/Users/Rahmat Eka/Peta-Interaktif/public/index.php(18): Illuminate/Foundation/Application->handleRequest(Object(Illuminate/Http/Request))
#47 C:/Users/Rahmat Eka/Peta-Interaktif/vendor/laravel/framework/src/Illuminate/Foundation/resources/server.php(23): require_once('C://Users//Rahmat...')
#48 {main}
"} 
[2026-06-15 09:08:07] local.ERROR: No application encryption key has been specified. {"exception":"[object] (Illuminate\\Encryption\\MissingAppKeyException(code: 0): No application encryption key has been specified. at C:/Users/Rahmat Eka/Peta-Interaktif/vendor/laravel/framework/src/Illuminate/Encryption/EncryptionServiceProvider.php:83)
[stacktrace]
#0 C:/Users/Rahmat Eka/Peta-Interaktif/vendor/laravel/framework/src/Illuminate/Support/helpers.php(393): Illuminate/Encryption/EncryptionServiceProvider->Illuminate/Encryption/{closure}('')
#1 C:/Users/Rahmat Eka/Peta-Interaktif/vendor/laravel/framework/src/Illuminate/Encryption/EncryptionServiceProvider.php(81): tap('', Object(Closure))
#2 C:/Users/Rahmat Eka/Peta-Interaktif/vendor/laravel/framework/src/Illuminate/Encryption/EncryptionServiceProvider.php(64): Illuminate/Encryption/EncryptionServiceProvider->key(Array)
#3 C:/Users/Rahmat Eka/Peta-Interaktif/vendor/laravel/framework/src/Illuminate/Encryption/EncryptionServiceProvider.php(32): Illuminate/Encryption/EncryptionServiceProvider->parseKey(Array)
#4 C:/Users/Rahmat Eka/Peta-Interaktif/vendor/laravel/framework/src/Illuminate/Container/Container.php(1115): Illuminate/Encryption/EncryptionServiceProvider->Illuminate/Encryption/{closure}(Object(Illuminate/Foundation/Application), Array)
#5 C:/Users/Rahmat Eka/Peta-Interaktif/vendor/laravel/framework/src/Illuminate/Container/Container.php(933): Illuminate/Container/Container->build(Object(Closure))
#6 C:/Users/Rahmat Eka/Peta-Interaktif/vendor/laravel/framework/src/Illuminate/Foundation/Application.php(1078): Illuminate/Container/Container->resolve('encrypter', Array, true)
#7 C:/Users/Rahmat Eka/Peta-Interaktif/vendor/laravel/framework/src/Illuminate/Container/Container.php(864): Illuminate/Foundation/Application->resolve('encrypter', Array)
#8 C:/Users/Rahmat Eka/Peta-Interaktif/vendor/laravel/framework/src/Illuminate/Foundation/Application.php(1058): Illuminate/Container/Container->make('encrypter', Array)
#9 C:/Users/Rahmat Eka/Peta-Interaktif/vendor/laravel/framework/src/Illuminate/Container/Container.php(1336): Illuminate/Foundation/Application->make('encrypter')
#10 C:/Users/Rahmat Eka/Peta-Interaktif/vendor/laravel/framework/src/Illuminate/Container/Container.php(1237): Illuminate/Container/Container->resolveClass(Object(ReflectionParameter), 'Illuminate//Cont...')
#11 C:/Users/Rahmat Eka/Peta-Interaktif/vendor/laravel/framework/src/Illuminate/Container/Container.php(1162): Illuminate/Container/Container->resolveDependencies(Array)
#12 C:/Users/Rahmat Eka/Peta-Interaktif/vendor/laravel/framework/src/Illuminate/Container/Container.php(933): Illuminate/Container/Container->build('Illuminate//Cook...')
#13 C:/Users/Rahmat Eka/Peta-Interaktif/vendor/laravel/framework/src/Illuminate/Foundation/Application.php(1078): Illuminate/Container/Container->resolve('Illuminate//Cook...', Array, true)
#14 C:/Users/Rahmat Eka/Peta-Interaktif/vendor/laravel/framework/src/Illuminate/Container/Container.php(864): Illuminate/Foundation/Application->resolve('Illuminate//Cook...', Array)
#15 C:/Users/Rahmat Eka/Peta-Interaktif/vendor/laravel/framework/src/Illuminate/Foundation/Application.php(1058): Illuminate/Container/Container->make('Illuminate//Cook...', Array)
#16 C:/Users/Rahmat Eka/Peta-Interaktif/vendor/laravel/framework/src/Illuminate/Foundation/Http/Kernel.php(257): Illuminate/Foundation/Application->make('Illuminate//Cook...')
#17 C:/Users/Rahmat Eka/Peta-Interaktif/vendor/laravel/framework/src/Illuminate/Foundation/Http/Kernel.php(215): Illuminate/Foundation/Http/Kernel->terminateMiddleware(Object(Illuminate/Http/Request), Object(Illuminate/Http/Response))
#18 C:/Users/Rahmat Eka/Peta-Interaktif/vendor/laravel/framework/src/Illuminate/Foundation/Application.php(1222): Illuminate/Foundation/Http/Kernel->terminate(Object(Illuminate/Http/Request), Object(Illuminate/Http/Response))
#19 C:/Users/Rahmat Eka/Peta-Interaktif/public/index.php(18): Illuminate/Foundation/Application->handleRequest(Object(Illuminate/Http/Request))
#20 C:/Users/Rahmat Eka/Peta-Interaktif/vendor/laravel/framework/src/Illuminate/Foundation/resources/server.php(23): require_once('C://Users//Rahmat...')
#21 {main}
"} 
[2026-06-15 09:08:08] laravel.EMERGENCY: Unable to create configured logger. Using emergency logger. {"exception":"[object] (InvalidArgumentException(code: 0): NullHandler must be an instance of Monolog\\Handler\\HandlerInterface at C:/Users/Rahmat Eka/Peta-Interaktif/vendor/laravel/framework/src/Illuminate/Log/LogManager.php:398)
[stacktrace]
#0 C:/Users/Rahmat Eka/Peta-Interaktif/vendor/laravel/framework/src/Illuminate/Log/LogManager.php(232): Illuminate/Log/LogManager->createMonologDriver(Array)
#1 C:/Users/Rahmat Eka/Peta-Interaktif/vendor/laravel/framework/src/Illuminate/Log/LogManager.php(138): Illuminate/Log/LogManager->resolve('deprecations', Array)
#2 C:/Users/Rahmat Eka/Peta-Interaktif/vendor/laravel/framework/src/Illuminate/Log/LogManager.php(125): Illuminate/Log/LogManager->get('deprecations')
#3 C:/Users/Rahmat Eka/Peta-Interaktif/vendor/laravel/framework/src/Illuminate/Log/LogManager.php(114): Illuminate/Log/LogManager->driver('deprecations')
#4 C:/Users/Rahmat Eka/Peta-Interaktif/vendor/laravel/framework/src/Illuminate/Foundation/Bootstrap/HandleExceptions.php(109): Illuminate/Log/LogManager->channel('deprecations')
#5 C:/Users/Rahmat Eka/Peta-Interaktif/vendor/laravel/framework/src/Illuminate/Foundation/Bootstrap/HandleExceptions.php(74): Illuminate/Foundation/Bootstrap/HandleExceptions->handleDeprecationError('Since symfony/h...', 'C://Users//Rahmat...', 25, 16384)
#6 C:/Users/Rahmat Eka/Peta-Interaktif/vendor/laravel/framework/src/Illuminate/Foundation/Bootstrap/HandleExceptions.php(262): Illuminate/Foundation/Bootstrap/HandleExceptions->handleError(16384, 'Since symfony/h...', 'C://Users//Rahmat...', 25)
#7 [internal function]: Illuminate/Foundation/Bootstrap/HandleExceptions->Illuminate/Foundation/Bootstrap/{closure}(16384, 'Since symfony/h...', 'C://Users//Rahmat...', 25)
#8 C:/Users/Rahmat Eka/Peta-Interaktif/vendor/symfony/deprecation-contracts/function.php(25): trigger_error('Since symfony/h...', 16384)
#9 C:/Users/Rahmat Eka/Peta-Interaktif/vendor/symfony/http-foundation/Response.php(322): trigger_deprecation('symfony/http-fo...', '7.4', 'Trying to use \"...', 'Illuminate//Http...')
#10 C:/Users/Rahmat Eka/Peta-Interaktif/vendor/symfony/http-foundation/Response.php(402): Symfony/Component/HttpFoundation/Response->sendHeaders()
#11 C:/Users/Rahmat Eka/Peta-Interaktif/vendor/laravel/framework/src/Illuminate/Foundation/Bootstrap/HandleExceptions.php(225): Symfony/Component/HttpFoundation/Response->send()
#12 C:/Users/Rahmat Eka/Peta-Interaktif/vendor/laravel/framework/src/Illuminate/Foundation/Bootstrap/HandleExceptions.php(202): Illuminate/Foundation/Bootstrap/HandleExceptions->renderHttpResponse(Object(Illuminate/Encryption/MissingAppKeyException))
#13 C:/Users/Rahmat Eka/Peta-Interaktif/vendor/laravel/framework/src/Illuminate/Foundation/Bootstrap/HandleExceptions.php(262): Illuminate/Foundation/Bootstrap/HandleExceptions->handleException(Object(Illuminate/Encryption/MissingAppKeyException))
#14 [internal function]: Illuminate/Foundation/Bootstrap/HandleExceptions->Illuminate/Foundation/Bootstrap/{closure}(Object(Illuminate/Encryption/MissingAppKeyException))
#15 {main}
"} 
[2026-06-15 09:08:08] laravel.WARNING: Since symfony/http-foundation 7.4: Trying to use "Illuminate\Http\Response::sendHeaders()" after headers have already been sent is deprecated and will throw a PHP warning in 8.0. Use a "StreamedResponse" instead. in C:\Users\Rahmat Eka\Peta-Interaktif\vendor\symfony\deprecation-contracts\function.php on line 25  
[2026-06-15 09:09:39] local.ERROR: Trait "Laravel\Sanctum\HasApiTokens" not found {"exception":"[object] (Symfony\\Component\\ErrorHandler\\Error\\FatalError(code: 0): Trait \"Laravel\\Sanctum\\HasApiTokens\" not found at C:/Users/Rahmat Eka/Peta-Interaktif/app/Models/User.php:10)
[stacktrace]
#0 {main}
"} 
[2026-06-15 09:13:45] local.ERROR: Trait "Laravel\Sanctum\HasApiTokens" not found {"exception":"[object] (Symfony\\Component\\ErrorHandler\\Error\\FatalError(code: 0): Trait \"Laravel\\Sanctum\\HasApiTokens\" not found at C:/Users/Rahmat Eka/Peta-Interaktif/app/Models/User.php:10)
[stacktrace]
#0 {main}
"} 
[2026-06-15 09:13:57] local.ERROR: Trait "Laravel\Sanctum\HasApiTokens" not found {"exception":"[object] (Symfony\\Component\\ErrorHandler\\Error\\FatalError(code: 0): Trait \"Laravel\\Sanctum\\HasApiTokens\" not found at C:/Users/Rahmat Eka/Peta-Interaktif/app/Models/User.php:10)
[stacktrace]
#0 {main}
"} 
[2026-06-15 09:31:08] local.ERROR: Trait "Laravel\Sanctum\HasApiTokens" not found {"exception":"[object] (Symfony\\Component\\ErrorHandler\\Error\\FatalError(code: 0): Trait \"Laravel\\Sanctum\\HasApiTokens\" not found at C:/Users/Rahmat Eka/Peta-Interaktif/app/Models/User.php:10)
[stacktrace]
#0 {main}
"} 
[2026-06-15 09:35:21] local.ERROR: This password does not use the Bcrypt algorithm. {"exception":"[object] (RuntimeException(code: 0): This password does not use the Bcrypt algorithm. at C:/Users/Rahmat Eka/Peta-Interaktif/vendor/laravel/framework/src/Illuminate/Hashing/BcryptHasher.php:89)
[stacktrace]
#0 C:/Users/Rahmat Eka/Peta-Interaktif/vendor/laravel/framework/src/Illuminate/Hashing/HashManager.php(76): Illuminate/Hashing/BcryptHasher->check(Object(SensitiveParameterValue), 'password123', Array)
#1 C:/Users/Rahmat Eka/Peta-Interaktif/vendor/laravel/framework/src/Illuminate/Auth/EloquentUserProvider.php(158): Illuminate/Hashing/HashManager->check(Object(SensitiveParameterValue), 'password123')
#2 C:/Users/Rahmat Eka/Peta-Interaktif/vendor/laravel/framework/src/Illuminate/Auth/SessionGuard.php(491): Illuminate/Auth/EloquentUserProvider->validateCredentials(Object(App/Models/User), Object(SensitiveParameterValue))
#3 C:/Users/Rahmat Eka/Peta-Interaktif/vendor/laravel/framework/src/Illuminate/Auth/SessionGuard.php(429): Illuminate/Auth/SessionGuard->hasValidCredentials(Object(App/Models/User), Array)
#4 C:/Users/Rahmat Eka/Peta-Interaktif/vendor/laravel/framework/src/Illuminate/Support/Timebox.php(34): Illuminate/Auth/SessionGuard->Illuminate/Auth/{closure}(Object(Illuminate/Support/Timebox))
#5 C:/Users/Rahmat Eka/Peta-Interaktif/vendor/laravel/framework/src/Illuminate/Auth/SessionGuard.php(421): Illuminate/Support/Timebox->call(Object(Closure), 200000)
#6 C:/Users/Rahmat Eka/Peta-Interaktif/app/Http/Controllers/Auth/MasyarakatAuthController.php(35): Illuminate/Auth/SessionGuard->attempt(Array, false)
#7 C:/Users/Rahmat Eka/Peta-Interaktif/vendor/laravel/framework/src/Illuminate/Routing/Controller.php(54): App/Http/Controllers/Auth/MasyarakatAuthController->login(Object(Illuminate/Http/Request))
#8 C:/Users/Rahmat Eka/Peta-Interaktif/vendor/laravel/framework/src/Illuminate/Routing/ControllerDispatcher.php(43): Illuminate/Routing/Controller->callAction('login', Array)
#9 C:/Users/Rahmat Eka/Peta-Interaktif/vendor/laravel/framework/src/Illuminate/Routing/Route.php(265): Illuminate/Routing/ControllerDispatcher->dispatch(Object(Illuminate/Routing/Route), Object(App/Http/Controllers/Auth/MasyarakatAuthController), 'login')
#10 C:/Users/Rahmat Eka/Peta-Interaktif/vendor/laravel/framework/src/Illuminate/Routing/Route.php(211): Illuminate/Routing/Route->runController()
#11 C:/Users/Rahmat Eka/Peta-Interaktif/vendor/laravel/framework/src/Illuminate/Routing/Router.php(822): Illuminate/Routing/Route->run()
#12 C:/Users/Rahmat Eka/Peta-Interaktif/vendor/laravel/framework/src/Illuminate/Pipeline/Pipeline.php(180): Illuminate/Routing/Router->Illuminate/Routing/{closure}(Object(Illuminate/Http/Request))
#13 C:/Users/Rahmat Eka/Peta-Interaktif/vendor/laravel/framework/src/Illuminate/Auth/Middleware/RedirectIfAuthenticated.php(47): Illuminate/Pipeline/Pipeline->Illuminate/Pipeline/{closure}(Object(Illuminate/Http/Request))
#14 C:/Users/Rahmat Eka/Peta-Interaktif/vendor/laravel/framework/src/Illuminate/Pipeline/Pipeline.php(219): Illuminate/Auth/Middleware/RedirectIfAuthenticated->handle(Object(Illuminate/Http/Request), Object(Closure))
#15 C:/Users/Rahmat Eka/Peta-Interaktif/vendor/laravel/framework/src/Illuminate/Routing/Middleware/SubstituteBindings.php(50): Illuminate/Pipeline/Pipeline->Illuminate/Pipeline/{closure}(Object(Illuminate/Http/Request))
#16 C:/Users/Rahmat Eka/Peta-Interaktif/vendor/laravel/framework/src/Illuminate/Pipeline/Pipeline.php(219): Illuminate/Routing/Middleware/SubstituteBindings->handle(Object(Illuminate/Http/Request), Object(Closure))
#17 C:/Users/Rahmat Eka/Peta-Interaktif/vendor/laravel/framework/src/Illuminate/Foundation/Http/Middleware/VerifyCsrfToken.php(87): Illuminate/Pipeline/Pipeline->Illuminate/Pipeline/{closure}(Object(Illuminate/Http/Request))
#18 C:/Users/Rahmat Eka/Peta-Interaktif/vendor/laravel/framework/src/Illuminate/Pipeline/Pipeline.php(219): Illuminate/Foundation/Http/Middleware/VerifyCsrfToken->handle(Object(Illuminate/Http/Request), Object(Closure))
#19 C:/Users/Rahmat Eka/Peta-Interaktif/vendor/laravel/framework/src/Illuminate/View/Middleware/ShareErrorsFromSession.php(48): Illuminate/Pipeline/Pipeline->Illuminate/Pipeline/{closure}(Object(Illuminate/Http/Request))
#20 C:/Users/Rahmat Eka/Peta-Interaktif/vendor/laravel/framework/src/Illuminate/Pipeline/Pipeline.php(219): Illuminate/View/Middleware/ShareErrorsFromSession->handle(Object(Illuminate/Http/Request), Object(Closure))
#21 C:/Users/Rahmat Eka/Peta-Interaktif/vendor/laravel/framework/src/Illuminate/Session/Middleware/StartSession.php(120): Illuminate/Pipeline/Pipeline->Illuminate/Pipeline/{closure}(Object(Illuminate/Http/Request))
#22 C:/Users/Rahmat Eka/Peta-Interaktif/vendor/laravel/framework/src/Illuminate/Session/Middleware/StartSession.php(63): Illuminate/Session/Middleware/StartSession->handleStatefulRequest(Object(Illuminate/Http/Request), Object(Illuminate/Session/Store), Object(Closure))
#23 C:/Users/Rahmat Eka/Peta-Interaktif/vendor/laravel/framework/src/Illuminate/Pipeline/Pipeline.php(219): Illuminate/Session/Middleware/StartSession->handle(Object(Illuminate/Http/Request), Object(Closure))
#24 C:/Users/Rahmat Eka/Peta-Interaktif/vendor/laravel/framework/src/Illuminate/Cookie/Middleware/AddQueuedCookiesToResponse.php(36): Illuminate/Pipeline/Pipeline->Illuminate/Pipeline/{closure}(Object(Illuminate/Http/Request))
#25 C:/Users/Rahmat Eka/Peta-Interaktif/vendor/laravel/framework/src/Illuminate/Pipeline/Pipeline.php(219): Illuminate/Cookie/Middleware/AddQueuedCookiesToResponse->handle(Object(Illuminate/Http/Request), Object(Closure))
#26 C:/Users/Rahmat Eka/Peta-Interaktif/vendor/laravel/framework/src/Illuminate/Cookie/Middleware/EncryptCookies.php(74): Illuminate/Pipeline/Pipeline->Illuminate/Pipeline/{closure}(Object(Illuminate/Http/Request))
#27 C:/Users/Rahmat Eka/Peta-Interaktif/vendor/laravel/framework/src/Illuminate/Pipeline/Pipeline.php(219): Illuminate/Cookie/Middleware/EncryptCookies->handle(Object(Illuminate/Http/Request), Object(Closure))
#28 C:/Users/Rahmat Eka/Peta-Interaktif/vendor/laravel/framework/src/Illuminate/Pipeline/Pipeline.php(137): Illuminate/Pipeline/Pipeline->Illuminate/Pipeline/{closure}(Object(Illuminate/Http/Request))
#29 C:/Users/Rahmat Eka/Peta-Interaktif/vendor/laravel/framework/src/Illuminate/Routing/Router.php(821): Illuminate/Pipeline/Pipeline->then(Object(Closure))
#30 C:/Users/Rahmat Eka/Peta-Interaktif/vendor/laravel/framework/src/Illuminate/Routing/Router.php(800): Illuminate/Routing/Router->runRouteWithinStack(Object(Illuminate/Routing/Route), Object(Illuminate/Http/Request))
#31 C:/Users/Rahmat Eka/Peta-Interaktif/vendor/laravel/framework/src/Illuminate/Routing/Router.php(764): Illuminate/Routing/Router->runRoute(Object(Illuminate/Http/Request), Object(Illuminate/Routing/Route))
#32 C:/Users/Rahmat Eka/Peta-Interaktif/vendor/laravel/framework/src/Illuminate/Routing/Router.php(753): Illuminate/Routing/Router->dispatchToRoute(Object(Illuminate/Http/Request))
#33 C:/Users/Rahmat Eka/Peta-Interaktif/vendor/laravel/framework/src/Illuminate/Foundation/Http/Kernel.php(200): Illuminate/Routing/Router->dispatch(Object(Illuminate/Http/Request))
#34 C:/Users/Rahmat Eka/Peta-Interaktif/vendor/laravel/framework/src/Illuminate/Pipeline/Pipeline.php(180): Illuminate/Foundation/Http/Kernel->Illuminate/Foundation/Http/{closure}(Object(Illuminate/Http/Request))
#35 C:/Users/Rahmat Eka/Peta-Interaktif/vendor/laravel/framework/src/Illuminate/Foundation/Http/Middleware/TransformsRequest.php(21): Illuminate/Pipeline/Pipeline->Illuminate/Pipeline/{closure}(Object(Illuminate/Http/Request))
#36 C:/Users/Rahmat Eka/Peta-Interaktif/vendor/laravel/framework/src/Illuminate/Foundation/Http/Middleware/ConvertEmptyStringsToNull.php(31): Illuminate/Foundation/Http/Middleware/TransformsRequest->handle(Object(Illuminate/Http/Request), Object(Closure))
#37 C:/Users/Rahmat Eka/Peta-Interaktif/vendor/laravel/framework/src/Illuminate/Pipeline/Pipeline.php(219): Illuminate/Foundation/Http/Middleware/ConvertEmptyStringsToNull->handle(Object(Illuminate/Http/Request), Object(Closure))
#38 C:/Users/Rahmat Eka/Peta-Interaktif/vendor/laravel/framework/src/Illuminate/Foundation/Http/Middleware/TransformsRequest.php(21): Illuminate/Pipeline/Pipeline->Illuminate/Pipeline/{closure}(Object(Illuminate/Http/Request))
#39 C:/Users/Rahmat Eka/Peta-Interaktif/vendor/laravel/framework/src/Illuminate/Foundation/Http/Middleware/TrimStrings.php(51): Illuminate/Foundation/Http/Middleware/TransformsRequest->handle(Object(Illuminate/Http/Request), Object(Closure))
#40 C:/Users/Rahmat Eka/Peta-Interaktif/vendor/laravel/framework/src/Illuminate/Pipeline/Pipeline.php(219): Illuminate/Foundation/Http/Middleware/TrimStrings->handle(Object(Illuminate/Http/Request), Object(Closure))
#41 C:/Users/Rahmat Eka/Peta-Interaktif/vendor/laravel/framework/src/Illuminate/Http/Middleware/ValidatePostSize.php(27): Illuminate/Pipeline/Pipeline->Illuminate/Pipeline/{closure}(Object(Illuminate/Http/Request))
#42 C:/Users/Rahmat Eka/Peta-Interaktif/vendor/laravel/framework/src/Illuminate/Pipeline/Pipeline.php(219): Illuminate/Http/Middleware/ValidatePostSize->handle(Object(Illuminate/Http/Request), Object(Closure))
#43 C:/Users/Rahmat Eka/Peta-Interaktif/vendor/laravel/framework/src/Illuminate/Foundation/Http/Middleware/PreventRequestsDuringMaintenance.php(109): Illuminate/Pipeline/Pipeline->Illuminate/Pipeline/{closure}(Object(Illuminate/Http/Request))
#44 C:/Users/Rahmat Eka/Peta-Interaktif/vendor/laravel/framework/src/Illuminate/Pipeline/Pipeline.php(219): Illuminate/Foundation/Http/Middleware/PreventRequestsDuringMaintenance->handle(Object(Illuminate/Http/Request), Object(Closure))
#45 C:/Users/Rahmat Eka/Peta-Interaktif/vendor/laravel/framework/src/Illuminate/Http/Middleware/HandleCors.php(61): Illuminate/Pipeline/Pipeline->Illuminate/Pipeline/{closure}(Object(Illuminate/Http/Request))
#46 C:/Users/Rahmat Eka/Peta-Interaktif/vendor/laravel/framework/src/Illuminate/Pipeline/Pipeline.php(219): Illuminate/Http/Middleware/HandleCors->handle(Object(Illuminate/Http/Request), Object(Closure))
#47 C:/Users/Rahmat Eka/Peta-Interaktif/vendor/laravel/framework/src/Illuminate/Http/Middleware/TrustProxies.php(58): Illuminate/Pipeline/Pipeline->Illuminate/Pipeline/{closure}(Object(Illuminate/Http/Request))
#48 C:/Users/Rahmat Eka/Peta-Interaktif/vendor/laravel/framework/src/Illuminate/Pipeline/Pipeline.php(219): Illuminate/Http/Middleware/TrustProxies->handle(Object(Illuminate/Http/Request), Object(Closure))
#49 C:/Users/Rahmat Eka/Peta-Interaktif/vendor/laravel/framework/src/Illuminate/Foundation/Http/Middleware/InvokeDeferredCallbacks.php(22): Illuminate/Pipeline/Pipeline->Illuminate/Pipeline/{closure}(Object(Illuminate/Http/Request))
#50 C:/Users/Rahmat Eka/Peta-Interaktif/vendor/laravel/framework/src/Illuminate/Pipeline/Pipeline.php(219): Illuminate/Foundation/Http/Middleware/InvokeDeferredCallbacks->handle(Object(Illuminate/Http/Request), Object(Closure))
#51 C:/Users/Rahmat Eka/Peta-Interaktif/vendor/laravel/framework/src/Illuminate/Http/Middleware/ValidatePathEncoding.php(26): Illuminate/Pipeline/Pipeline->Illuminate/Pipeline/{closure}(Object(Illuminate/Http/Request))
#52 C:/Users/Rahmat Eka/Peta-Interaktif/vendor/laravel/framework/src/Illuminate/Pipeline/Pipeline.php(219): Illuminate/Http/Middleware/ValidatePathEncoding->handle(Object(Illuminate/Http/Request), Object(Closure))
#53 C:/Users/Rahmat Eka/Peta-Interaktif/vendor/laravel/framework/src/Illuminate/Pipeline/Pipeline.php(137): Illuminate/Pipeline/Pipeline->Illuminate/Pipeline/{closure}(Object(Illuminate/Http/Request))
#54 C:/Users/Rahmat Eka/Peta-Interaktif/vendor/laravel/framework/src/Illuminate/Foundation/Http/Kernel.php(175): Illuminate/Pipeline/Pipeline->then(Object(Closure))
#55 C:/Users/Rahmat Eka/Peta-Interaktif/vendor/laravel/framework/src/Illuminate/Foundation/Http/Kernel.php(144): Illuminate/Foundation/Http/Kernel->sendRequestThroughRouter(Object(Illuminate/Http/Request))
#56 C:/Users/Rahmat Eka/Peta-Interaktif/vendor/laravel/framework/src/Illuminate/Foundation/Application.php(1220): Illuminate/Foundation/Http/Kernel->handle(Object(Illuminate/Http/Request))
#57 C:/Users/Rahmat Eka/Peta-Interaktif/public/index.php(18): Illuminate/Foundation/Application->handleRequest(Object(Illuminate/Http/Request))
#58 C:/Users/Rahmat Eka/Peta-Interaktif/vendor/laravel/framework/src/Illuminate/Foundation/resources/server.php(23): require_once('C://Users//Rahmat...')
#59 {main}
"} 
[2026-06-15 09:50:04] local.ERROR: Call to a member function translatedFormat() on null (View: C:\Users\Rahmat Eka\Peta-Interaktif\resources\views\masyarakat\profil.blade.php) {"userId":2,"exception":"[object] (Illuminate\\View\\ViewException(code: 0): Call to a member function translatedFormat() on null (View: C:\\Users\\Rahmat Eka\\Peta-Interaktif\\resources\\views\\masyarakat\\profil.blade.php) at C:/Users/Rahmat Eka/Peta-Interaktif/storage/framework/views/739100b60d5aac8d41f4963164a16bc2.php:252)
[stacktrace]
#0 C:/Users/Rahmat Eka/Peta-Interaktif/vendor/laravel/framework/src/Illuminate/View/Engines/PhpEngine.php(59): Illuminate/View/Engines/CompilerEngine->handleViewException(Object(Error), 1)
#1 C:/Users/Rahmat Eka/Peta-Interaktif/vendor/laravel/framework/src/Illuminate/View/Engines/CompilerEngine.php(76): Illuminate/View/Engines/PhpEngine->evaluatePath('C://Users//Rahmat...', Array)
#2 C:/Users/Rahmat Eka/Peta-Interaktif/vendor/laravel/framework/src/Illuminate/View/View.php(208): Illuminate/View/Engines/CompilerEngine->get('C://Users//Rahmat...', Array)
#3 C:/Users/Rahmat Eka/Peta-Interaktif/vendor/laravel/framework/src/Illuminate/View/View.php(191): Illuminate/View/View->getContents()
#4 C:/Users/Rahmat Eka/Peta-Interaktif/vendor/laravel/framework/src/Illuminate/View/View.php(160): Illuminate/View/View->renderContents()
#5 C:/Users/Rahmat Eka/Peta-Interaktif/vendor/laravel/framework/src/Illuminate/Http/Response.php(78): Illuminate/View/View->render()
#6 C:/Users/Rahmat Eka/Peta-Interaktif/vendor/laravel/framework/src/Illuminate/Http/Response.php(34): Illuminate/Http/Response->setContent(Object(Illuminate/View/View))
#7 C:/Users/Rahmat Eka/Peta-Interaktif/vendor/laravel/framework/src/Illuminate/Routing/Router.php(939): Illuminate/Http/Response->__construct(Object(Illuminate/View/View), 200, Array)
#8 C:/Users/Rahmat Eka/Peta-Interaktif/vendor/laravel/framework/src/Illuminate/Routing/Router.php(906): Illuminate/Routing/Router::toResponse(Object(Illuminate/Http/Request), Object(Illuminate/View/View))
#9 C:/Users/Rahmat Eka/Peta-Interaktif/vendor/laravel/framework/src/Illuminate/Routing/Router.php(821): Illuminate/Routing/Router->prepareResponse(Object(Illuminate/Http/Request), Object(Illuminate/View/View))
#10 C:/Users/Rahmat Eka/Peta-Interaktif/vendor/laravel/framework/src/Illuminate/Pipeline/Pipeline.php(180): Illuminate/Routing/Router->Illuminate/Routing/{closure}(Object(Illuminate/Http/Request))
#11 C:/Users/Rahmat Eka/Peta-Interaktif/vendor/laravel/framework/src/Illuminate/Routing/Middleware/SubstituteBindings.php(50): Illuminate/Pipeline/Pipeline->Illuminate/Pipeline/{closure}(Object(Illuminate/Http/Request))
#12 C:/Users/Rahmat Eka/Peta-Interaktif/vendor/laravel/framework/src/Illuminate/Pipeline/Pipeline.php(219): Illuminate/Routing/Middleware/SubstituteBindings->handle(Object(Illuminate/Http/Request), Object(Closure))
#13 C:/Users/Rahmat Eka/Peta-Interaktif/vendor/laravel/framework/src/Illuminate/Auth/Middleware/Authenticate.php(63): Illuminate/Pipeline/Pipeline->Illuminate/Pipeline/{closure}(Object(Illuminate/Http/Request))
#14 C:/Users/Rahmat Eka/Peta-Interaktif/vendor/laravel/framework/src/Illuminate/Pipeline/Pipeline.php(219): Illuminate/Auth/Middleware/Authenticate->handle(Object(Illuminate/Http/Request), Object(Closure), 'web')
#15 C:/Users/Rahmat Eka/Peta-Interaktif/vendor/laravel/framework/src/Illuminate/Foundation/Http/Middleware/VerifyCsrfToken.php(87): Illuminate/Pipeline/Pipeline->Illuminate/Pipeline/{closure}(Object(Illuminate/Http/Request))
#16 C:/Users/Rahmat Eka/Peta-Interaktif/vendor/laravel/framework/src/Illuminate/Pipeline/Pipeline.php(219): Illuminate/Foundation/Http/Middleware/VerifyCsrfToken->handle(Object(Illuminate/Http/Request), Object(Closure))
#17 C:/Users/Rahmat Eka/Peta-Interaktif/vendor/laravel/framework/src/Illuminate/View/Middleware/ShareErrorsFromSession.php(48): Illuminate/Pipeline/Pipeline->Illuminate/Pipeline/{closure}(Object(Illuminate/Http/Request))
#18 C:/Users/Rahmat Eka/Peta-Interaktif/vendor/laravel/framework/src/Illuminate/Pipeline/Pipeline.php(219): Illuminate/View/Middleware/ShareErrorsFromSession->handle(Object(Illuminate/Http/Request), Object(Closure))
#19 C:/Users/Rahmat Eka/Peta-Interaktif/vendor/laravel/framework/src/Illuminate/Session/Middleware/StartSession.php(120): Illuminate/Pipeline/Pipeline->Illuminate/Pipeline/{closure}(Object(Illuminate/Http/Request))
#20 C:/Users/Rahmat Eka/Peta-Interaktif/vendor/laravel/framework/src/Illuminate/Session/Middleware/StartSession.php(63): Illuminate/Session/Middleware/StartSession->handleStatefulRequest(Object(Illuminate/Http/Request), Object(Illuminate/Session/Store), Object(Closure))
#21 C:/Users/Rahmat Eka/Peta-Interaktif/vendor/laravel/framework/src/Illuminate/Pipeline/Pipeline.php(219): Illuminate/Session/Middleware/StartSession->handle(Object(Illuminate/Http/Request), Object(Closure))
#22 C:/Users/Rahmat Eka/Peta-Interaktif/vendor/laravel/framework/src/Illuminate/Cookie/Middleware/AddQueuedCookiesToResponse.php(36): Illuminate/Pipeline/Pipeline->Illuminate/Pipeline/{closure}(Object(Illuminate/Http/Request))
#23 C:/Users/Rahmat Eka/Peta-Interaktif/vendor/laravel/framework/src/Illuminate/Pipeline/Pipeline.php(219): Illuminate/Cookie/Middleware/AddQueuedCookiesToResponse->handle(Object(Illuminate/Http/Request), Object(Closure))
#24 C:/Users/Rahmat Eka/Peta-Interaktif/vendor/laravel/framework/src/Illuminate/Cookie/Middleware/EncryptCookies.php(74): Illuminate/Pipeline/Pipeline->Illuminate/Pipeline/{closure}(Object(Illuminate/Http/Request))
#25 C:/Users/Rahmat Eka/Peta-Interaktif/vendor/laravel/framework/src/Illuminate/Pipeline/Pipeline.php(219): Illuminate/Cookie/Middleware/EncryptCookies->handle(Object(Illuminate/Http/Request), Object(Closure))
#26 C:/Users/Rahmat Eka/Peta-Interaktif/vendor/laravel/framework/src/Illuminate/Pipeline/Pipeline.php(137): Illuminate/Pipeline/Pipeline->Illuminate/Pipeline/{closure}(Object(Illuminate/Http/Request))
#27 C:/Users/Rahmat Eka/Peta-Interaktif/vendor/laravel/framework/src/Illuminate/Routing/Router.php(821): Illuminate/Pipeline/Pipeline->then(Object(Closure))
#28 C:/Users/Rahmat Eka/Peta-Interaktif/vendor/laravel/framework/src/Illuminate/Routing/Router.php(800): Illuminate/Routing/Router->runRouteWithinStack(Object(Illuminate/Routing/Route), Object(Illuminate/Http/Request))
#29 C:/Users/Rahmat Eka/Peta-Interaktif/vendor/laravel/framework/src/Illuminate/Routing/Router.php(764): Illuminate/Routing/Router->runRoute(Object(Illuminate/Http/Request), Object(Illuminate/Routing/Route))
#30 C:/Users/Rahmat Eka/Peta-Interaktif/vendor/laravel/framework/src/Illuminate/Routing/Router.php(753): Illuminate/Routing/Router->dispatchToRoute(Object(Illuminate/Http/Request))
#31 C:/Users/Rahmat Eka/Peta-Interaktif/vendor/laravel/framework/src/Illuminate/Foundation/Http/Kernel.php(200): Illuminate/Routing/Router->dispatch(Object(Illuminate/Http/Request))
#32 C:/Users/Rahmat Eka/Peta-Interaktif/vendor/laravel/framework/src/Illuminate/Pipeline/Pipeline.php(180): Illuminate/Foundation/Http/Kernel->Illuminate/Foundation/Http/{closure}(Object(Illuminate/Http/Request))
#33 C:/Users/Rahmat Eka/Peta-Interaktif/vendor/laravel/framework/src/Illuminate/Foundation/Http/Middleware/TransformsRequest.php(21): Illuminate/Pipeline/Pipeline->Illuminate/Pipeline/{closure}(Object(Illuminate/Http/Request))
#34 C:/Users/Rahmat Eka/Peta-Interaktif/vendor/laravel/framework/src/Illuminate/Foundation/Http/Middleware/ConvertEmptyStringsToNull.php(31): Illuminate/Foundation/Http/Middleware/TransformsRequest->handle(Object(Illuminate/Http/Request), Object(Closure))
#35 C:/Users/Rahmat Eka/Peta-Interaktif/vendor/laravel/framework/src/Illuminate/Pipeline/Pipeline.php(219): Illuminate/Foundation/Http/Middleware/ConvertEmptyStringsToNull->handle(Object(Illuminate/Http/Request), Object(Closure))
#36 C:/Users/Rahmat Eka/Peta-Interaktif/vendor/laravel/framework/src/Illuminate/Foundation/Http/Middleware/TransformsRequest.php(21): Illuminate/Pipeline/Pipeline->Illuminate/Pipeline/{closure}(Object(Illuminate/Http/Request))
#37 C:/Users/Rahmat Eka/Peta-Interaktif/vendor/laravel/framework/src/Illuminate/Foundation/Http/Middleware/TrimStrings.php(51): Illuminate/Foundation/Http/Middleware/TransformsRequest->handle(Object(Illuminate/Http/Request), Object(Closure))
#38 C:/Users/Rahmat Eka/Peta-Interaktif/vendor/laravel/framework/src/Illuminate/Pipeline/Pipeline.php(219): Illuminate/Foundation/Http/Middleware/TrimStrings->handle(Object(Illuminate/Http/Request), Object(Closure))
#39 C:/Users/Rahmat Eka/Peta-Interaktif/vendor/laravel/framework/src/Illuminate/Http/Middleware/ValidatePostSize.php(27): Illuminate/Pipeline/Pipeline->Illuminate/Pipeline/{closure}(Object(Illuminate/Http/Request))
#40 C:/Users/Rahmat Eka/Peta-Interaktif/vendor/laravel/framework/src/Illuminate/Pipeline/Pipeline.php(219): Illuminate/Http/Middleware/ValidatePostSize->handle(Object(Illuminate/Http/Request), Object(Closure))
#41 C:/Users/Rahmat Eka/Peta-Interaktif/vendor/laravel/framework/src/Illuminate/Foundation/Http/Middleware/PreventRequestsDuringMaintenance.php(109): Illuminate/Pipeline/Pipeline->Illuminate/Pipeline/{closure}(Object(Illuminate/Http/Request))
#42 C:/Users/Rahmat Eka/Peta-Interaktif/vendor/laravel/framework/src/Illuminate/Pipeline/Pipeline.php(219): Illuminate/Foundation/Http/Middleware/PreventRequestsDuringMaintenance->handle(Object(Illuminate/Http/Request), Object(Closure))
#43 C:/Users/Rahmat Eka/Peta-Interaktif/vendor/laravel/framework/src/Illuminate/Http/Middleware/HandleCors.php(61): Illuminate/Pipeline/Pipeline->Illuminate/Pipeline/{closure}(Object(Illuminate/Http/Request))
#44 C:/Users/Rahmat Eka/Peta-Interaktif/vendor/laravel/framework/src/Illuminate/Pipeline/Pipeline.php(219): Illuminate/Http/Middleware/HandleCors->handle(Object(Illuminate/Http/Request), Object(Closure))
#45 C:/Users/Rahmat Eka/Peta-Interaktif/vendor/laravel/framework/src/Illuminate/Http/Middleware/TrustProxies.php(58): Illuminate/Pipeline/Pipeline->Illuminate/Pipeline/{closure}(Object(Illuminate/Http/Request))
#46 C:/Users/Rahmat Eka/Peta-Interaktif/vendor/laravel/framework/src/Illuminate/Pipeline/Pipeline.php(219): Illuminate/Http/Middleware/TrustProxies->handle(Object(Illuminate/Http/Request), Object(Closure))
#47 C:/Users/Rahmat Eka/Peta-Interaktif/vendor/laravel/framework/src/Illuminate/Foundation/Http/Middleware/InvokeDeferredCallbacks.php(22): Illuminate/Pipeline/Pipeline->Illuminate/Pipeline/{closure}(Object(Illuminate/Http/Request))
#48 C:/Users/Rahmat Eka/Peta-Interaktif/vendor/laravel/framework/src/Illuminate/Pipeline/Pipeline.php(219): Illuminate/Foundation/Http/Middleware/InvokeDeferredCallbacks->handle(Object(Illuminate/Http/Request), Object(Closure))
#49 C:/Users/Rahmat Eka/Peta-Interaktif/vendor/laravel/framework/src/Illuminate/Http/Middleware/ValidatePathEncoding.php(26): Illuminate/Pipeline/Pipeline->Illuminate/Pipeline/{closure}(Object(Illuminate/Http/Request))
#50 C:/Users/Rahmat Eka/Peta-Interaktif/vendor/laravel/framework/src/Illuminate/Pipeline/Pipeline.php(219): Illuminate/Http/Middleware/ValidatePathEncoding->handle(Object(Illuminate/Http/Request), Object(Closure))
#51 C:/Users/Rahmat Eka/Peta-Interaktif/vendor/laravel/framework/src/Illuminate/Pipeline/Pipeline.php(137): Illuminate/Pipeline/Pipeline->Illuminate/Pipeline/{closure}(Object(Illuminate/Http/Request))
#52 C:/Users/Rahmat Eka/Peta-Interaktif/vendor/laravel/framework/src/Illuminate/Foundation/Http/Kernel.php(175): Illuminate/Pipeline/Pipeline->then(Object(Closure))
#53 C:/Users/Rahmat Eka/Peta-Interaktif/vendor/laravel/framework/src/Illuminate/Foundation/Http/Kernel.php(144): Illuminate/Foundation/Http/Kernel->sendRequestThroughRouter(Object(Illuminate/Http/Request))
#54 C:/Users/Rahmat Eka/Peta-Interaktif/vendor/laravel/framework/src/Illuminate/Foundation/Application.php(1220): Illuminate/Foundation/Http/Kernel->handle(Object(Illuminate/Http/Request))
#55 C:/Users/Rahmat Eka/Peta-Interaktif/public/index.php(18): Illuminate/Foundation/Application->handleRequest(Object(Illuminate/Http/Request))
#56 C:/Users/Rahmat Eka/Peta-Interaktif/vendor/laravel/framework/src/Illuminate/Foundation/resources/server.php(23): require_once('C://Users//Rahmat...')
#57 {main}

[previous exception] [object] (Error(code: 0): Call to a member function translatedFormat() on null at C:/Users/Rahmat Eka/Peta-Interaktif/storage/framework/views/739100b60d5aac8d41f4963164a16bc2.php:252)
[stacktrace]
#0 C:/Users/Rahmat Eka/Peta-Interaktif/vendor/laravel/framework/src/Illuminate/Filesystem/Filesystem.php(123): require()
#1 C:/Users/Rahmat Eka/Peta-Interaktif/vendor/laravel/framework/src/Illuminate/Filesystem/Filesystem.php(124): Illuminate/Filesystem/Filesystem::Illuminate/Filesystem/{closure}()
#2 C:/Users/Rahmat Eka/Peta-Interaktif/vendor/laravel/framework/src/Illuminate/View/Engines/PhpEngine.php(57): Illuminate/Filesystem/Filesystem->getRequire('C://Users//Rahmat...', Array)
#3 C:/Users/Rahmat Eka/Peta-Interaktif/vendor/laravel/framework/src/Illuminate/View/Engines/CompilerEngine.php(76): Illuminate/View/Engines/PhpEngine->evaluatePath('C://Users//Rahmat...', Array)
#4 C:/Users/Rahmat Eka/Peta-Interaktif/vendor/laravel/framework/src/Illuminate/View/View.php(208): Illuminate/View/Engines/CompilerEngine->get('C://Users//Rahmat...', Array)
#5 C:/Users/Rahmat Eka/Peta-Interaktif/vendor/laravel/framework/src/Illuminate/View/View.php(191): Illuminate/View/View->getContents()
#6 C:/Users/Rahmat Eka/Peta-Interaktif/vendor/laravel/framework/src/Illuminate/View/View.php(160): Illuminate/View/View->renderContents()
#7 C:/Users/Rahmat Eka/Peta-Interaktif/vendor/laravel/framework/src/Illuminate/Http/Response.php(78): Illuminate/View/View->render()
#8 C:/Users/Rahmat Eka/Peta-Interaktif/vendor/laravel/framework/src/Illuminate/Http/Response.php(34): Illuminate/Http/Response->setContent(Object(Illuminate/View/View))
#9 C:/Users/Rahmat Eka/Peta-Interaktif/vendor/laravel/framework/src/Illuminate/Routing/Router.php(939): Illuminate/Http/Response->__construct(Object(Illuminate/View/View), 200, Array)
#10 C:/Users/Rahmat Eka/Peta-Interaktif/vendor/laravel/framework/src/Illuminate/Routing/Router.php(906): Illuminate/Routing/Router::toResponse(Object(Illuminate/Http/Request), Object(Illuminate/View/View))
#11 C:/Users/Rahmat Eka/Peta-Interaktif/vendor/laravel/framework/src/Illuminate/Routing/Router.php(821): Illuminate/Routing/Router->prepareResponse(Object(Illuminate/Http/Request), Object(Illuminate/View/View))
#12 C:/Users/Rahmat Eka/Peta-Interaktif/vendor/laravel/framework/src/Illuminate/Pipeline/Pipeline.php(180): Illuminate/Routing/Router->Illuminate/Routing/{closure}(Object(Illuminate/Http/Request))
#13 C:/Users/Rahmat Eka/Peta-Interaktif/vendor/laravel/framework/src/Illuminate/Routing/Middleware/SubstituteBindings.php(50): Illuminate/Pipeline/Pipeline->Illuminate/Pipeline/{closure}(Object(Illuminate/Http/Request))
#14 C:/Users/Rahmat Eka/Peta-Interaktif/vendor/laravel/framework/src/Illuminate/Pipeline/Pipeline.php(219): Illuminate/Routing/Middleware/SubstituteBindings->handle(Object(Illuminate/Http/Request), Object(Closure))
#15 C:/Users/Rahmat Eka/Peta-Interaktif/vendor/laravel/framework/src/Illuminate/Auth/Middleware/Authenticate.php(63): Illuminate/Pipeline/Pipeline->Illuminate/Pipeline/{closure}(Object(Illuminate/Http/Request))
#16 C:/Users/Rahmat Eka/Peta-Interaktif/vendor/laravel/framework/src/Illuminate/Pipeline/Pipeline.php(219): Illuminate/Auth/Middleware/Authenticate->handle(Object(Illuminate/Http/Request), Object(Closure), 'web')
#17 C:/Users/Rahmat Eka/Peta-Interaktif/vendor/laravel/framework/src/Illuminate/Foundation/Http/Middleware/VerifyCsrfToken.php(87): Illuminate/Pipeline/Pipeline->Illuminate/Pipeline/{closure}(Object(Illuminate/Http/Request))
#18 C:/Users/Rahmat Eka/Peta-Interaktif/vendor/laravel/framework/src/Illuminate/Pipeline/Pipeline.php(219): Illuminate/Foundation/Http/Middleware/VerifyCsrfToken->handle(Object(Illuminate/Http/Request), Object(Closure))
#19 C:/Users/Rahmat Eka/Peta-Interaktif/vendor/laravel/framework/src/Illuminate/View/Middleware/ShareErrorsFromSession.php(48): Illuminate/Pipeline/Pipeline->Illuminate/Pipeline/{closure}(Object(Illuminate/Http/Request))
#20 C:/Users/Rahmat Eka/Peta-Interaktif/vendor/laravel/framework/src/Illuminate/Pipeline/Pipeline.php(219): Illuminate/View/Middleware/ShareErrorsFromSession->handle(Object(Illuminate/Http/Request), Object(Closure))
#21 C:/Users/Rahmat Eka/Peta-Interaktif/vendor/laravel/framework/src/Illuminate/Session/Middleware/StartSession.php(120): Illuminate/Pipeline/Pipeline->Illuminate/Pipeline/{closure}(Object(Illuminate/Http/Request))
#22 C:/Users/Rahmat Eka/Peta-Interaktif/vendor/laravel/framework/src/Illuminate/Session/Middleware/StartSession.php(63): Illuminate/Session/Middleware/StartSession->handleStatefulRequest(Object(Illuminate/Http/Request), Object(Illuminate/Session/Store), Object(Closure))
#23 C:/Users/Rahmat Eka/Peta-Interaktif/vendor/laravel/framework/src/Illuminate/Pipeline/Pipeline.php(219): Illuminate/Session/Middleware/StartSession->handle(Object(Illuminate/Http/Request), Object(Closure))
#24 C:/Users/Rahmat Eka/Peta-Interaktif/vendor/laravel/framework/src/Illuminate/Cookie/Middleware/AddQueuedCookiesToResponse.php(36): Illuminate/Pipeline/Pipeline->Illuminate/Pipeline/{closure}(Object(Illuminate/Http/Request))
#25 C:/Users/Rahmat Eka/Peta-Interaktif/vendor/laravel/framework/src/Illuminate/Pipeline/Pipeline.php(219): Illuminate/Cookie/Middleware/AddQueuedCookiesToResponse->handle(Object(Illuminate/Http/Request), Object(Closure))
#26 C:/Users/Rahmat Eka/Peta-Interaktif/vendor/laravel/framework/src/Illuminate/Cookie/Middleware/EncryptCookies.php(74): Illuminate/Pipeline/Pipeline->Illuminate/Pipeline/{closure}(Object(Illuminate/Http/Request))
#27 C:/Users/Rahmat Eka/Peta-Interaktif/vendor/laravel/framework/src/Illuminate/Pipeline/Pipeline.php(219): Illuminate/Cookie/Middleware/EncryptCookies->handle(Object(Illuminate/Http/Request), Object(Closure))
#28 C:/Users/Rahmat Eka/Peta-Interaktif/vendor/laravel/framework/src/Illuminate/Pipeline/Pipeline.php(137): Illuminate/Pipeline/Pipeline->Illuminate/Pipeline/{closure}(Object(Illuminate/Http/Request))
#29 C:/Users/Rahmat Eka/Peta-Interaktif/vendor/laravel/framework/src/Illuminate/Routing/Router.php(821): Illuminate/Pipeline/Pipeline->then(Object(Closure))
#30 C:/Users/Rahmat Eka/Peta-Interaktif/vendor/laravel/framework/src/Illuminate/Routing/Router.php(800): Illuminate/Routing/Router->runRouteWithinStack(Object(Illuminate/Routing/Route), Object(Illuminate/Http/Request))
#31 C:/Users/Rahmat Eka/Peta-Interaktif/vendor/laravel/framework/src/Illuminate/Routing/Router.php(764): Illuminate/Routing/Router->runRoute(Object(Illuminate/Http/Request), Object(Illuminate/Routing/Route))
#32 C:/Users/Rahmat Eka/Peta-Interaktif/vendor/laravel/framework/src/Illuminate/Routing/Router.php(753): Illuminate/Routing/Router->dispatchToRoute(Object(Illuminate/Http/Request))
#33 C:/Users/Rahmat Eka/Peta-Interaktif/vendor/laravel/framework/src/Illuminate/Foundation/Http/Kernel.php(200): Illuminate/Routing/Router->dispatch(Object(Illuminate/Http/Request))
#34 C:/Users/Rahmat Eka/Peta-Interaktif/vendor/laravel/framework/src/Illuminate/Pipeline/Pipeline.php(180): Illuminate/Foundation/Http/Kernel->Illuminate/Foundation/Http/{closure}(Object(Illuminate/Http/Request))
#35 C:/Users/Rahmat Eka/Peta-Interaktif/vendor/laravel/framework/src/Illuminate/Foundation/Http/Middleware/TransformsRequest.php(21): Illuminate/Pipeline/Pipeline->Illuminate/Pipeline/{closure}(Object(Illuminate/Http/Request))
#36 C:/Users/Rahmat Eka/Peta-Interaktif/vendor/laravel/framework/src/Illuminate/Foundation/Http/Middleware/ConvertEmptyStringsToNull.php(31): Illuminate/Foundation/Http/Middleware/TransformsRequest->handle(Object(Illuminate/Http/Request), Object(Closure))
#37 C:/Users/Rahmat Eka/Peta-Interaktif/vendor/laravel/framework/src/Illuminate/Pipeline/Pipeline.php(219): Illuminate/Foundation/Http/Middleware/ConvertEmptyStringsToNull->handle(Object(Illuminate/Http/Request), Object(Closure))
#38 C:/Users/Rahmat Eka/Peta-Interaktif/vendor/laravel/framework/src/Illuminate/Foundation/Http/Middleware/TransformsRequest.php(21): Illuminate/Pipeline/Pipeline->Illuminate/Pipeline/{closure}(Object(Illuminate/Http/Request))
#39 C:/Users/Rahmat Eka/Peta-Interaktif/vendor/laravel/framework/src/Illuminate/Foundation/Http/Middleware/TrimStrings.php(51): Illuminate/Foundation/Http/Middleware/TransformsRequest->handle(Object(Illuminate/Http/Request), Object(Closure))
#40 C:/Users/Rahmat Eka/Peta-Interaktif/vendor/laravel/framework/src/Illuminate/Pipeline/Pipeline.php(219): Illuminate/Foundation/Http/Middleware/TrimStrings->handle(Object(Illuminate/Http/Request), Object(Closure))
#41 C:/Users/Rahmat Eka/Peta-Interaktif/vendor/laravel/framework/src/Illuminate/Http/Middleware/ValidatePostSize.php(27): Illuminate/Pipeline/Pipeline->Illuminate/Pipeline/{closure}(Object(Illuminate/Http/Request))
#42 C:/Users/Rahmat Eka/Peta-Interaktif/vendor/laravel/framework/src/Illuminate/Pipeline/Pipeline.php(219): Illuminate/Http/Middleware/ValidatePostSize->handle(Object(Illuminate/Http/Request), Object(Closure))
#43 C:/Users/Rahmat Eka/Peta-Interaktif/vendor/laravel/framework/src/Illuminate/Foundation/Http/Middleware/PreventRequestsDuringMaintenance.php(109): Illuminate/Pipeline/Pipeline->Illuminate/Pipeline/{closure}(Object(Illuminate/Http/Request))
#44 C:/Users/Rahmat Eka/Peta-Interaktif/vendor/laravel/framework/src/Illuminate/Pipeline/Pipeline.php(219): Illuminate/Foundation/Http/Middleware/PreventRequestsDuringMaintenance->handle(Object(Illuminate/Http/Request), Object(Closure))
#45 C:/Users/Rahmat Eka/Peta-Interaktif/vendor/laravel/framework/src/Illuminate/Http/Middleware/HandleCors.php(61): Illuminate/Pipeline/Pipeline->Illuminate/Pipeline/{closure}(Object(Illuminate/Http/Request))
#46 C:/Users/Rahmat Eka/Peta-Interaktif/vendor/laravel/framework/src/Illuminate/Pipeline/Pipeline.php(219): Illuminate/Http/Middleware/HandleCors->handle(Object(Illuminate/Http/Request), Object(Closure))
#47 C:/Users/Rahmat Eka/Peta-Interaktif/vendor/laravel/framework/src/Illuminate/Http/Middleware/TrustProxies.php(58): Illuminate/Pipeline/Pipeline->Illuminate/Pipeline/{closure}(Object(Illuminate/Http/Request))
#48 C:/Users/Rahmat Eka/Peta-Interaktif/vendor/laravel/framework/src/Illuminate/Pipeline/Pipeline.php(219): Illuminate/Http/Middleware/TrustProxies->handle(Object(Illuminate/Http/Request), Object(Closure))
#49 C:/Users/Rahmat Eka/Peta-Interaktif/vendor/laravel/framework/src/Illuminate/Foundation/Http/Middleware/InvokeDeferredCallbacks.php(22): Illuminate/Pipeline/Pipeline->Illuminate/Pipeline/{closure}(Object(Illuminate/Http/Request))
#50 C:/Users/Rahmat Eka/Peta-Interaktif/vendor/laravel/framework/src/Illuminate/Pipeline/Pipeline.php(219): Illuminate/Foundation/Http/Middleware/InvokeDeferredCallbacks->handle(Object(Illuminate/Http/Request), Object(Closure))
#51 C:/Users/Rahmat Eka/Peta-Interaktif/vendor/laravel/framework/src/Illuminate/Http/Middleware/ValidatePathEncoding.php(26): Illuminate/Pipeline/Pipeline->Illuminate/Pipeline/{closure}(Object(Illuminate/Http/Request))
#52 C:/Users/Rahmat Eka/Peta-Interaktif/vendor/laravel/framework/src/Illuminate/Pipeline/Pipeline.php(219): Illuminate/Http/Middleware/ValidatePathEncoding->handle(Object(Illuminate/Http/Request), Object(Closure))
#53 C:/Users/Rahmat Eka/Peta-Interaktif/vendor/laravel/framework/src/Illuminate/Pipeline/Pipeline.php(137): Illuminate/Pipeline/Pipeline->Illuminate/Pipeline/{closure}(Object(Illuminate/Http/Request))
#54 C:/Users/Rahmat Eka/Peta-Interaktif/vendor/laravel/framework/src/Illuminate/Foundation/Http/Kernel.php(175): Illuminate/Pipeline/Pipeline->then(Object(Closure))
#55 C:/Users/Rahmat Eka/Peta-Interaktif/vendor/laravel/framework/src/Illuminate/Foundation/Http/Kernel.php(144): Illuminate/Foundation/Http/Kernel->sendRequestThroughRouter(Object(Illuminate/Http/Request))
#56 C:/Users/Rahmat Eka/Peta-Interaktif/vendor/laravel/framework/src/Illuminate/Foundation/Application.php(1220): Illuminate/Foundation/Http/Kernel->handle(Object(Illuminate/Http/Request))
#57 C:/Users/Rahmat Eka/Peta-Interaktif/public/index.php(18): Illuminate/Foundation/Application->handleRequest(Object(Illuminate/Http/Request))
#58 C:/Users/Rahmat Eka/Peta-Interaktif/vendor/laravel/framework/src/Illuminate/Foundation/resources/server.php(23): require_once('C://Users//Rahmat...')
#59 {main}
"} 
[2026-06-15 09:51:48] local.ERROR: Call to a member function translatedFormat() on null (View: C:\Users\Rahmat Eka\Peta-Interaktif\resources\views\masyarakat\profil.blade.php) {"userId":2,"exception":"[object] (Illuminate\\View\\ViewException(code: 0): Call to a member function translatedFormat() on null (View: C:\\Users\\Rahmat Eka\\Peta-Interaktif\\resources\\views\\masyarakat\\profil.blade.php) at C:/Users/Rahmat Eka/Peta-Interaktif/storage/framework/views/739100b60d5aac8d41f4963164a16bc2.php:252)
[stacktrace]
#0 C:/Users/Rahmat Eka/Peta-Interaktif/vendor/laravel/framework/src/Illuminate/View/Engines/PhpEngine.php(59): Illuminate/View/Engines/CompilerEngine->handleViewException(Object(Error), 1)
#1 C:/Users/Rahmat Eka/Peta-Interaktif/vendor/laravel/framework/src/Illuminate/View/Engines/CompilerEngine.php(76): Illuminate/View/Engines/PhpEngine->evaluatePath('C://Users//Rahmat...', Array)
#2 C:/Users/Rahmat Eka/Peta-Interaktif/vendor/laravel/framework/src/Illuminate/View/View.php(208): Illuminate/View/Engines/CompilerEngine->get('C://Users//Rahmat...', Array)
#3 C:/Users/Rahmat Eka/Peta-Interaktif/vendor/laravel/framework/src/Illuminate/View/View.php(191): Illuminate/View/View->getContents()
#4 C:/Users/Rahmat Eka/Peta-Interaktif/vendor/laravel/framework/src/Illuminate/View/View.php(160): Illuminate/View/View->renderContents()
#5 C:/Users/Rahmat Eka/Peta-Interaktif/vendor/laravel/framework/src/Illuminate/Http/Response.php(78): Illuminate/View/View->render()
#6 C:/Users/Rahmat Eka/Peta-Interaktif/vendor/laravel/framework/src/Illuminate/Http/Response.php(34): Illuminate/Http/Response->setContent(Object(Illuminate/View/View))
#7 C:/Users/Rahmat Eka/Peta-Interaktif/vendor/laravel/framework/src/Illuminate/Routing/Router.php(939): Illuminate/Http/Response->__construct(Object(Illuminate/View/View), 200, Array)
#8 C:/Users/Rahmat Eka/Peta-Interaktif/vendor/laravel/framework/src/Illuminate/Routing/Router.php(906): Illuminate/Routing/Router::toResponse(Object(Illuminate/Http/Request), Object(Illuminate/View/View))
#9 C:/Users/Rahmat Eka/Peta-Interaktif/vendor/laravel/framework/src/Illuminate/Routing/Router.php(821): Illuminate/Routing/Router->prepareResponse(Object(Illuminate/Http/Request), Object(Illuminate/View/View))
#10 C:/Users/Rahmat Eka/Peta-Interaktif/vendor/laravel/framework/src/Illuminate/Pipeline/Pipeline.php(180): Illuminate/Routing/Router->Illuminate/Routing/{closure}(Object(Illuminate/Http/Request))
#11 C:/Users/Rahmat Eka/Peta-Interaktif/vendor/laravel/framework/src/Illuminate/Routing/Middleware/SubstituteBindings.php(50): Illuminate/Pipeline/Pipeline->Illuminate/Pipeline/{closure}(Object(Illuminate/Http/Request))
#12 C:/Users/Rahmat Eka/Peta-Interaktif/vendor/laravel/framework/src/Illuminate/Pipeline/Pipeline.php(219): Illuminate/Routing/Middleware/SubstituteBindings->handle(Object(Illuminate/Http/Request), Object(Closure))
#13 C:/Users/Rahmat Eka/Peta-Interaktif/vendor/laravel/framework/src/Illuminate/Auth/Middleware/Authenticate.php(63): Illuminate/Pipeline/Pipeline->Illuminate/Pipeline/{closure}(Object(Illuminate/Http/Request))
#14 C:/Users/Rahmat Eka/Peta-Interaktif/vendor/laravel/framework/src/Illuminate/Pipeline/Pipeline.php(219): Illuminate/Auth/Middleware/Authenticate->handle(Object(Illuminate/Http/Request), Object(Closure), 'web')
#15 C:/Users/Rahmat Eka/Peta-Interaktif/vendor/laravel/framework/src/Illuminate/Foundation/Http/Middleware/VerifyCsrfToken.php(87): Illuminate/Pipeline/Pipeline->Illuminate/Pipeline/{closure}(Object(Illuminate/Http/Request))
#16 C:/Users/Rahmat Eka/Peta-Interaktif/vendor/laravel/framework/src/Illuminate/Pipeline/Pipeline.php(219): Illuminate/Foundation/Http/Middleware/VerifyCsrfToken->handle(Object(Illuminate/Http/Request), Object(Closure))
#17 C:/Users/Rahmat Eka/Peta-Interaktif/vendor/laravel/framework/src/Illuminate/View/Middleware/ShareErrorsFromSession.php(48): Illuminate/Pipeline/Pipeline->Illuminate/Pipeline/{closure}(Object(Illuminate/Http/Request))
#18 C:/Users/Rahmat Eka/Peta-Interaktif/vendor/laravel/framework/src/Illuminate/Pipeline/Pipeline.php(219): Illuminate/View/Middleware/ShareErrorsFromSession->handle(Object(Illuminate/Http/Request), Object(Closure))
#19 C:/Users/Rahmat Eka/Peta-Interaktif/vendor/laravel/framework/src/Illuminate/Session/Middleware/StartSession.php(120): Illuminate/Pipeline/Pipeline->Illuminate/Pipeline/{closure}(Object(Illuminate/Http/Request))
#20 C:/Users/Rahmat Eka/Peta-Interaktif/vendor/laravel/framework/src/Illuminate/Session/Middleware/StartSession.php(63): Illuminate/Session/Middleware/StartSession->handleStatefulRequest(Object(Illuminate/Http/Request), Object(Illuminate/Session/Store), Object(Closure))
#21 C:/Users/Rahmat Eka/Peta-Interaktif/vendor/laravel/framework/src/Illuminate/Pipeline/Pipeline.php(219): Illuminate/Session/Middleware/StartSession->handle(Object(Illuminate/Http/Request), Object(Closure))
#22 C:/Users/Rahmat Eka/Peta-Interaktif/vendor/laravel/framework/src/Illuminate/Cookie/Middleware/AddQueuedCookiesToResponse.php(36): Illuminate/Pipeline/Pipeline->Illuminate/Pipeline/{closure}(Object(Illuminate/Http/Request))
#23 C:/Users/Rahmat Eka/Peta-Interaktif/vendor/laravel/framework/src/Illuminate/Pipeline/Pipeline.php(219): Illuminate/Cookie/Middleware/AddQueuedCookiesToResponse->handle(Object(Illuminate/Http/Request), Object(Closure))
#24 C:/Users/Rahmat Eka/Peta-Interaktif/vendor/laravel/framework/src/Illuminate/Cookie/Middleware/EncryptCookies.php(74): Illuminate/Pipeline/Pipeline->Illuminate/Pipeline/{closure}(Object(Illuminate/Http/Request))
#25 C:/Users/Rahmat Eka/Peta-Interaktif/vendor/laravel/framework/src/Illuminate/Pipeline/Pipeline.php(219): Illuminate/Cookie/Middleware/EncryptCookies->handle(Object(Illuminate/Http/Request), Object(Closure))
#26 C:/Users/Rahmat Eka/Peta-Interaktif/vendor/laravel/framework/src/Illuminate/Pipeline/Pipeline.php(137): Illuminate/Pipeline/Pipeline->Illuminate/Pipeline/{closure}(Object(Illuminate/Http/Request))
#27 C:/Users/Rahmat Eka/Peta-Interaktif/vendor/laravel/framework/src/Illuminate/Routing/Router.php(821): Illuminate/Pipeline/Pipeline->then(Object(Closure))
#28 C:/Users/Rahmat Eka/Peta-Interaktif/vendor/laravel/framework/src/Illuminate/Routing/Router.php(800): Illuminate/Routing/Router->runRouteWithinStack(Object(Illuminate/Routing/Route), Object(Illuminate/Http/Request))
#29 C:/Users/Rahmat Eka/Peta-Interaktif/vendor/laravel/framework/src/Illuminate/Routing/Router.php(764): Illuminate/Routing/Router->runRoute(Object(Illuminate/Http/Request), Object(Illuminate/Routing/Route))
#30 C:/Users/Rahmat Eka/Peta-Interaktif/vendor/laravel/framework/src/Illuminate/Routing/Router.php(753): Illuminate/Routing/Router->dispatchToRoute(Object(Illuminate/Http/Request))
#31 C:/Users/Rahmat Eka/Peta-Interaktif/vendor/laravel/framework/src/Illuminate/Foundation/Http/Kernel.php(200): Illuminate/Routing/Router->dispatch(Object(Illuminate/Http/Request))
#32 C:/Users/Rahmat Eka/Peta-Interaktif/vendor/laravel/framework/src/Illuminate/Pipeline/Pipeline.php(180): Illuminate/Foundation/Http/Kernel->Illuminate/Foundation/Http/{closure}(Object(Illuminate/Http/Request))
#33 C:/Users/Rahmat Eka/Peta-Interaktif/vendor/laravel/framework/src/Illuminate/Foundation/Http/Middleware/TransformsRequest.php(21): Illuminate/Pipeline/Pipeline->Illuminate/Pipeline/{closure}(Object(Illuminate/Http/Request))
#34 C:/Users/Rahmat Eka/Peta-Interaktif/vendor/laravel/framework/src/Illuminate/Foundation/Http/Middleware/ConvertEmptyStringsToNull.php(31): Illuminate/Foundation/Http/Middleware/TransformsRequest->handle(Object(Illuminate/Http/Request), Object(Closure))
#35 C:/Users/Rahmat Eka/Peta-Interaktif/vendor/laravel/framework/src/Illuminate/Pipeline/Pipeline.php(219): Illuminate/Foundation/Http/Middleware/ConvertEmptyStringsToNull->handle(Object(Illuminate/Http/Request), Object(Closure))
#36 C:/Users/Rahmat Eka/Peta-Interaktif/vendor/laravel/framework/src/Illuminate/Foundation/Http/Middleware/TransformsRequest.php(21): Illuminate/Pipeline/Pipeline->Illuminate/Pipeline/{closure}(Object(Illuminate/Http/Request))
#37 C:/Users/Rahmat Eka/Peta-Interaktif/vendor/laravel/framework/src/Illuminate/Foundation/Http/Middleware/TrimStrings.php(51): Illuminate/Foundation/Http/Middleware/TransformsRequest->handle(Object(Illuminate/Http/Request), Object(Closure))
#38 C:/Users/Rahmat Eka/Peta-Interaktif/vendor/laravel/framework/src/Illuminate/Pipeline/Pipeline.php(219): Illuminate/Foundation/Http/Middleware/TrimStrings->handle(Object(Illuminate/Http/Request), Object(Closure))
#39 C:/Users/Rahmat Eka/Peta-Interaktif/vendor/laravel/framework/src/Illuminate/Http/Middleware/ValidatePostSize.php(27): Illuminate/Pipeline/Pipeline->Illuminate/Pipeline/{closure}(Object(Illuminate/Http/Request))
#40 C:/Users/Rahmat Eka/Peta-Interaktif/vendor/laravel/framework/src/Illuminate/Pipeline/Pipeline.php(219): Illuminate/Http/Middleware/ValidatePostSize->handle(Object(Illuminate/Http/Request), Object(Closure))
#41 C:/Users/Rahmat Eka/Peta-Interaktif/vendor/laravel/framework/src/Illuminate/Foundation/Http/Middleware/PreventRequestsDuringMaintenance.php(109): Illuminate/Pipeline/Pipeline->Illuminate/Pipeline/{closure}(Object(Illuminate/Http/Request))
#42 C:/Users/Rahmat Eka/Peta-Interaktif/vendor/laravel/framework/src/Illuminate/Pipeline/Pipeline.php(219): Illuminate/Foundation/Http/Middleware/PreventRequestsDuringMaintenance->handle(Object(Illuminate/Http/Request), Object(Closure))
#43 C:/Users/Rahmat Eka/Peta-Interaktif/vendor/laravel/framework/src/Illuminate/Http/Middleware/HandleCors.php(61): Illuminate/Pipeline/Pipeline->Illuminate/Pipeline/{closure}(Object(Illuminate/Http/Request))
#44 C:/Users/Rahmat Eka/Peta-Interaktif/vendor/laravel/framework/src/Illuminate/Pipeline/Pipeline.php(219): Illuminate/Http/Middleware/HandleCors->handle(Object(Illuminate/Http/Request), Object(Closure))
#45 C:/Users/Rahmat Eka/Peta-Interaktif/vendor/laravel/framework/src/Illuminate/Http/Middleware/TrustProxies.php(58): Illuminate/Pipeline/Pipeline->Illuminate/Pipeline/{closure}(Object(Illuminate/Http/Request))
#46 C:/Users/Rahmat Eka/Peta-Interaktif/vendor/laravel/framework/src/Illuminate/Pipeline/Pipeline.php(219): Illuminate/Http/Middleware/TrustProxies->handle(Object(Illuminate/Http/Request), Object(Closure))
#47 C:/Users/Rahmat Eka/Peta-Interaktif/vendor/laravel/framework/src/Illuminate/Foundation/Http/Middleware/InvokeDeferredCallbacks.php(22): Illuminate/Pipeline/Pipeline->Illuminate/Pipeline/{closure}(Object(Illuminate/Http/Request))
#48 C:/Users/Rahmat Eka/Peta-Interaktif/vendor/laravel/framework/src/Illuminate/Pipeline/Pipeline.php(219): Illuminate/Foundation/Http/Middleware/InvokeDeferredCallbacks->handle(Object(Illuminate/Http/Request), Object(Closure))
#49 C:/Users/Rahmat Eka/Peta-Interaktif/vendor/laravel/framework/src/Illuminate/Http/Middleware/ValidatePathEncoding.php(26): Illuminate/Pipeline/Pipeline->Illuminate/Pipeline/{closure}(Object(Illuminate/Http/Request))
#50 C:/Users/Rahmat Eka/Peta-Interaktif/vendor/laravel/framework/src/Illuminate/Pipeline/Pipeline.php(219): Illuminate/Http/Middleware/ValidatePathEncoding->handle(Object(Illuminate/Http/Request), Object(Closure))
#51 C:/Users/Rahmat Eka/Peta-Interaktif/vendor/laravel/framework/src/Illuminate/Pipeline/Pipeline.php(137): Illuminate/Pipeline/Pipeline->Illuminate/Pipeline/{closure}(Object(Illuminate/Http/Request))
#52 C:/Users/Rahmat Eka/Peta-Interaktif/vendor/laravel/framework/src/Illuminate/Foundation/Http/Kernel.php(175): Illuminate/Pipeline/Pipeline->then(Object(Closure))
#53 C:/Users/Rahmat Eka/Peta-Interaktif/vendor/laravel/framework/src/Illuminate/Foundation/Http/Kernel.php(144): Illuminate/Foundation/Http/Kernel->sendRequestThroughRouter(Object(Illuminate/Http/Request))
#54 C:/Users/Rahmat Eka/Peta-Interaktif/vendor/laravel/framework/src/Illuminate/Foundation/Application.php(1220): Illuminate/Foundation/Http/Kernel->handle(Object(Illuminate/Http/Request))
#55 C:/Users/Rahmat Eka/Peta-Interaktif/public/index.php(18): Illuminate/Foundation/Application->handleRequest(Object(Illuminate/Http/Request))
#56 C:/Users/Rahmat Eka/Peta-Interaktif/vendor/laravel/framework/src/Illuminate/Foundation/resources/server.php(23): require_once('C://Users//Rahmat...')
#57 {main}

[previous exception] [object] (Error(code: 0): Call to a member function translatedFormat() on null at C:/Users/Rahmat Eka/Peta-Interaktif/storage/framework/views/739100b60d5aac8d41f4963164a16bc2.php:252)
[stacktrace]
#0 C:/Users/Rahmat Eka/Peta-Interaktif/vendor/laravel/framework/src/Illuminate/Filesystem/Filesystem.php(123): require()
#1 C:/Users/Rahmat Eka/Peta-Interaktif/vendor/laravel/framework/src/Illuminate/Filesystem/Filesystem.php(124): Illuminate/Filesystem/Filesystem::Illuminate/Filesystem/{closure}()
#2 C:/Users/Rahmat Eka/Peta-Interaktif/vendor/laravel/framework/src/Illuminate/View/Engines/PhpEngine.php(57): Illuminate/Filesystem/Filesystem->getRequire('C://Users//Rahmat...', Array)
#3 C:/Users/Rahmat Eka/Peta-Interaktif/vendor/laravel/framework/src/Illuminate/View/Engines/CompilerEngine.php(76): Illuminate/View/Engines/PhpEngine->evaluatePath('C://Users//Rahmat...', Array)
#4 C:/Users/Rahmat Eka/Peta-Interaktif/vendor/laravel/framework/src/Illuminate/View/View.php(208): Illuminate/View/Engines/CompilerEngine->get('C://Users//Rahmat...', Array)
#5 C:/Users/Rahmat Eka/Peta-Interaktif/vendor/laravel/framework/src/Illuminate/View/View.php(191): Illuminate/View/View->getContents()
#6 C:/Users/Rahmat Eka/Peta-Interaktif/vendor/laravel/framework/src/Illuminate/View/View.php(160): Illuminate/View/View->renderContents()
#7 C:/Users/Rahmat Eka/Peta-Interaktif/vendor/laravel/framework/src/Illuminate/Http/Response.php(78): Illuminate/View/View->render()
#8 C:/Users/Rahmat Eka/Peta-Interaktif/vendor/laravel/framework/src/Illuminate/Http/Response.php(34): Illuminate/Http/Response->setContent(Object(Illuminate/View/View))
#9 C:/Users/Rahmat Eka/Peta-Interaktif/vendor/laravel/framework/src/Illuminate/Routing/Router.php(939): Illuminate/Http/Response->__construct(Object(Illuminate/View/View), 200, Array)
#10 C:/Users/Rahmat Eka/Peta-Interaktif/vendor/laravel/framework/src/Illuminate/Routing/Router.php(906): Illuminate/Routing/Router::toResponse(Object(Illuminate/Http/Request), Object(Illuminate/View/View))
#11 C:/Users/Rahmat Eka/Peta-Interaktif/vendor/laravel/framework/src/Illuminate/Routing/Router.php(821): Illuminate/Routing/Router->prepareResponse(Object(Illuminate/Http/Request), Object(Illuminate/View/View))
#12 C:/Users/Rahmat Eka/Peta-Interaktif/vendor/laravel/framework/src/Illuminate/Pipeline/Pipeline.php(180): Illuminate/Routing/Router->Illuminate/Routing/{closure}(Object(Illuminate/Http/Request))
#13 C:/Users/Rahmat Eka/Peta-Interaktif/vendor/laravel/framework/src/Illuminate/Routing/Middleware/SubstituteBindings.php(50): Illuminate/Pipeline/Pipeline->Illuminate/Pipeline/{closure}(Object(Illuminate/Http/Request))
#14 C:/Users/Rahmat Eka/Peta-Interaktif/vendor/laravel/framework/src/Illuminate/Pipeline/Pipeline.php(219): Illuminate/Routing/Middleware/SubstituteBindings->handle(Object(Illuminate/Http/Request), Object(Closure))
#15 C:/Users/Rahmat Eka/Peta-Interaktif/vendor/laravel/framework/src/Illuminate/Auth/Middleware/Authenticate.php(63): Illuminate/Pipeline/Pipeline->Illuminate/Pipeline/{closure}(Object(Illuminate/Http/Request))
#16 C:/Users/Rahmat Eka/Peta-Interaktif/vendor/laravel/framework/src/Illuminate/Pipeline/Pipeline.php(219): Illuminate/Auth/Middleware/Authenticate->handle(Object(Illuminate/Http/Request), Object(Closure), 'web')
#17 C:/Users/Rahmat Eka/Peta-Interaktif/vendor/laravel/framework/src/Illuminate/Foundation/Http/Middleware/VerifyCsrfToken.php(87): Illuminate/Pipeline/Pipeline->Illuminate/Pipeline/{closure}(Object(Illuminate/Http/Request))
#18 C:/Users/Rahmat Eka/Peta-Interaktif/vendor/laravel/framework/src/Illuminate/Pipeline/Pipeline.php(219): Illuminate/Foundation/Http/Middleware/VerifyCsrfToken->handle(Object(Illuminate/Http/Request), Object(Closure))
#19 C:/Users/Rahmat Eka/Peta-Interaktif/vendor/laravel/framework/src/Illuminate/View/Middleware/ShareErrorsFromSession.php(48): Illuminate/Pipeline/Pipeline->Illuminate/Pipeline/{closure}(Object(Illuminate/Http/Request))
#20 C:/Users/Rahmat Eka/Peta-Interaktif/vendor/laravel/framework/src/Illuminate/Pipeline/Pipeline.php(219): Illuminate/View/Middleware/ShareErrorsFromSession->handle(Object(Illuminate/Http/Request), Object(Closure))
#21 C:/Users/Rahmat Eka/Peta-Interaktif/vendor/laravel/framework/src/Illuminate/Session/Middleware/StartSession.php(120): Illuminate/Pipeline/Pipeline->Illuminate/Pipeline/{closure}(Object(Illuminate/Http/Request))
#22 C:/Users/Rahmat Eka/Peta-Interaktif/vendor/laravel/framework/src/Illuminate/Session/Middleware/StartSession.php(63): Illuminate/Session/Middleware/StartSession->handleStatefulRequest(Object(Illuminate/Http/Request), Object(Illuminate/Session/Store), Object(Closure))
#23 C:/Users/Rahmat Eka/Peta-Interaktif/vendor/laravel/framework/src/Illuminate/Pipeline/Pipeline.php(219): Illuminate/Session/Middleware/StartSession->handle(Object(Illuminate/Http/Request), Object(Closure))
#24 C:/Users/Rahmat Eka/Peta-Interaktif/vendor/laravel/framework/src/Illuminate/Cookie/Middleware/AddQueuedCookiesToResponse.php(36): Illuminate/Pipeline/Pipeline->Illuminate/Pipeline/{closure}(Object(Illuminate/Http/Request))
#25 C:/Users/Rahmat Eka/Peta-Interaktif/vendor/laravel/framework/src/Illuminate/Pipeline/Pipeline.php(219): Illuminate/Cookie/Middleware/AddQueuedCookiesToResponse->handle(Object(Illuminate/Http/Request), Object(Closure))
#26 C:/Users/Rahmat Eka/Peta-Interaktif/vendor/laravel/framework/src/Illuminate/Cookie/Middleware/EncryptCookies.php(74): Illuminate/Pipeline/Pipeline->Illuminate/Pipeline/{closure}(Object(Illuminate/Http/Request))
#27 C:/Users/Rahmat Eka/Peta-Interaktif/vendor/laravel/framework/src/Illuminate/Pipeline/Pipeline.php(219): Illuminate/Cookie/Middleware/EncryptCookies->handle(Object(Illuminate/Http/Request), Object(Closure))
#28 C:/Users/Rahmat Eka/Peta-Interaktif/vendor/laravel/framework/src/Illuminate/Pipeline/Pipeline.php(137): Illuminate/Pipeline/Pipeline->Illuminate/Pipeline/{closure}(Object(Illuminate/Http/Request))
#29 C:/Users/Rahmat Eka/Peta-Interaktif/vendor/laravel/framework/src/Illuminate/Routing/Router.php(821): Illuminate/Pipeline/Pipeline->then(Object(Closure))
#30 C:/Users/Rahmat Eka/Peta-Interaktif/vendor/laravel/framework/src/Illuminate/Routing/Router.php(800): Illuminate/Routing/Router->runRouteWithinStack(Object(Illuminate/Routing/Route), Object(Illuminate/Http/Request))
#31 C:/Users/Rahmat Eka/Peta-Interaktif/vendor/laravel/framework/src/Illuminate/Routing/Router.php(764): Illuminate/Routing/Router->runRoute(Object(Illuminate/Http/Request), Object(Illuminate/Routing/Route))
#32 C:/Users/Rahmat Eka/Peta-Interaktif/vendor/laravel/framework/src/Illuminate/Routing/Router.php(753): Illuminate/Routing/Router->dispatchToRoute(Object(Illuminate/Http/Request))
#33 C:/Users/Rahmat Eka/Peta-Interaktif/vendor/laravel/framework/src/Illuminate/Foundation/Http/Kernel.php(200): Illuminate/Routing/Router->dispatch(Object(Illuminate/Http/Request))
#34 C:/Users/Rahmat Eka/Peta-Interaktif/vendor/laravel/framework/src/Illuminate/Pipeline/Pipeline.php(180): Illuminate/Foundation/Http/Kernel->Illuminate/Foundation/Http/{closure}(Object(Illuminate/Http/Request))
#35 C:/Users/Rahmat Eka/Peta-Interaktif/vendor/laravel/framework/src/Illuminate/Foundation/Http/Middleware/TransformsRequest.php(21): Illuminate/Pipeline/Pipeline->Illuminate/Pipeline/{closure}(Object(Illuminate/Http/Request))
#36 C:/Users/Rahmat Eka/Peta-Interaktif/vendor/laravel/framework/src/Illuminate/Foundation/Http/Middleware/ConvertEmptyStringsToNull.php(31): Illuminate/Foundation/Http/Middleware/TransformsRequest->handle(Object(Illuminate/Http/Request), Object(Closure))
#37 C:/Users/Rahmat Eka/Peta-Interaktif/vendor/laravel/framework/src/Illuminate/Pipeline/Pipeline.php(219): Illuminate/Foundation/Http/Middleware/ConvertEmptyStringsToNull->handle(Object(Illuminate/Http/Request), Object(Closure))
#38 C:/Users/Rahmat Eka/Peta-Interaktif/vendor/laravel/framework/src/Illuminate/Foundation/Http/Middleware/TransformsRequest.php(21): Illuminate/Pipeline/Pipeline->Illuminate/Pipeline/{closure}(Object(Illuminate/Http/Request))
#39 C:/Users/Rahmat Eka/Peta-Interaktif/vendor/laravel/framework/src/Illuminate/Foundation/Http/Middleware/TrimStrings.php(51): Illuminate/Foundation/Http/Middleware/TransformsRequest->handle(Object(Illuminate/Http/Request), Object(Closure))
#40 C:/Users/Rahmat Eka/Peta-Interaktif/vendor/laravel/framework/src/Illuminate/Pipeline/Pipeline.php(219): Illuminate/Foundation/Http/Middleware/TrimStrings->handle(Object(Illuminate/Http/Request), Object(Closure))
#41 C:/Users/Rahmat Eka/Peta-Interaktif/vendor/laravel/framework/src/Illuminate/Http/Middleware/ValidatePostSize.php(27): Illuminate/Pipeline/Pipeline->Illuminate/Pipeline/{closure}(Object(Illuminate/Http/Request))
#42 C:/Users/Rahmat Eka/Peta-Interaktif/vendor/laravel/framework/src/Illuminate/Pipeline/Pipeline.php(219): Illuminate/Http/Middleware/ValidatePostSize->handle(Object(Illuminate/Http/Request), Object(Closure))
#43 C:/Users/Rahmat Eka/Peta-Interaktif/vendor/laravel/framework/src/Illuminate/Foundation/Http/Middleware/PreventRequestsDuringMaintenance.php(109): Illuminate/Pipeline/Pipeline->Illuminate/Pipeline/{closure}(Object(Illuminate/Http/Request))
#44 C:/Users/Rahmat Eka/Peta-Interaktif/vendor/laravel/framework/src/Illuminate/Pipeline/Pipeline.php(219): Illuminate/Foundation/Http/Middleware/PreventRequestsDuringMaintenance->handle(Object(Illuminate/Http/Request), Object(Closure))
#45 C:/Users/Rahmat Eka/Peta-Interaktif/vendor/laravel/framework/src/Illuminate/Http/Middleware/HandleCors.php(61): Illuminate/Pipeline/Pipeline->Illuminate/Pipeline/{closure}(Object(Illuminate/Http/Request))
#46 C:/Users/Rahmat Eka/Peta-Interaktif/vendor/laravel/framework/src/Illuminate/Pipeline/Pipeline.php(219): Illuminate/Http/Middleware/HandleCors->handle(Object(Illuminate/Http/Request), Object(Closure))
#47 C:/Users/Rahmat Eka/Peta-Interaktif/vendor/laravel/framework/src/Illuminate/Http/Middleware/TrustProxies.php(58): Illuminate/Pipeline/Pipeline->Illuminate/Pipeline/{closure}(Object(Illuminate/Http/Request))
#48 C:/Users/Rahmat Eka/Peta-Interaktif/vendor/laravel/framework/src/Illuminate/Pipeline/Pipeline.php(219): Illuminate/Http/Middleware/TrustProxies->handle(Object(Illuminate/Http/Request), Object(Closure))
#49 C:/Users/Rahmat Eka/Peta-Interaktif/vendor/laravel/framework/src/Illuminate/Foundation/Http/Middleware/InvokeDeferredCallbacks.php(22): Illuminate/Pipeline/Pipeline->Illuminate/Pipeline/{closure}(Object(Illuminate/Http/Request))
#50 C:/Users/Rahmat Eka/Peta-Interaktif/vendor/laravel/framework/src/Illuminate/Pipeline/Pipeline.php(219): Illuminate/Foundation/Http/Middleware/InvokeDeferredCallbacks->handle(Object(Illuminate/Http/Request), Object(Closure))
#51 C:/Users/Rahmat Eka/Peta-Interaktif/vendor/laravel/framework/src/Illuminate/Http/Middleware/ValidatePathEncoding.php(26): Illuminate/Pipeline/Pipeline->Illuminate/Pipeline/{closure}(Object(Illuminate/Http/Request))
#52 C:/Users/Rahmat Eka/Peta-Interaktif/vendor/laravel/framework/src/Illuminate/Pipeline/Pipeline.php(219): Illuminate/Http/Middleware/ValidatePathEncoding->handle(Object(Illuminate/Http/Request), Object(Closure))
#53 C:/Users/Rahmat Eka/Peta-Interaktif/vendor/laravel/framework/src/Illuminate/Pipeline/Pipeline.php(137): Illuminate/Pipeline/Pipeline->Illuminate/Pipeline/{closure}(Object(Illuminate/Http/Request))
#54 C:/Users/Rahmat Eka/Peta-Interaktif/vendor/laravel/framework/src/Illuminate/Foundation/Http/Kernel.php(175): Illuminate/Pipeline/Pipeline->then(Object(Closure))
#55 C:/Users/Rahmat Eka/Peta-Interaktif/vendor/laravel/framework/src/Illuminate/Foundation/Http/Kernel.php(144): Illuminate/Foundation/Http/Kernel->sendRequestThroughRouter(Object(Illuminate/Http/Request))
#56 C:/Users/Rahmat Eka/Peta-Interaktif/vendor/laravel/framework/src/Illuminate/Foundation/Application.php(1220): Illuminate/Foundation/Http/Kernel->handle(Object(Illuminate/Http/Request))
#57 C:/Users/Rahmat Eka/Peta-Interaktif/public/index.php(18): Illuminate/Foundation/Application->handleRequest(Object(Illuminate/Http/Request))
#58 C:/Users/Rahmat Eka/Peta-Interaktif/vendor/laravel/framework/src/Illuminate/Foundation/resources/server.php(23): require_once('C://Users//Rahmat...')
#59 {main}
"} 
[2026-06-15 09:51:59] local.ERROR: Call to a member function translatedFormat() on null (View: C:\Users\Rahmat Eka\Peta-Interaktif\resources\views\masyarakat\profil.blade.php) {"userId":2,"exception":"[object] (Illuminate\\View\\ViewException(code: 0): Call to a member function translatedFormat() on null (View: C:\\Users\\Rahmat Eka\\Peta-Interaktif\\resources\\views\\masyarakat\\profil.blade.php) at C:/Users/Rahmat Eka/Peta-Interaktif/storage/framework/views/739100b60d5aac8d41f4963164a16bc2.php:252)
[stacktrace]
#0 C:/Users/Rahmat Eka/Peta-Interaktif/vendor/laravel/framework/src/Illuminate/View/Engines/PhpEngine.php(59): Illuminate/View/Engines/CompilerEngine->handleViewException(Object(Error), 1)
#1 C:/Users/Rahmat Eka/Peta-Interaktif/vendor/laravel/framework/src/Illuminate/View/Engines/CompilerEngine.php(76): Illuminate/View/Engines/PhpEngine->evaluatePath('C://Users//Rahmat...', Array)
#2 C:/Users/Rahmat Eka/Peta-Interaktif/vendor/laravel/framework/src/Illuminate/View/View.php(208): Illuminate/View/Engines/CompilerEngine->get('C://Users//Rahmat...', Array)
#3 C:/Users/Rahmat Eka/Peta-Interaktif/vendor/laravel/framework/src/Illuminate/View/View.php(191): Illuminate/View/View->getContents()
#4 C:/Users/Rahmat Eka/Peta-Interaktif/vendor/laravel/framework/src/Illuminate/View/View.php(160): Illuminate/View/View->renderContents()
#5 C:/Users/Rahmat Eka/Peta-Interaktif/vendor/laravel/framework/src/Illuminate/Http/Response.php(78): Illuminate/View/View->render()
#6 C:/Users/Rahmat Eka/Peta-Interaktif/vendor/laravel/framework/src/Illuminate/Http/Response.php(34): Illuminate/Http/Response->setContent(Object(Illuminate/View/View))
#7 C:/Users/Rahmat Eka/Peta-Interaktif/vendor/laravel/framework/src/Illuminate/Routing/Router.php(939): Illuminate/Http/Response->__construct(Object(Illuminate/View/View), 200, Array)
#8 C:/Users/Rahmat Eka/Peta-Interaktif/vendor/laravel/framework/src/Illuminate/Routing/Router.php(906): Illuminate/Routing/Router::toResponse(Object(Illuminate/Http/Request), Object(Illuminate/View/View))
#9 C:/Users/Rahmat Eka/Peta-Interaktif/vendor/laravel/framework/src/Illuminate/Routing/Router.php(821): Illuminate/Routing/Router->prepareResponse(Object(Illuminate/Http/Request), Object(Illuminate/View/View))
#10 C:/Users/Rahmat Eka/Peta-Interaktif/vendor/laravel/framework/src/Illuminate/Pipeline/Pipeline.php(180): Illuminate/Routing/Router->Illuminate/Routing/{closure}(Object(Illuminate/Http/Request))
#11 C:/Users/Rahmat Eka/Peta-Interaktif/vendor/laravel/framework/src/Illuminate/Routing/Middleware/SubstituteBindings.php(50): Illuminate/Pipeline/Pipeline->Illuminate/Pipeline/{closure}(Object(Illuminate/Http/Request))
#12 C:/Users/Rahmat Eka/Peta-Interaktif/vendor/laravel/framework/src/Illuminate/Pipeline/Pipeline.php(219): Illuminate/Routing/Middleware/SubstituteBindings->handle(Object(Illuminate/Http/Request), Object(Closure))
#13 C:/Users/Rahmat Eka/Peta-Interaktif/vendor/laravel/framework/src/Illuminate/Auth/Middleware/Authenticate.php(63): Illuminate/Pipeline/Pipeline->Illuminate/Pipeline/{closure}(Object(Illuminate/Http/Request))
#14 C:/Users/Rahmat Eka/Peta-Interaktif/vendor/laravel/framework/src/Illuminate/Pipeline/Pipeline.php(219): Illuminate/Auth/Middleware/Authenticate->handle(Object(Illuminate/Http/Request), Object(Closure), 'web')
#15 C:/Users/Rahmat Eka/Peta-Interaktif/vendor/laravel/framework/src/Illuminate/Foundation/Http/Middleware/VerifyCsrfToken.php(87): Illuminate/Pipeline/Pipeline->Illuminate/Pipeline/{closure}(Object(Illuminate/Http/Request))
#16 C:/Users/Rahmat Eka/Peta-Interaktif/vendor/laravel/framework/src/Illuminate/Pipeline/Pipeline.php(219): Illuminate/Foundation/Http/Middleware/VerifyCsrfToken->handle(Object(Illuminate/Http/Request), Object(Closure))
#17 C:/Users/Rahmat Eka/Peta-Interaktif/vendor/laravel/framework/src/Illuminate/View/Middleware/ShareErrorsFromSession.php(48): Illuminate/Pipeline/Pipeline->Illuminate/Pipeline/{closure}(Object(Illuminate/Http/Request))
#18 C:/Users/Rahmat Eka/Peta-Interaktif/vendor/laravel/framework/src/Illuminate/Pipeline/Pipeline.php(219): Illuminate/View/Middleware/ShareErrorsFromSession->handle(Object(Illuminate/Http/Request), Object(Closure))
#19 C:/Users/Rahmat Eka/Peta-Interaktif/vendor/laravel/framework/src/Illuminate/Session/Middleware/StartSession.php(120): Illuminate/Pipeline/Pipeline->Illuminate/Pipeline/{closure}(Object(Illuminate/Http/Request))
#20 C:/Users/Rahmat Eka/Peta-Interaktif/vendor/laravel/framework/src/Illuminate/Session/Middleware/StartSession.php(63): Illuminate/Session/Middleware/StartSession->handleStatefulRequest(Object(Illuminate/Http/Request), Object(Illuminate/Session/Store), Object(Closure))
#21 C:/Users/Rahmat Eka/Peta-Interaktif/vendor/laravel/framework/src/Illuminate/Pipeline/Pipeline.php(219): Illuminate/Session/Middleware/StartSession->handle(Object(Illuminate/Http/Request), Object(Closure))
#22 C:/Users/Rahmat Eka/Peta-Interaktif/vendor/laravel/framework/src/Illuminate/Cookie/Middleware/AddQueuedCookiesToResponse.php(36): Illuminate/Pipeline/Pipeline->Illuminate/Pipeline/{closure}(Object(Illuminate/Http/Request))
#23 C:/Users/Rahmat Eka/Peta-Interaktif/vendor/laravel/framework/src/Illuminate/Pipeline/Pipeline.php(219): Illuminate/Cookie/Middleware/AddQueuedCookiesToResponse->handle(Object(Illuminate/Http/Request), Object(Closure))
#24 C:/Users/Rahmat Eka/Peta-Interaktif/vendor/laravel/framework/src/Illuminate/Cookie/Middleware/EncryptCookies.php(74): Illuminate/Pipeline/Pipeline->Illuminate/Pipeline/{closure}(Object(Illuminate/Http/Request))
#25 C:/Users/Rahmat Eka/Peta-Interaktif/vendor/laravel/framework/src/Illuminate/Pipeline/Pipeline.php(219): Illuminate/Cookie/Middleware/EncryptCookies->handle(Object(Illuminate/Http/Request), Object(Closure))
#26 C:/Users/Rahmat Eka/Peta-Interaktif/vendor/laravel/framework/src/Illuminate/Pipeline/Pipeline.php(137): Illuminate/Pipeline/Pipeline->Illuminate/Pipeline/{closure}(Object(Illuminate/Http/Request))
#27 C:/Users/Rahmat Eka/Peta-Interaktif/vendor/laravel/framework/src/Illuminate/Routing/Router.php(821): Illuminate/Pipeline/Pipeline->then(Object(Closure))
#28 C:/Users/Rahmat Eka/Peta-Interaktif/vendor/laravel/framework/src/Illuminate/Routing/Router.php(800): Illuminate/Routing/Router->runRouteWithinStack(Object(Illuminate/Routing/Route), Object(Illuminate/Http/Request))
#29 C:/Users/Rahmat Eka/Peta-Interaktif/vendor/laravel/framework/src/Illuminate/Routing/Router.php(764): Illuminate/Routing/Router->runRoute(Object(Illuminate/Http/Request), Object(Illuminate/Routing/Route))
#30 C:/Users/Rahmat Eka/Peta-Interaktif/vendor/laravel/framework/src/Illuminate/Routing/Router.php(753): Illuminate/Routing/Router->dispatchToRoute(Object(Illuminate/Http/Request))
#31 C:/Users/Rahmat Eka/Peta-Interaktif/vendor/laravel/framework/src/Illuminate/Foundation/Http/Kernel.php(200): Illuminate/Routing/Router->dispatch(Object(Illuminate/Http/Request))
#32 C:/Users/Rahmat Eka/Peta-Interaktif/vendor/laravel/framework/src/Illuminate/Pipeline/Pipeline.php(180): Illuminate/Foundation/Http/Kernel->Illuminate/Foundation/Http/{closure}(Object(Illuminate/Http/Request))
#33 C:/Users/Rahmat Eka/Peta-Interaktif/vendor/laravel/framework/src/Illuminate/Foundation/Http/Middleware/TransformsRequest.php(21): Illuminate/Pipeline/Pipeline->Illuminate/Pipeline/{closure}(Object(Illuminate/Http/Request))
#34 C:/Users/Rahmat Eka/Peta-Interaktif/vendor/laravel/framework/src/Illuminate/Foundation/Http/Middleware/ConvertEmptyStringsToNull.php(31): Illuminate/Foundation/Http/Middleware/TransformsRequest->handle(Object(Illuminate/Http/Request), Object(Closure))
#35 C:/Users/Rahmat Eka/Peta-Interaktif/vendor/laravel/framework/src/Illuminate/Pipeline/Pipeline.php(219): Illuminate/Foundation/Http/Middleware/ConvertEmptyStringsToNull->handle(Object(Illuminate/Http/Request), Object(Closure))
#36 C:/Users/Rahmat Eka/Peta-Interaktif/vendor/laravel/framework/src/Illuminate/Foundation/Http/Middleware/TransformsRequest.php(21): Illuminate/Pipeline/Pipeline->Illuminate/Pipeline/{closure}(Object(Illuminate/Http/Request))
#37 C:/Users/Rahmat Eka/Peta-Interaktif/vendor/laravel/framework/src/Illuminate/Foundation/Http/Middleware/TrimStrings.php(51): Illuminate/Foundation/Http/Middleware/TransformsRequest->handle(Object(Illuminate/Http/Request), Object(Closure))
#38 C:/Users/Rahmat Eka/Peta-Interaktif/vendor/laravel/framework/src/Illuminate/Pipeline/Pipeline.php(219): Illuminate/Foundation/Http/Middleware/TrimStrings->handle(Object(Illuminate/Http/Request), Object(Closure))
#39 C:/Users/Rahmat Eka/Peta-Interaktif/vendor/laravel/framework/src/Illuminate/Http/Middleware/ValidatePostSize.php(27): Illuminate/Pipeline/Pipeline->Illuminate/Pipeline/{closure}(Object(Illuminate/Http/Request))
#40 C:/Users/Rahmat Eka/Peta-Interaktif/vendor/laravel/framework/src/Illuminate/Pipeline/Pipeline.php(219): Illuminate/Http/Middleware/ValidatePostSize->handle(Object(Illuminate/Http/Request), Object(Closure))
#41 C:/Users/Rahmat Eka/Peta-Interaktif/vendor/laravel/framework/src/Illuminate/Foundation/Http/Middleware/PreventRequestsDuringMaintenance.php(109): Illuminate/Pipeline/Pipeline->Illuminate/Pipeline/{closure}(Object(Illuminate/Http/Request))
#42 C:/Users/Rahmat Eka/Peta-Interaktif/vendor/laravel/framework/src/Illuminate/Pipeline/Pipeline.php(219): Illuminate/Foundation/Http/Middleware/PreventRequestsDuringMaintenance->handle(Object(Illuminate/Http/Request), Object(Closure))
#43 C:/Users/Rahmat Eka/Peta-Interaktif/vendor/laravel/framework/src/Illuminate/Http/Middleware/HandleCors.php(61): Illuminate/Pipeline/Pipeline->Illuminate/Pipeline/{closure}(Object(Illuminate/Http/Request))
#44 C:/Users/Rahmat Eka/Peta-Interaktif/vendor/laravel/framework/src/Illuminate/Pipeline/Pipeline.php(219): Illuminate/Http/Middleware/HandleCors->handle(Object(Illuminate/Http/Request), Object(Closure))
#45 C:/Users/Rahmat Eka/Peta-Interaktif/vendor/laravel/framework/src/Illuminate/Http/Middleware/TrustProxies.php(58): Illuminate/Pipeline/Pipeline->Illuminate/Pipeline/{closure}(Object(Illuminate/Http/Request))
#46 C:/Users/Rahmat Eka/Peta-Interaktif/vendor/laravel/framework/src/Illuminate/Pipeline/Pipeline.php(219): Illuminate/Http/Middleware/TrustProxies->handle(Object(Illuminate/Http/Request), Object(Closure))
#47 C:/Users/Rahmat Eka/Peta-Interaktif/vendor/laravel/framework/src/Illuminate/Foundation/Http/Middleware/InvokeDeferredCallbacks.php(22): Illuminate/Pipeline/Pipeline->Illuminate/Pipeline/{closure}(Object(Illuminate/Http/Request))
#48 C:/Users/Rahmat Eka/Peta-Interaktif/vendor/laravel/framework/src/Illuminate/Pipeline/Pipeline.php(219): Illuminate/Foundation/Http/Middleware/InvokeDeferredCallbacks->handle(Object(Illuminate/Http/Request), Object(Closure))
#49 C:/Users/Rahmat Eka/Peta-Interaktif/vendor/laravel/framework/src/Illuminate/Http/Middleware/ValidatePathEncoding.php(26): Illuminate/Pipeline/Pipeline->Illuminate/Pipeline/{closure}(Object(Illuminate/Http/Request))
#50 C:/Users/Rahmat Eka/Peta-Interaktif/vendor/laravel/framework/src/Illuminate/Pipeline/Pipeline.php(219): Illuminate/Http/Middleware/ValidatePathEncoding->handle(Object(Illuminate/Http/Request), Object(Closure))
#51 C:/Users/Rahmat Eka/Peta-Interaktif/vendor/laravel/framework/src/Illuminate/Pipeline/Pipeline.php(137): Illuminate/Pipeline/Pipeline->Illuminate/Pipeline/{closure}(Object(Illuminate/Http/Request))
#52 C:/Users/Rahmat Eka/Peta-Interaktif/vendor/laravel/framework/src/Illuminate/Foundation/Http/Kernel.php(175): Illuminate/Pipeline/Pipeline->then(Object(Closure))
#53 C:/Users/Rahmat Eka/Peta-Interaktif/vendor/laravel/framework/src/Illuminate/Foundation/Http/Kernel.php(144): Illuminate/Foundation/Http/Kernel->sendRequestThroughRouter(Object(Illuminate/Http/Request))
#54 C:/Users/Rahmat Eka/Peta-Interaktif/vendor/laravel/framework/src/Illuminate/Foundation/Application.php(1220): Illuminate/Foundation/Http/Kernel->handle(Object(Illuminate/Http/Request))
#55 C:/Users/Rahmat Eka/Peta-Interaktif/public/index.php(18): Illuminate/Foundation/Application->handleRequest(Object(Illuminate/Http/Request))
#56 C:/Users/Rahmat Eka/Peta-Interaktif/vendor/laravel/framework/src/Illuminate/Foundation/resources/server.php(23): require_once('C://Users//Rahmat...')
#57 {main}

[previous exception] [object] (Error(code: 0): Call to a member function translatedFormat() on null at C:/Users/Rahmat Eka/Peta-Interaktif/storage/framework/views/739100b60d5aac8d41f4963164a16bc2.php:252)
[stacktrace]
#0 C:/Users/Rahmat Eka/Peta-Interaktif/vendor/laravel/framework/src/Illuminate/Filesystem/Filesystem.php(123): require()
#1 C:/Users/Rahmat Eka/Peta-Interaktif/vendor/laravel/framework/src/Illuminate/Filesystem/Filesystem.php(124): Illuminate/Filesystem/Filesystem::Illuminate/Filesystem/{closure}()
#2 C:/Users/Rahmat Eka/Peta-Interaktif/vendor/laravel/framework/src/Illuminate/View/Engines/PhpEngine.php(57): Illuminate/Filesystem/Filesystem->getRequire('C://Users//Rahmat...', Array)
#3 C:/Users/Rahmat Eka/Peta-Interaktif/vendor/laravel/framework/src/Illuminate/View/Engines/CompilerEngine.php(76): Illuminate/View/Engines/PhpEngine->evaluatePath('C://Users//Rahmat...', Array)
#4 C:/Users/Rahmat Eka/Peta-Interaktif/vendor/laravel/framework/src/Illuminate/View/View.php(208): Illuminate/View/Engines/CompilerEngine->get('C://Users//Rahmat...', Array)
#5 C:/Users/Rahmat Eka/Peta-Interaktif/vendor/laravel/framework/src/Illuminate/View/View.php(191): Illuminate/View/View->getContents()
#6 C:/Users/Rahmat Eka/Peta-Interaktif/vendor/laravel/framework/src/Illuminate/View/View.php(160): Illuminate/View/View->renderContents()
#7 C:/Users/Rahmat Eka/Peta-Interaktif/vendor/laravel/framework/src/Illuminate/Http/Response.php(78): Illuminate/View/View->render()
#8 C:/Users/Rahmat Eka/Peta-Interaktif/vendor/laravel/framework/src/Illuminate/Http/Response.php(34): Illuminate/Http/Response->setContent(Object(Illuminate/View/View))
#9 C:/Users/Rahmat Eka/Peta-Interaktif/vendor/laravel/framework/src/Illuminate/Routing/Router.php(939): Illuminate/Http/Response->__construct(Object(Illuminate/View/View), 200, Array)
#10 C:/Users/Rahmat Eka/Peta-Interaktif/vendor/laravel/framework/src/Illuminate/Routing/Router.php(906): Illuminate/Routing/Router::toResponse(Object(Illuminate/Http/Request), Object(Illuminate/View/View))
#11 C:/Users/Rahmat Eka/Peta-Interaktif/vendor/laravel/framework/src/Illuminate/Routing/Router.php(821): Illuminate/Routing/Router->prepareResponse(Object(Illuminate/Http/Request), Object(Illuminate/View/View))
#12 C:/Users/Rahmat Eka/Peta-Interaktif/vendor/laravel/framework/src/Illuminate/Pipeline/Pipeline.php(180): Illuminate/Routing/Router->Illuminate/Routing/{closure}(Object(Illuminate/Http/Request))
#13 C:/Users/Rahmat Eka/Peta-Interaktif/vendor/laravel/framework/src/Illuminate/Routing/Middleware/SubstituteBindings.php(50): Illuminate/Pipeline/Pipeline->Illuminate/Pipeline/{closure}(Object(Illuminate/Http/Request))
#14 C:/Users/Rahmat Eka/Peta-Interaktif/vendor/laravel/framework/src/Illuminate/Pipeline/Pipeline.php(219): Illuminate/Routing/Middleware/SubstituteBindings->handle(Object(Illuminate/Http/Request), Object(Closure))
#15 C:/Users/Rahmat Eka/Peta-Interaktif/vendor/laravel/framework/src/Illuminate/Auth/Middleware/Authenticate.php(63): Illuminate/Pipeline/Pipeline->Illuminate/Pipeline/{closure}(Object(Illuminate/Http/Request))
#16 C:/Users/Rahmat Eka/Peta-Interaktif/vendor/laravel/framework/src/Illuminate/Pipeline/Pipeline.php(219): Illuminate/Auth/Middleware/Authenticate->handle(Object(Illuminate/Http/Request), Object(Closure), 'web')
#17 C:/Users/Rahmat Eka/Peta-Interaktif/vendor/laravel/framework/src/Illuminate/Foundation/Http/Middleware/VerifyCsrfToken.php(87): Illuminate/Pipeline/Pipeline->Illuminate/Pipeline/{closure}(Object(Illuminate/Http/Request))
#18 C:/Users/Rahmat Eka/Peta-Interaktif/vendor/laravel/framework/src/Illuminate/Pipeline/Pipeline.php(219): Illuminate/Foundation/Http/Middleware/VerifyCsrfToken->handle(Object(Illuminate/Http/Request), Object(Closure))
#19 C:/Users/Rahmat Eka/Peta-Interaktif/vendor/laravel/framework/src/Illuminate/View/Middleware/ShareErrorsFromSession.php(48): Illuminate/Pipeline/Pipeline->Illuminate/Pipeline/{closure}(Object(Illuminate/Http/Request))
#20 C:/Users/Rahmat Eka/Peta-Interaktif/vendor/laravel/framework/src/Illuminate/Pipeline/Pipeline.php(219): Illuminate/View/Middleware/ShareErrorsFromSession->handle(Object(Illuminate/Http/Request), Object(Closure))
#21 C:/Users/Rahmat Eka/Peta-Interaktif/vendor/laravel/framework/src/Illuminate/Session/Middleware/StartSession.php(120): Illuminate/Pipeline/Pipeline->Illuminate/Pipeline/{closure}(Object(Illuminate/Http/Request))
#22 C:/Users/Rahmat Eka/Peta-Interaktif/vendor/laravel/framework/src/Illuminate/Session/Middleware/StartSession.php(63): Illuminate/Session/Middleware/StartSession->handleStatefulRequest(Object(Illuminate/Http/Request), Object(Illuminate/Session/Store), Object(Closure))
#23 C:/Users/Rahmat Eka/Peta-Interaktif/vendor/laravel/framework/src/Illuminate/Pipeline/Pipeline.php(219): Illuminate/Session/Middleware/StartSession->handle(Object(Illuminate/Http/Request), Object(Closure))
#24 C:/Users/Rahmat Eka/Peta-Interaktif/vendor/laravel/framework/src/Illuminate/Cookie/Middleware/AddQueuedCookiesToResponse.php(36): Illuminate/Pipeline/Pipeline->Illuminate/Pipeline/{closure}(Object(Illuminate/Http/Request))
#25 C:/Users/Rahmat Eka/Peta-Interaktif/vendor/laravel/framework/src/Illuminate/Pipeline/Pipeline.php(219): Illuminate/Cookie/Middleware/AddQueuedCookiesToResponse->handle(Object(Illuminate/Http/Request), Object(Closure))
#26 C:/Users/Rahmat Eka/Peta-Interaktif/vendor/laravel/framework/src/Illuminate/Cookie/Middleware/EncryptCookies.php(74): Illuminate/Pipeline/Pipeline->Illuminate/Pipeline/{closure}(Object(Illuminate/Http/Request))
#27 C:/Users/Rahmat Eka/Peta-Interaktif/vendor/laravel/framework/src/Illuminate/Pipeline/Pipeline.php(219): Illuminate/Cookie/Middleware/EncryptCookies->handle(Object(Illuminate/Http/Request), Object(Closure))
#28 C:/Users/Rahmat Eka/Peta-Interaktif/vendor/laravel/framework/src/Illuminate/Pipeline/Pipeline.php(137): Illuminate/Pipeline/Pipeline->Illuminate/Pipeline/{closure}(Object(Illuminate/Http/Request))
#29 C:/Users/Rahmat Eka/Peta-Interaktif/vendor/laravel/framework/src/Illuminate/Routing/Router.php(821): Illuminate/Pipeline/Pipeline->then(Object(Closure))
#30 C:/Users/Rahmat Eka/Peta-Interaktif/vendor/laravel/framework/src/Illuminate/Routing/Router.php(800): Illuminate/Routing/Router->runRouteWithinStack(Object(Illuminate/Routing/Route), Object(Illuminate/Http/Request))
#31 C:/Users/Rahmat Eka/Peta-Interaktif/vendor/laravel/framework/src/Illuminate/Routing/Router.php(764): Illuminate/Routing/Router->runRoute(Object(Illuminate/Http/Request), Object(Illuminate/Routing/Route))
#32 C:/Users/Rahmat Eka/Peta-Interaktif/vendor/laravel/framework/src/Illuminate/Routing/Router.php(753): Illuminate/Routing/Router->dispatchToRoute(Object(Illuminate/Http/Request))
#33 C:/Users/Rahmat Eka/Peta-Interaktif/vendor/laravel/framework/src/Illuminate/Foundation/Http/Kernel.php(200): Illuminate/Routing/Router->dispatch(Object(Illuminate/Http/Request))
#34 C:/Users/Rahmat Eka/Peta-Interaktif/vendor/laravel/framework/src/Illuminate/Pipeline/Pipeline.php(180): Illuminate/Foundation/Http/Kernel->Illuminate/Foundation/Http/{closure}(Object(Illuminate/Http/Request))
#35 C:/Users/Rahmat Eka/Peta-Interaktif/vendor/laravel/framework/src/Illuminate/Foundation/Http/Middleware/TransformsRequest.php(21): Illuminate/Pipeline/Pipeline->Illuminate/Pipeline/{closure}(Object(Illuminate/Http/Request))
#36 C:/Users/Rahmat Eka/Peta-Interaktif/vendor/laravel/framework/src/Illuminate/Foundation/Http/Middleware/ConvertEmptyStringsToNull.php(31): Illuminate/Foundation/Http/Middleware/TransformsRequest->handle(Object(Illuminate/Http/Request), Object(Closure))
#37 C:/Users/Rahmat Eka/Peta-Interaktif/vendor/laravel/framework/src/Illuminate/Pipeline/Pipeline.php(219): Illuminate/Foundation/Http/Middleware/ConvertEmptyStringsToNull->handle(Object(Illuminate/Http/Request), Object(Closure))
#38 C:/Users/Rahmat Eka/Peta-Interaktif/vendor/laravel/framework/src/Illuminate/Foundation/Http/Middleware/TransformsRequest.php(21): Illuminate/Pipeline/Pipeline->Illuminate/Pipeline/{closure}(Object(Illuminate/Http/Request))
#39 C:/Users/Rahmat Eka/Peta-Interaktif/vendor/laravel/framework/src/Illuminate/Foundation/Http/Middleware/TrimStrings.php(51): Illuminate/Foundation/Http/Middleware/TransformsRequest->handle(Object(Illuminate/Http/Request), Object(Closure))
#40 C:/Users/Rahmat Eka/Peta-Interaktif/vendor/laravel/framework/src/Illuminate/Pipeline/Pipeline.php(219): Illuminate/Foundation/Http/Middleware/TrimStrings->handle(Object(Illuminate/Http/Request), Object(Closure))
#41 C:/Users/Rahmat Eka/Peta-Interaktif/vendor/laravel/framework/src/Illuminate/Http/Middleware/ValidatePostSize.php(27): Illuminate/Pipeline/Pipeline->Illuminate/Pipeline/{closure}(Object(Illuminate/Http/Request))
#42 C:/Users/Rahmat Eka/Peta-Interaktif/vendor/laravel/framework/src/Illuminate/Pipeline/Pipeline.php(219): Illuminate/Http/Middleware/ValidatePostSize->handle(Object(Illuminate/Http/Request), Object(Closure))
#43 C:/Users/Rahmat Eka/Peta-Interaktif/vendor/laravel/framework/src/Illuminate/Foundation/Http/Middleware/PreventRequestsDuringMaintenance.php(109): Illuminate/Pipeline/Pipeline->Illuminate/Pipeline/{closure}(Object(Illuminate/Http/Request))
#44 C:/Users/Rahmat Eka/Peta-Interaktif/vendor/laravel/framework/src/Illuminate/Pipeline/Pipeline.php(219): Illuminate/Foundation/Http/Middleware/PreventRequestsDuringMaintenance->handle(Object(Illuminate/Http/Request), Object(Closure))
#45 C:/Users/Rahmat Eka/Peta-Interaktif/vendor/laravel/framework/src/Illuminate/Http/Middleware/HandleCors.php(61): Illuminate/Pipeline/Pipeline->Illuminate/Pipeline/{closure}(Object(Illuminate/Http/Request))
#46 C:/Users/Rahmat Eka/Peta-Interaktif/vendor/laravel/framework/src/Illuminate/Pipeline/Pipeline.php(219): Illuminate/Http/Middleware/HandleCors->handle(Object(Illuminate/Http/Request), Object(Closure))
#47 C:/Users/Rahmat Eka/Peta-Interaktif/vendor/laravel/framework/src/Illuminate/Http/Middleware/TrustProxies.php(58): Illuminate/Pipeline/Pipeline->Illuminate/Pipeline/{closure}(Object(Illuminate/Http/Request))
#48 C:/Users/Rahmat Eka/Peta-Interaktif/vendor/laravel/framework/src/Illuminate/Pipeline/Pipeline.php(219): Illuminate/Http/Middleware/TrustProxies->handle(Object(Illuminate/Http/Request), Object(Closure))
#49 C:/Users/Rahmat Eka/Peta-Interaktif/vendor/laravel/framework/src/Illuminate/Foundation/Http/Middleware/InvokeDeferredCallbacks.php(22): Illuminate/Pipeline/Pipeline->Illuminate/Pipeline/{closure}(Object(Illuminate/Http/Request))
#50 C:/Users/Rahmat Eka/Peta-Interaktif/vendor/laravel/framework/src/Illuminate/Pipeline/Pipeline.php(219): Illuminate/Foundation/Http/Middleware/InvokeDeferredCallbacks->handle(Object(Illuminate/Http/Request), Object(Closure))
#51 C:/Users/Rahmat Eka/Peta-Interaktif/vendor/laravel/framework/src/Illuminate/Http/Middleware/ValidatePathEncoding.php(26): Illuminate/Pipeline/Pipeline->Illuminate/Pipeline/{closure}(Object(Illuminate/Http/Request))
#52 C:/Users/Rahmat Eka/Peta-Interaktif/vendor/laravel/framework/src/Illuminate/Pipeline/Pipeline.php(219): Illuminate/Http/Middleware/ValidatePathEncoding->handle(Object(Illuminate/Http/Request), Object(Closure))
#53 C:/Users/Rahmat Eka/Peta-Interaktif/vendor/laravel/framework/src/Illuminate/Pipeline/Pipeline.php(137): Illuminate/Pipeline/Pipeline->Illuminate/Pipeline/{closure}(Object(Illuminate/Http/Request))
#54 C:/Users/Rahmat Eka/Peta-Interaktif/vendor/laravel/framework/src/Illuminate/Foundation/Http/Kernel.php(175): Illuminate/Pipeline/Pipeline->then(Object(Closure))
#55 C:/Users/Rahmat Eka/Peta-Interaktif/vendor/laravel/framework/src/Illuminate/Foundation/Http/Kernel.php(144): Illuminate/Foundation/Http/Kernel->sendRequestThroughRouter(Object(Illuminate/Http/Request))
#56 C:/Users/Rahmat Eka/Peta-Interaktif/vendor/laravel/framework/src/Illuminate/Foundation/Application.php(1220): Illuminate/Foundation/Http/Kernel->handle(Object(Illuminate/Http/Request))
#57 C:/Users/Rahmat Eka/Peta-Interaktif/public/index.php(18): Illuminate/Foundation/Application->handleRequest(Object(Illuminate/Http/Request))
#58 C:/Users/Rahmat Eka/Peta-Interaktif/vendor/laravel/framework/src/Illuminate/Foundation/resources/server.php(23): require_once('C://Users//Rahmat...')
#59 {main}
"} 
[2026-06-15 09:52:27] local.ERROR: Call to a member function translatedFormat() on null (View: C:\Users\Rahmat Eka\Peta-Interaktif\resources\views\masyarakat\profil.blade.php) {"userId":2,"exception":"[object] (Illuminate\\View\\ViewException(code: 0): Call to a member function translatedFormat() on null (View: C:\\Users\\Rahmat Eka\\Peta-Interaktif\\resources\\views\\masyarakat\\profil.blade.php) at C:/Users/Rahmat Eka/Peta-Interaktif/storage/framework/views/739100b60d5aac8d41f4963164a16bc2.php:350)
[stacktrace]
#0 C:/Users/Rahmat Eka/Peta-Interaktif/vendor/laravel/framework/src/Illuminate/View/Engines/PhpEngine.php(59): Illuminate/View/Engines/CompilerEngine->handleViewException(Object(Error), 1)
#1 C:/Users/Rahmat Eka/Peta-Interaktif/vendor/laravel/framework/src/Illuminate/View/Engines/CompilerEngine.php(76): Illuminate/View/Engines/PhpEngine->evaluatePath('C://Users//Rahmat...', Array)
#2 C:/Users/Rahmat Eka/Peta-Interaktif/vendor/laravel/framework/src/Illuminate/View/View.php(208): Illuminate/View/Engines/CompilerEngine->get('C://Users//Rahmat...', Array)
#3 C:/Users/Rahmat Eka/Peta-Interaktif/vendor/laravel/framework/src/Illuminate/View/View.php(191): Illuminate/View/View->getContents()
#4 C:/Users/Rahmat Eka/Peta-Interaktif/vendor/laravel/framework/src/Illuminate/View/View.php(160): Illuminate/View/View->renderContents()
#5 C:/Users/Rahmat Eka/Peta-Interaktif/vendor/laravel/framework/src/Illuminate/Http/Response.php(78): Illuminate/View/View->render()
#6 C:/Users/Rahmat Eka/Peta-Interaktif/vendor/laravel/framework/src/Illuminate/Http/Response.php(34): Illuminate/Http/Response->setContent(Object(Illuminate/View/View))
#7 C:/Users/Rahmat Eka/Peta-Interaktif/vendor/laravel/framework/src/Illuminate/Routing/Router.php(939): Illuminate/Http/Response->__construct(Object(Illuminate/View/View), 200, Array)
#8 C:/Users/Rahmat Eka/Peta-Interaktif/vendor/laravel/framework/src/Illuminate/Routing/Router.php(906): Illuminate/Routing/Router::toResponse(Object(Illuminate/Http/Request), Object(Illuminate/View/View))
#9 C:/Users/Rahmat Eka/Peta-Interaktif/vendor/laravel/framework/src/Illuminate/Routing/Router.php(821): Illuminate/Routing/Router->prepareResponse(Object(Illuminate/Http/Request), Object(Illuminate/View/View))
#10 C:/Users/Rahmat Eka/Peta-Interaktif/vendor/laravel/framework/src/Illuminate/Pipeline/Pipeline.php(180): Illuminate/Routing/Router->Illuminate/Routing/{closure}(Object(Illuminate/Http/Request))
#11 C:/Users/Rahmat Eka/Peta-Interaktif/vendor/laravel/framework/src/Illuminate/Routing/Middleware/SubstituteBindings.php(50): Illuminate/Pipeline/Pipeline->Illuminate/Pipeline/{closure}(Object(Illuminate/Http/Request))
#12 C:/Users/Rahmat Eka/Peta-Interaktif/vendor/laravel/framework/src/Illuminate/Pipeline/Pipeline.php(219): Illuminate/Routing/Middleware/SubstituteBindings->handle(Object(Illuminate/Http/Request), Object(Closure))
#13 C:/Users/Rahmat Eka/Peta-Interaktif/vendor/laravel/framework/src/Illuminate/Auth/Middleware/Authenticate.php(63): Illuminate/Pipeline/Pipeline->Illuminate/Pipeline/{closure}(Object(Illuminate/Http/Request))
#14 C:/Users/Rahmat Eka/Peta-Interaktif/vendor/laravel/framework/src/Illuminate/Pipeline/Pipeline.php(219): Illuminate/Auth/Middleware/Authenticate->handle(Object(Illuminate/Http/Request), Object(Closure), 'web')
#15 C:/Users/Rahmat Eka/Peta-Interaktif/vendor/laravel/framework/src/Illuminate/Foundation/Http/Middleware/VerifyCsrfToken.php(87): Illuminate/Pipeline/Pipeline->Illuminate/Pipeline/{closure}(Object(Illuminate/Http/Request))
#16 C:/Users/Rahmat Eka/Peta-Interaktif/vendor/laravel/framework/src/Illuminate/Pipeline/Pipeline.php(219): Illuminate/Foundation/Http/Middleware/VerifyCsrfToken->handle(Object(Illuminate/Http/Request), Object(Closure))
#17 C:/Users/Rahmat Eka/Peta-Interaktif/vendor/laravel/framework/src/Illuminate/View/Middleware/ShareErrorsFromSession.php(48): Illuminate/Pipeline/Pipeline->Illuminate/Pipeline/{closure}(Object(Illuminate/Http/Request))
#18 C:/Users/Rahmat Eka/Peta-Interaktif/vendor/laravel/framework/src/Illuminate/Pipeline/Pipeline.php(219): Illuminate/View/Middleware/ShareErrorsFromSession->handle(Object(Illuminate/Http/Request), Object(Closure))
#19 C:/Users/Rahmat Eka/Peta-Interaktif/vendor/laravel/framework/src/Illuminate/Session/Middleware/StartSession.php(120): Illuminate/Pipeline/Pipeline->Illuminate/Pipeline/{closure}(Object(Illuminate/Http/Request))
#20 C:/Users/Rahmat Eka/Peta-Interaktif/vendor/laravel/framework/src/Illuminate/Session/Middleware/StartSession.php(63): Illuminate/Session/Middleware/StartSession->handleStatefulRequest(Object(Illuminate/Http/Request), Object(Illuminate/Session/Store), Object(Closure))
#21 C:/Users/Rahmat Eka/Peta-Interaktif/vendor/laravel/framework/src/Illuminate/Pipeline/Pipeline.php(219): Illuminate/Session/Middleware/StartSession->handle(Object(Illuminate/Http/Request), Object(Closure))
#22 C:/Users/Rahmat Eka/Peta-Interaktif/vendor/laravel/framework/src/Illuminate/Cookie/Middleware/AddQueuedCookiesToResponse.php(36): Illuminate/Pipeline/Pipeline->Illuminate/Pipeline/{closure}(Object(Illuminate/Http/Request))
#23 C:/Users/Rahmat Eka/Peta-Interaktif/vendor/laravel/framework/src/Illuminate/Pipeline/Pipeline.php(219): Illuminate/Cookie/Middleware/AddQueuedCookiesToResponse->handle(Object(Illuminate/Http/Request), Object(Closure))
#24 C:/Users/Rahmat Eka/Peta-Interaktif/vendor/laravel/framework/src/Illuminate/Cookie/Middleware/EncryptCookies.php(74): Illuminate/Pipeline/Pipeline->Illuminate/Pipeline/{closure}(Object(Illuminate/Http/Request))
#25 C:/Users/Rahmat Eka/Peta-Interaktif/vendor/laravel/framework/src/Illuminate/Pipeline/Pipeline.php(219): Illuminate/Cookie/Middleware/EncryptCookies->handle(Object(Illuminate/Http/Request), Object(Closure))
#26 C:/Users/Rahmat Eka/Peta-Interaktif/vendor/laravel/framework/src/Illuminate/Pipeline/Pipeline.php(137): Illuminate/Pipeline/Pipeline->Illuminate/Pipeline/{closure}(Object(Illuminate/Http/Request))
#27 C:/Users/Rahmat Eka/Peta-Interaktif/vendor/laravel/framework/src/Illuminate/Routing/Router.php(821): Illuminate/Pipeline/Pipeline->then(Object(Closure))
#28 C:/Users/Rahmat Eka/Peta-Interaktif/vendor/laravel/framework/src/Illuminate/Routing/Router.php(800): Illuminate/Routing/Router->runRouteWithinStack(Object(Illuminate/Routing/Route), Object(Illuminate/Http/Request))
#29 C:/Users/Rahmat Eka/Peta-Interaktif/vendor/laravel/framework/src/Illuminate/Routing/Router.php(764): Illuminate/Routing/Router->runRoute(Object(Illuminate/Http/Request), Object(Illuminate/Routing/Route))
#30 C:/Users/Rahmat Eka/Peta-Interaktif/vendor/laravel/framework/src/Illuminate/Routing/Router.php(753): Illuminate/Routing/Router->dispatchToRoute(Object(Illuminate/Http/Request))
#31 C:/Users/Rahmat Eka/Peta-Interaktif/vendor/laravel/framework/src/Illuminate/Foundation/Http/Kernel.php(200): Illuminate/Routing/Router->dispatch(Object(Illuminate/Http/Request))
#32 C:/Users/Rahmat Eka/Peta-Interaktif/vendor/laravel/framework/src/Illuminate/Pipeline/Pipeline.php(180): Illuminate/Foundation/Http/Kernel->Illuminate/Foundation/Http/{closure}(Object(Illuminate/Http/Request))
#33 C:/Users/Rahmat Eka/Peta-Interaktif/vendor/laravel/framework/src/Illuminate/Foundation/Http/Middleware/TransformsRequest.php(21): Illuminate/Pipeline/Pipeline->Illuminate/Pipeline/{closure}(Object(Illuminate/Http/Request))
#34 C:/Users/Rahmat Eka/Peta-Interaktif/vendor/laravel/framework/src/Illuminate/Foundation/Http/Middleware/ConvertEmptyStringsToNull.php(31): Illuminate/Foundation/Http/Middleware/TransformsRequest->handle(Object(Illuminate/Http/Request), Object(Closure))
#35 C:/Users/Rahmat Eka/Peta-Interaktif/vendor/laravel/framework/src/Illuminate/Pipeline/Pipeline.php(219): Illuminate/Foundation/Http/Middleware/ConvertEmptyStringsToNull->handle(Object(Illuminate/Http/Request), Object(Closure))
#36 C:/Users/Rahmat Eka/Peta-Interaktif/vendor/laravel/framework/src/Illuminate/Foundation/Http/Middleware/TransformsRequest.php(21): Illuminate/Pipeline/Pipeline->Illuminate/Pipeline/{closure}(Object(Illuminate/Http/Request))
#37 C:/Users/Rahmat Eka/Peta-Interaktif/vendor/laravel/framework/src/Illuminate/Foundation/Http/Middleware/TrimStrings.php(51): Illuminate/Foundation/Http/Middleware/TransformsRequest->handle(Object(Illuminate/Http/Request), Object(Closure))
#38 C:/Users/Rahmat Eka/Peta-Interaktif/vendor/laravel/framework/src/Illuminate/Pipeline/Pipeline.php(219): Illuminate/Foundation/Http/Middleware/TrimStrings->handle(Object(Illuminate/Http/Request), Object(Closure))
#39 C:/Users/Rahmat Eka/Peta-Interaktif/vendor/laravel/framework/src/Illuminate/Http/Middleware/ValidatePostSize.php(27): Illuminate/Pipeline/Pipeline->Illuminate/Pipeline/{closure}(Object(Illuminate/Http/Request))
#40 C:/Users/Rahmat Eka/Peta-Interaktif/vendor/laravel/framework/src/Illuminate/Pipeline/Pipeline.php(219): Illuminate/Http/Middleware/ValidatePostSize->handle(Object(Illuminate/Http/Request), Object(Closure))
#41 C:/Users/Rahmat Eka/Peta-Interaktif/vendor/laravel/framework/src/Illuminate/Foundation/Http/Middleware/PreventRequestsDuringMaintenance.php(109): Illuminate/Pipeline/Pipeline->Illuminate/Pipeline/{closure}(Object(Illuminate/Http/Request))
#42 C:/Users/Rahmat Eka/Peta-Interaktif/vendor/laravel/framework/src/Illuminate/Pipeline/Pipeline.php(219): Illuminate/Foundation/Http/Middleware/PreventRequestsDuringMaintenance->handle(Object(Illuminate/Http/Request), Object(Closure))
#43 C:/Users/Rahmat Eka/Peta-Interaktif/vendor/laravel/framework/src/Illuminate/Http/Middleware/HandleCors.php(61): Illuminate/Pipeline/Pipeline->Illuminate/Pipeline/{closure}(Object(Illuminate/Http/Request))
#44 C:/Users/Rahmat Eka/Peta-Interaktif/vendor/laravel/framework/src/Illuminate/Pipeline/Pipeline.php(219): Illuminate/Http/Middleware/HandleCors->handle(Object(Illuminate/Http/Request), Object(Closure))
#45 C:/Users/Rahmat Eka/Peta-Interaktif/vendor/laravel/framework/src/Illuminate/Http/Middleware/TrustProxies.php(58): Illuminate/Pipeline/Pipeline->Illuminate/Pipeline/{closure}(Object(Illuminate/Http/Request))
#46 C:/Users/Rahmat Eka/Peta-Interaktif/vendor/laravel/framework/src/Illuminate/Pipeline/Pipeline.php(219): Illuminate/Http/Middleware/TrustProxies->handle(Object(Illuminate/Http/Request), Object(Closure))
#47 C:/Users/Rahmat Eka/Peta-Interaktif/vendor/laravel/framework/src/Illuminate/Foundation/Http/Middleware/InvokeDeferredCallbacks.php(22): Illuminate/Pipeline/Pipeline->Illuminate/Pipeline/{closure}(Object(Illuminate/Http/Request))
#48 C:/Users/Rahmat Eka/Peta-Interaktif/vendor/laravel/framework/src/Illuminate/Pipeline/Pipeline.php(219): Illuminate/Foundation/Http/Middleware/InvokeDeferredCallbacks->handle(Object(Illuminate/Http/Request), Object(Closure))
#49 C:/Users/Rahmat Eka/Peta-Interaktif/vendor/laravel/framework/src/Illuminate/Http/Middleware/ValidatePathEncoding.php(26): Illuminate/Pipeline/Pipeline->Illuminate/Pipeline/{closure}(Object(Illuminate/Http/Request))
#50 C:/Users/Rahmat Eka/Peta-Interaktif/vendor/laravel/framework/src/Illuminate/Pipeline/Pipeline.php(219): Illuminate/Http/Middleware/ValidatePathEncoding->handle(Object(Illuminate/Http/Request), Object(Closure))
#51 C:/Users/Rahmat Eka/Peta-Interaktif/vendor/laravel/framework/src/Illuminate/Pipeline/Pipeline.php(137): Illuminate/Pipeline/Pipeline->Illuminate/Pipeline/{closure}(Object(Illuminate/Http/Request))
#52 C:/Users/Rahmat Eka/Peta-Interaktif/vendor/laravel/framework/src/Illuminate/Foundation/Http/Kernel.php(175): Illuminate/Pipeline/Pipeline->then(Object(Closure))
#53 C:/Users/Rahmat Eka/Peta-Interaktif/vendor/laravel/framework/src/Illuminate/Foundation/Http/Kernel.php(144): Illuminate/Foundation/Http/Kernel->sendRequestThroughRouter(Object(Illuminate/Http/Request))
#54 C:/Users/Rahmat Eka/Peta-Interaktif/vendor/laravel/framework/src/Illuminate/Foundation/Application.php(1220): Illuminate/Foundation/Http/Kernel->handle(Object(Illuminate/Http/Request))
#55 C:/Users/Rahmat Eka/Peta-Interaktif/public/index.php(18): Illuminate/Foundation/Application->handleRequest(Object(Illuminate/Http/Request))
#56 C:/Users/Rahmat Eka/Peta-Interaktif/vendor/laravel/framework/src/Illuminate/Foundation/resources/server.php(23): require_once('C://Users//Rahmat...')
#57 {main}

[previous exception] [object] (Error(code: 0): Call to a member function translatedFormat() on null at C:/Users/Rahmat Eka/Peta-Interaktif/storage/framework/views/739100b60d5aac8d41f4963164a16bc2.php:350)
[stacktrace]
#0 C:/Users/Rahmat Eka/Peta-Interaktif/vendor/laravel/framework/src/Illuminate/Filesystem/Filesystem.php(123): require()
#1 C:/Users/Rahmat Eka/Peta-Interaktif/vendor/laravel/framework/src/Illuminate/Filesystem/Filesystem.php(124): Illuminate/Filesystem/Filesystem::Illuminate/Filesystem/{closure}()
#2 C:/Users/Rahmat Eka/Peta-Interaktif/vendor/laravel/framework/src/Illuminate/View/Engines/PhpEngine.php(57): Illuminate/Filesystem/Filesystem->getRequire('C://Users//Rahmat...', Array)
#3 C:/Users/Rahmat Eka/Peta-Interaktif/vendor/laravel/framework/src/Illuminate/View/Engines/CompilerEngine.php(76): Illuminate/View/Engines/PhpEngine->evaluatePath('C://Users//Rahmat...', Array)
#4 C:/Users/Rahmat Eka/Peta-Interaktif/vendor/laravel/framework/src/Illuminate/View/View.php(208): Illuminate/View/Engines/CompilerEngine->get('C://Users//Rahmat...', Array)
#5 C:/Users/Rahmat Eka/Peta-Interaktif/vendor/laravel/framework/src/Illuminate/View/View.php(191): Illuminate/View/View->getContents()
#6 C:/Users/Rahmat Eka/Peta-Interaktif/vendor/laravel/framework/src/Illuminate/View/View.php(160): Illuminate/View/View->renderContents()
#7 C:/Users/Rahmat Eka/Peta-Interaktif/vendor/laravel/framework/src/Illuminate/Http/Response.php(78): Illuminate/View/View->render()
#8 C:/Users/Rahmat Eka/Peta-Interaktif/vendor/laravel/framework/src/Illuminate/Http/Response.php(34): Illuminate/Http/Response->setContent(Object(Illuminate/View/View))
#9 C:/Users/Rahmat Eka/Peta-Interaktif/vendor/laravel/framework/src/Illuminate/Routing/Router.php(939): Illuminate/Http/Response->__construct(Object(Illuminate/View/View), 200, Array)
#10 C:/Users/Rahmat Eka/Peta-Interaktif/vendor/laravel/framework/src/Illuminate/Routing/Router.php(906): Illuminate/Routing/Router::toResponse(Object(Illuminate/Http/Request), Object(Illuminate/View/View))
#11 C:/Users/Rahmat Eka/Peta-Interaktif/vendor/laravel/framework/src/Illuminate/Routing/Router.php(821): Illuminate/Routing/Router->prepareResponse(Object(Illuminate/Http/Request), Object(Illuminate/View/View))
#12 C:/Users/Rahmat Eka/Peta-Interaktif/vendor/laravel/framework/src/Illuminate/Pipeline/Pipeline.php(180): Illuminate/Routing/Router->Illuminate/Routing/{closure}(Object(Illuminate/Http/Request))
#13 C:/Users/Rahmat Eka/Peta-Interaktif/vendor/laravel/framework/src/Illuminate/Routing/Middleware/SubstituteBindings.php(50): Illuminate/Pipeline/Pipeline->Illuminate/Pipeline/{closure}(Object(Illuminate/Http/Request))
#14 C:/Users/Rahmat Eka/Peta-Interaktif/vendor/laravel/framework/src/Illuminate/Pipeline/Pipeline.php(219): Illuminate/Routing/Middleware/SubstituteBindings->handle(Object(Illuminate/Http/Request), Object(Closure))
#15 C:/Users/Rahmat Eka/Peta-Interaktif/vendor/laravel/framework/src/Illuminate/Auth/Middleware/Authenticate.php(63): Illuminate/Pipeline/Pipeline->Illuminate/Pipeline/{closure}(Object(Illuminate/Http/Request))
#16 C:/Users/Rahmat Eka/Peta-Interaktif/vendor/laravel/framework/src/Illuminate/Pipeline/Pipeline.php(219): Illuminate/Auth/Middleware/Authenticate->handle(Object(Illuminate/Http/Request), Object(Closure), 'web')
#17 C:/Users/Rahmat Eka/Peta-Interaktif/vendor/laravel/framework/src/Illuminate/Foundation/Http/Middleware/VerifyCsrfToken.php(87): Illuminate/Pipeline/Pipeline->Illuminate/Pipeline/{closure}(Object(Illuminate/Http/Request))
#18 C:/Users/Rahmat Eka/Peta-Interaktif/vendor/laravel/framework/src/Illuminate/Pipeline/Pipeline.php(219): Illuminate/Foundation/Http/Middleware/VerifyCsrfToken->handle(Object(Illuminate/Http/Request), Object(Closure))
#19 C:/Users/Rahmat Eka/Peta-Interaktif/vendor/laravel/framework/src/Illuminate/View/Middleware/ShareErrorsFromSession.php(48): Illuminate/Pipeline/Pipeline->Illuminate/Pipeline/{closure}(Object(Illuminate/Http/Request))
#20 C:/Users/Rahmat Eka/Peta-Interaktif/vendor/laravel/framework/src/Illuminate/Pipeline/Pipeline.php(219): Illuminate/View/Middleware/ShareErrorsFromSession->handle(Object(Illuminate/Http/Request), Object(Closure))
#21 C:/Users/Rahmat Eka/Peta-Interaktif/vendor/laravel/framework/src/Illuminate/Session/Middleware/StartSession.php(120): Illuminate/Pipeline/Pipeline->Illuminate/Pipeline/{closure}(Object(Illuminate/Http/Request))
#22 C:/Users/Rahmat Eka/Peta-Interaktif/vendor/laravel/framework/src/Illuminate/Session/Middleware/StartSession.php(63): Illuminate/Session/Middleware/StartSession->handleStatefulRequest(Object(Illuminate/Http/Request), Object(Illuminate/Session/Store), Object(Closure))
#23 C:/Users/Rahmat Eka/Peta-Interaktif/vendor/laravel/framework/src/Illuminate/Pipeline/Pipeline.php(219): Illuminate/Session/Middleware/StartSession->handle(Object(Illuminate/Http/Request), Object(Closure))
#24 C:/Users/Rahmat Eka/Peta-Interaktif/vendor/laravel/framework/src/Illuminate/Cookie/Middleware/AddQueuedCookiesToResponse.php(36): Illuminate/Pipeline/Pipeline->Illuminate/Pipeline/{closure}(Object(Illuminate/Http/Request))
#25 C:/Users/Rahmat Eka/Peta-Interaktif/vendor/laravel/framework/src/Illuminate/Pipeline/Pipeline.php(219): Illuminate/Cookie/Middleware/AddQueuedCookiesToResponse->handle(Object(Illuminate/Http/Request), Object(Closure))
#26 C:/Users/Rahmat Eka/Peta-Interaktif/vendor/laravel/framework/src/Illuminate/Cookie/Middleware/EncryptCookies.php(74): Illuminate/Pipeline/Pipeline->Illuminate/Pipeline/{closure}(Object(Illuminate/Http/Request))
#27 C:/Users/Rahmat Eka/Peta-Interaktif/vendor/laravel/framework/src/Illuminate/Pipeline/Pipeline.php(219): Illuminate/Cookie/Middleware/EncryptCookies->handle(Object(Illuminate/Http/Request), Object(Closure))
#28 C:/Users/Rahmat Eka/Peta-Interaktif/vendor/laravel/framework/src/Illuminate/Pipeline/Pipeline.php(137): Illuminate/Pipeline/Pipeline->Illuminate/Pipeline/{closure}(Object(Illuminate/Http/Request))
#29 C:/Users/Rahmat Eka/Peta-Interaktif/vendor/laravel/framework/src/Illuminate/Routing/Router.php(821): Illuminate/Pipeline/Pipeline->then(Object(Closure))
#30 C:/Users/Rahmat Eka/Peta-Interaktif/vendor/laravel/framework/src/Illuminate/Routing/Router.php(800): Illuminate/Routing/Router->runRouteWithinStack(Object(Illuminate/Routing/Route), Object(Illuminate/Http/Request))
#31 C:/Users/Rahmat Eka/Peta-Interaktif/vendor/laravel/framework/src/Illuminate/Routing/Router.php(764): Illuminate/Routing/Router->runRoute(Object(Illuminate/Http/Request), Object(Illuminate/Routing/Route))
#32 C:/Users/Rahmat Eka/Peta-Interaktif/vendor/laravel/framework/src/Illuminate/Routing/Router.php(753): Illuminate/Routing/Router->dispatchToRoute(Object(Illuminate/Http/Request))
#33 C:/Users/Rahmat Eka/Peta-Interaktif/vendor/laravel/framework/src/Illuminate/Foundation/Http/Kernel.php(200): Illuminate/Routing/Router->dispatch(Object(Illuminate/Http/Request))
#34 C:/Users/Rahmat Eka/Peta-Interaktif/vendor/laravel/framework/src/Illuminate/Pipeline/Pipeline.php(180): Illuminate/Foundation/Http/Kernel->Illuminate/Foundation/Http/{closure}(Object(Illuminate/Http/Request))
#35 C:/Users/Rahmat Eka/Peta-Interaktif/vendor/laravel/framework/src/Illuminate/Foundation/Http/Middleware/TransformsRequest.php(21): Illuminate/Pipeline/Pipeline->Illuminate/Pipeline/{closure}(Object(Illuminate/Http/Request))
#36 C:/Users/Rahmat Eka/Peta-Interaktif/vendor/laravel/framework/src/Illuminate/Foundation/Http/Middleware/ConvertEmptyStringsToNull.php(31): Illuminate/Foundation/Http/Middleware/TransformsRequest->handle(Object(Illuminate/Http/Request), Object(Closure))
#37 C:/Users/Rahmat Eka/Peta-Interaktif/vendor/laravel/framework/src/Illuminate/Pipeline/Pipeline.php(219): Illuminate/Foundation/Http/Middleware/ConvertEmptyStringsToNull->handle(Object(Illuminate/Http/Request), Object(Closure))
#38 C:/Users/Rahmat Eka/Peta-Interaktif/vendor/laravel/framework/src/Illuminate/Foundation/Http/Middleware/TransformsRequest.php(21): Illuminate/Pipeline/Pipeline->Illuminate/Pipeline/{closure}(Object(Illuminate/Http/Request))
#39 C:/Users/Rahmat Eka/Peta-Interaktif/vendor/laravel/framework/src/Illuminate/Foundation/Http/Middleware/TrimStrings.php(51): Illuminate/Foundation/Http/Middleware/TransformsRequest->handle(Object(Illuminate/Http/Request), Object(Closure))
#40 C:/Users/Rahmat Eka/Peta-Interaktif/vendor/laravel/framework/src/Illuminate/Pipeline/Pipeline.php(219): Illuminate/Foundation/Http/Middleware/TrimStrings->handle(Object(Illuminate/Http/Request), Object(Closure))
#41 C:/Users/Rahmat Eka/Peta-Interaktif/vendor/laravel/framework/src/Illuminate/Http/Middleware/ValidatePostSize.php(27): Illuminate/Pipeline/Pipeline->Illuminate/Pipeline/{closure}(Object(Illuminate/Http/Request))
#42 C:/Users/Rahmat Eka/Peta-Interaktif/vendor/laravel/framework/src/Illuminate/Pipeline/Pipeline.php(219): Illuminate/Http/Middleware/ValidatePostSize->handle(Object(Illuminate/Http/Request), Object(Closure))
#43 C:/Users/Rahmat Eka/Peta-Interaktif/vendor/laravel/framework/src/Illuminate/Foundation/Http/Middleware/PreventRequestsDuringMaintenance.php(109): Illuminate/Pipeline/Pipeline->Illuminate/Pipeline/{closure}(Object(Illuminate/Http/Request))
#44 C:/Users/Rahmat Eka/Peta-Interaktif/vendor/laravel/framework/src/Illuminate/Pipeline/Pipeline.php(219): Illuminate/Foundation/Http/Middleware/PreventRequestsDuringMaintenance->handle(Object(Illuminate/Http/Request), Object(Closure))
#45 C:/Users/Rahmat Eka/Peta-Interaktif/vendor/laravel/framework/src/Illuminate/Http/Middleware/HandleCors.php(61): Illuminate/Pipeline/Pipeline->Illuminate/Pipeline/{closure}(Object(Illuminate/Http/Request))
#46 C:/Users/Rahmat Eka/Peta-Interaktif/vendor/laravel/framework/src/Illuminate/Pipeline/Pipeline.php(219): Illuminate/Http/Middleware/HandleCors->handle(Object(Illuminate/Http/Request), Object(Closure))
#47 C:/Users/Rahmat Eka/Peta-Interaktif/vendor/laravel/framework/src/Illuminate/Http/Middleware/TrustProxies.php(58): Illuminate/Pipeline/Pipeline->Illuminate/Pipeline/{closure}(Object(Illuminate/Http/Request))
#48 C:/Users/Rahmat Eka/Peta-Interaktif/vendor/laravel/framework/src/Illuminate/Pipeline/Pipeline.php(219): Illuminate/Http/Middleware/TrustProxies->handle(Object(Illuminate/Http/Request), Object(Closure))
#49 C:/Users/Rahmat Eka/Peta-Interaktif/vendor/laravel/framework/src/Illuminate/Foundation/Http/Middleware/InvokeDeferredCallbacks.php(22): Illuminate/Pipeline/Pipeline->Illuminate/Pipeline/{closure}(Object(Illuminate/Http/Request))
#50 C:/Users/Rahmat Eka/Peta-Interaktif/vendor/laravel/framework/src/Illuminate/Pipeline/Pipeline.php(219): Illuminate/Foundation/Http/Middleware/InvokeDeferredCallbacks->handle(Object(Illuminate/Http/Request), Object(Closure))
#51 C:/Users/Rahmat Eka/Peta-Interaktif/vendor/laravel/framework/src/Illuminate/Http/Middleware/ValidatePathEncoding.php(26): Illuminate/Pipeline/Pipeline->Illuminate/Pipeline/{closure}(Object(Illuminate/Http/Request))
#52 C:/Users/Rahmat Eka/Peta-Interaktif/vendor/laravel/framework/src/Illuminate/Pipeline/Pipeline.php(219): Illuminate/Http/Middleware/ValidatePathEncoding->handle(Object(Illuminate/Http/Request), Object(Closure))
#53 C:/Users/Rahmat Eka/Peta-Interaktif/vendor/laravel/framework/src/Illuminate/Pipeline/Pipeline.php(137): Illuminate/Pipeline/Pipeline->Illuminate/Pipeline/{closure}(Object(Illuminate/Http/Request))
#54 C:/Users/Rahmat Eka/Peta-Interaktif/vendor/laravel/framework/src/Illuminate/Foundation/Http/Kernel.php(175): Illuminate/Pipeline/Pipeline->then(Object(Closure))
#55 C:/Users/Rahmat Eka/Peta-Interaktif/vendor/laravel/framework/src/Illuminate/Foundation/Http/Kernel.php(144): Illuminate/Foundation/Http/Kernel->sendRequestThroughRouter(Object(Illuminate/Http/Request))
#56 C:/Users/Rahmat Eka/Peta-Interaktif/vendor/laravel/framework/src/Illuminate/Foundation/Application.php(1220): Illuminate/Foundation/Http/Kernel->handle(Object(Illuminate/Http/Request))
#57 C:/Users/Rahmat Eka/Peta-Interaktif/public/index.php(18): Illuminate/Foundation/Application->handleRequest(Object(Illuminate/Http/Request))
#58 C:/Users/Rahmat Eka/Peta-Interaktif/vendor/laravel/framework/src/Illuminate/Foundation/resources/server.php(23): require_once('C://Users//Rahmat...')
#59 {main}
"} 
[2026-06-15 09:55:21] local.ERROR: Call to a member function translatedFormat() on null (View: C:\Users\Rahmat Eka\Peta-Interaktif\resources\views\masyarakat\profil.blade.php) {"userId":2,"exception":"[object] (Illuminate\\View\\ViewException(code: 0): Call to a member function translatedFormat() on null (View: C:\\Users\\Rahmat Eka\\Peta-Interaktif\\resources\\views\\masyarakat\\profil.blade.php) at C:/Users/Rahmat Eka/Peta-Interaktif/storage/framework/views/739100b60d5aac8d41f4963164a16bc2.php:248)
[stacktrace]
#0 C:/Users/Rahmat Eka/Peta-Interaktif/vendor/laravel/framework/src/Illuminate/View/Engines/PhpEngine.php(59): Illuminate/View/Engines/CompilerEngine->handleViewException(Object(Error), 1)
#1 C:/Users/Rahmat Eka/Peta-Interaktif/vendor/laravel/framework/src/Illuminate/View/Engines/CompilerEngine.php(76): Illuminate/View/Engines/PhpEngine->evaluatePath('C://Users//Rahmat...', Array)
#2 C:/Users/Rahmat Eka/Peta-Interaktif/vendor/laravel/framework/src/Illuminate/View/View.php(208): Illuminate/View/Engines/CompilerEngine->get('C://Users//Rahmat...', Array)
#3 C:/Users/Rahmat Eka/Peta-Interaktif/vendor/laravel/framework/src/Illuminate/View/View.php(191): Illuminate/View/View->getContents()
#4 C:/Users/Rahmat Eka/Peta-Interaktif/vendor/laravel/framework/src/Illuminate/View/View.php(160): Illuminate/View/View->renderContents()
#5 C:/Users/Rahmat Eka/Peta-Interaktif/vendor/laravel/framework/src/Illuminate/Http/Response.php(78): Illuminate/View/View->render()
#6 C:/Users/Rahmat Eka/Peta-Interaktif/vendor/laravel/framework/src/Illuminate/Http/Response.php(34): Illuminate/Http/Response->setContent(Object(Illuminate/View/View))
#7 C:/Users/Rahmat Eka/Peta-Interaktif/vendor/laravel/framework/src/Illuminate/Routing/Router.php(939): Illuminate/Http/Response->__construct(Object(Illuminate/View/View), 200, Array)
#8 C:/Users/Rahmat Eka/Peta-Interaktif/vendor/laravel/framework/src/Illuminate/Routing/Router.php(906): Illuminate/Routing/Router::toResponse(Object(Illuminate/Http/Request), Object(Illuminate/View/View))
#9 C:/Users/Rahmat Eka/Peta-Interaktif/vendor/laravel/framework/src/Illuminate/Routing/Router.php(821): Illuminate/Routing/Router->prepareResponse(Object(Illuminate/Http/Request), Object(Illuminate/View/View))
#10 C:/Users/Rahmat Eka/Peta-Interaktif/vendor/laravel/framework/src/Illuminate/Pipeline/Pipeline.php(180): Illuminate/Routing/Router->Illuminate/Routing/{closure}(Object(Illuminate/Http/Request))
#11 C:/Users/Rahmat Eka/Peta-Interaktif/vendor/laravel/framework/src/Illuminate/Routing/Middleware/SubstituteBindings.php(50): Illuminate/Pipeline/Pipeline->Illuminate/Pipeline/{closure}(Object(Illuminate/Http/Request))
#12 C:/Users/Rahmat Eka/Peta-Interaktif/vendor/laravel/framework/src/Illuminate/Pipeline/Pipeline.php(219): Illuminate/Routing/Middleware/SubstituteBindings->handle(Object(Illuminate/Http/Request), Object(Closure))
#13 C:/Users/Rahmat Eka/Peta-Interaktif/vendor/laravel/framework/src/Illuminate/Auth/Middleware/Authenticate.php(63): Illuminate/Pipeline/Pipeline->Illuminate/Pipeline/{closure}(Object(Illuminate/Http/Request))
#14 C:/Users/Rahmat Eka/Peta-Interaktif/vendor/laravel/framework/src/Illuminate/Pipeline/Pipeline.php(219): Illuminate/Auth/Middleware/Authenticate->handle(Object(Illuminate/Http/Request), Object(Closure), 'web')
#15 C:/Users/Rahmat Eka/Peta-Interaktif/vendor/laravel/framework/src/Illuminate/Foundation/Http/Middleware/VerifyCsrfToken.php(87): Illuminate/Pipeline/Pipeline->Illuminate/Pipeline/{closure}(Object(Illuminate/Http/Request))
#16 C:/Users/Rahmat Eka/Peta-Interaktif/vendor/laravel/framework/src/Illuminate/Pipeline/Pipeline.php(219): Illuminate/Foundation/Http/Middleware/VerifyCsrfToken->handle(Object(Illuminate/Http/Request), Object(Closure))
#17 C:/Users/Rahmat Eka/Peta-Interaktif/vendor/laravel/framework/src/Illuminate/View/Middleware/ShareErrorsFromSession.php(48): Illuminate/Pipeline/Pipeline->Illuminate/Pipeline/{closure}(Object(Illuminate/Http/Request))
#18 C:/Users/Rahmat Eka/Peta-Interaktif/vendor/laravel/framework/src/Illuminate/Pipeline/Pipeline.php(219): Illuminate/View/Middleware/ShareErrorsFromSession->handle(Object(Illuminate/Http/Request), Object(Closure))
#19 C:/Users/Rahmat Eka/Peta-Interaktif/vendor/laravel/framework/src/Illuminate/Session/Middleware/StartSession.php(120): Illuminate/Pipeline/Pipeline->Illuminate/Pipeline/{closure}(Object(Illuminate/Http/Request))
#20 C:/Users/Rahmat Eka/Peta-Interaktif/vendor/laravel/framework/src/Illuminate/Session/Middleware/StartSession.php(63): Illuminate/Session/Middleware/StartSession->handleStatefulRequest(Object(Illuminate/Http/Request), Object(Illuminate/Session/Store), Object(Closure))
#21 C:/Users/Rahmat Eka/Peta-Interaktif/vendor/laravel/framework/src/Illuminate/Pipeline/Pipeline.php(219): Illuminate/Session/Middleware/StartSession->handle(Object(Illuminate/Http/Request), Object(Closure))
#22 C:/Users/Rahmat Eka/Peta-Interaktif/vendor/laravel/framework/src/Illuminate/Cookie/Middleware/AddQueuedCookiesToResponse.php(36): Illuminate/Pipeline/Pipeline->Illuminate/Pipeline/{closure}(Object(Illuminate/Http/Request))
#23 C:/Users/Rahmat Eka/Peta-Interaktif/vendor/laravel/framework/src/Illuminate/Pipeline/Pipeline.php(219): Illuminate/Cookie/Middleware/AddQueuedCookiesToResponse->handle(Object(Illuminate/Http/Request), Object(Closure))
#24 C:/Users/Rahmat Eka/Peta-Interaktif/vendor/laravel/framework/src/Illuminate/Cookie/Middleware/EncryptCookies.php(74): Illuminate/Pipeline/Pipeline->Illuminate/Pipeline/{closure}(Object(Illuminate/Http/Request))
#25 C:/Users/Rahmat Eka/Peta-Interaktif/vendor/laravel/framework/src/Illuminate/Pipeline/Pipeline.php(219): Illuminate/Cookie/Middleware/EncryptCookies->handle(Object(Illuminate/Http/Request), Object(Closure))
#26 C:/Users/Rahmat Eka/Peta-Interaktif/vendor/laravel/framework/src/Illuminate/Pipeline/Pipeline.php(137): Illuminate/Pipeline/Pipeline->Illuminate/Pipeline/{closure}(Object(Illuminate/Http/Request))
#27 C:/Users/Rahmat Eka/Peta-Interaktif/vendor/laravel/framework/src/Illuminate/Routing/Router.php(821): Illuminate/Pipeline/Pipeline->then(Object(Closure))
#28 C:/Users/Rahmat Eka/Peta-Interaktif/vendor/laravel/framework/src/Illuminate/Routing/Router.php(800): Illuminate/Routing/Router->runRouteWithinStack(Object(Illuminate/Routing/Route), Object(Illuminate/Http/Request))
#29 C:/Users/Rahmat Eka/Peta-Interaktif/vendor/laravel/framework/src/Illuminate/Routing/Router.php(764): Illuminate/Routing/Router->runRoute(Object(Illuminate/Http/Request), Object(Illuminate/Routing/Route))
#30 C:/Users/Rahmat Eka/Peta-Interaktif/vendor/laravel/framework/src/Illuminate/Routing/Router.php(753): Illuminate/Routing/Router->dispatchToRoute(Object(Illuminate/Http/Request))
#31 C:/Users/Rahmat Eka/Peta-Interaktif/vendor/laravel/framework/src/Illuminate/Foundation/Http/Kernel.php(200): Illuminate/Routing/Router->dispatch(Object(Illuminate/Http/Request))
#32 C:/Users/Rahmat Eka/Peta-Interaktif/vendor/laravel/framework/src/Illuminate/Pipeline/Pipeline.php(180): Illuminate/Foundation/Http/Kernel->Illuminate/Foundation/Http/{closure}(Object(Illuminate/Http/Request))
#33 C:/Users/Rahmat Eka/Peta-Interaktif/vendor/laravel/framework/src/Illuminate/Foundation/Http/Middleware/TransformsRequest.php(21): Illuminate/Pipeline/Pipeline->Illuminate/Pipeline/{closure}(Object(Illuminate/Http/Request))
#34 C:/Users/Rahmat Eka/Peta-Interaktif/vendor/laravel/framework/src/Illuminate/Foundation/Http/Middleware/ConvertEmptyStringsToNull.php(31): Illuminate/Foundation/Http/Middleware/TransformsRequest->handle(Object(Illuminate/Http/Request), Object(Closure))
#35 C:/Users/Rahmat Eka/Peta-Interaktif/vendor/laravel/framework/src/Illuminate/Pipeline/Pipeline.php(219): Illuminate/Foundation/Http/Middleware/ConvertEmptyStringsToNull->handle(Object(Illuminate/Http/Request), Object(Closure))
#36 C:/Users/Rahmat Eka/Peta-Interaktif/vendor/laravel/framework/src/Illuminate/Foundation/Http/Middleware/TransformsRequest.php(21): Illuminate/Pipeline/Pipeline->Illuminate/Pipeline/{closure}(Object(Illuminate/Http/Request))
#37 C:/Users/Rahmat Eka/Peta-Interaktif/vendor/laravel/framework/src/Illuminate/Foundation/Http/Middleware/TrimStrings.php(51): Illuminate/Foundation/Http/Middleware/TransformsRequest->handle(Object(Illuminate/Http/Request), Object(Closure))
#38 C:/Users/Rahmat Eka/Peta-Interaktif/vendor/laravel/framework/src/Illuminate/Pipeline/Pipeline.php(219): Illuminate/Foundation/Http/Middleware/TrimStrings->handle(Object(Illuminate/Http/Request), Object(Closure))
#39 C:/Users/Rahmat Eka/Peta-Interaktif/vendor/laravel/framework/src/Illuminate/Http/Middleware/ValidatePostSize.php(27): Illuminate/Pipeline/Pipeline->Illuminate/Pipeline/{closure}(Object(Illuminate/Http/Request))
#40 C:/Users/Rahmat Eka/Peta-Interaktif/vendor/laravel/framework/src/Illuminate/Pipeline/Pipeline.php(219): Illuminate/Http/Middleware/ValidatePostSize->handle(Object(Illuminate/Http/Request), Object(Closure))
#41 C:/Users/Rahmat Eka/Peta-Interaktif/vendor/laravel/framework/src/Illuminate/Foundation/Http/Middleware/PreventRequestsDuringMaintenance.php(109): Illuminate/Pipeline/Pipeline->Illuminate/Pipeline/{closure}(Object(Illuminate/Http/Request))
#42 C:/Users/Rahmat Eka/Peta-Interaktif/vendor/laravel/framework/src/Illuminate/Pipeline/Pipeline.php(219): Illuminate/Foundation/Http/Middleware/PreventRequestsDuringMaintenance->handle(Object(Illuminate/Http/Request), Object(Closure))
#43 C:/Users/Rahmat Eka/Peta-Interaktif/vendor/laravel/framework/src/Illuminate/Http/Middleware/HandleCors.php(61): Illuminate/Pipeline/Pipeline->Illuminate/Pipeline/{closure}(Object(Illuminate/Http/Request))
#44 C:/Users/Rahmat Eka/Peta-Interaktif/vendor/laravel/framework/src/Illuminate/Pipeline/Pipeline.php(219): Illuminate/Http/Middleware/HandleCors->handle(Object(Illuminate/Http/Request), Object(Closure))
#45 C:/Users/Rahmat Eka/Peta-Interaktif/vendor/laravel/framework/src/Illuminate/Http/Middleware/TrustProxies.php(58): Illuminate/Pipeline/Pipeline->Illuminate/Pipeline/{closure}(Object(Illuminate/Http/Request))
#46 C:/Users/Rahmat Eka/Peta-Interaktif/vendor/laravel/framework/src/Illuminate/Pipeline/Pipeline.php(219): Illuminate/Http/Middleware/TrustProxies->handle(Object(Illuminate/Http/Request), Object(Closure))
#47 C:/Users/Rahmat Eka/Peta-Interaktif/vendor/laravel/framework/src/Illuminate/Foundation/Http/Middleware/InvokeDeferredCallbacks.php(22): Illuminate/Pipeline/Pipeline->Illuminate/Pipeline/{closure}(Object(Illuminate/Http/Request))
#48 C:/Users/Rahmat Eka/Peta-Interaktif/vendor/laravel/framework/src/Illuminate/Pipeline/Pipeline.php(219): Illuminate/Foundation/Http/Middleware/InvokeDeferredCallbacks->handle(Object(Illuminate/Http/Request), Object(Closure))
#49 C:/Users/Rahmat Eka/Peta-Interaktif/vendor/laravel/framework/src/Illuminate/Http/Middleware/ValidatePathEncoding.php(26): Illuminate/Pipeline/Pipeline->Illuminate/Pipeline/{closure}(Object(Illuminate/Http/Request))
#50 C:/Users/Rahmat Eka/Peta-Interaktif/vendor/laravel/framework/src/Illuminate/Pipeline/Pipeline.php(219): Illuminate/Http/Middleware/ValidatePathEncoding->handle(Object(Illuminate/Http/Request), Object(Closure))
#51 C:/Users/Rahmat Eka/Peta-Interaktif/vendor/laravel/framework/src/Illuminate/Pipeline/Pipeline.php(137): Illuminate/Pipeline/Pipeline->Illuminate/Pipeline/{closure}(Object(Illuminate/Http/Request))
#52 C:/Users/Rahmat Eka/Peta-Interaktif/vendor/laravel/framework/src/Illuminate/Foundation/Http/Kernel.php(175): Illuminate/Pipeline/Pipeline->then(Object(Closure))
#53 C:/Users/Rahmat Eka/Peta-Interaktif/vendor/laravel/framework/src/Illuminate/Foundation/Http/Kernel.php(144): Illuminate/Foundation/Http/Kernel->sendRequestThroughRouter(Object(Illuminate/Http/Request))
#54 C:/Users/Rahmat Eka/Peta-Interaktif/vendor/laravel/framework/src/Illuminate/Foundation/Application.php(1220): Illuminate/Foundation/Http/Kernel->handle(Object(Illuminate/Http/Request))
#55 C:/Users/Rahmat Eka/Peta-Interaktif/public/index.php(18): Illuminate/Foundation/Application->handleRequest(Object(Illuminate/Http/Request))
#56 C:/Users/Rahmat Eka/Peta-Interaktif/vendor/laravel/framework/src/Illuminate/Foundation/resources/server.php(23): require_once('C://Users//Rahmat...')
#57 {main}

[previous exception] [object] (Error(code: 0): Call to a member function translatedFormat() on null at C:/Users/Rahmat Eka/Peta-Interaktif/storage/framework/views/739100b60d5aac8d41f4963164a16bc2.php:248)
[stacktrace]
#0 C:/Users/Rahmat Eka/Peta-Interaktif/vendor/laravel/framework/src/Illuminate/Filesystem/Filesystem.php(123): require()
#1 C:/Users/Rahmat Eka/Peta-Interaktif/vendor/laravel/framework/src/Illuminate/Filesystem/Filesystem.php(124): Illuminate/Filesystem/Filesystem::Illuminate/Filesystem/{closure}()
#2 C:/Users/Rahmat Eka/Peta-Interaktif/vendor/laravel/framework/src/Illuminate/View/Engines/PhpEngine.php(57): Illuminate/Filesystem/Filesystem->getRequire('C://Users//Rahmat...', Array)
#3 C:/Users/Rahmat Eka/Peta-Interaktif/vendor/laravel/framework/src/Illuminate/View/Engines/CompilerEngine.php(76): Illuminate/View/Engines/PhpEngine->evaluatePath('C://Users//Rahmat...', Array)
#4 C:/Users/Rahmat Eka/Peta-Interaktif/vendor/laravel/framework/src/Illuminate/View/View.php(208): Illuminate/View/Engines/CompilerEngine->get('C://Users//Rahmat...', Array)
#5 C:/Users/Rahmat Eka/Peta-Interaktif/vendor/laravel/framework/src/Illuminate/View/View.php(191): Illuminate/View/View->getContents()
#6 C:/Users/Rahmat Eka/Peta-Interaktif/vendor/laravel/framework/src/Illuminate/View/View.php(160): Illuminate/View/View->renderContents()
#7 C:/Users/Rahmat Eka/Peta-Interaktif/vendor/laravel/framework/src/Illuminate/Http/Response.php(78): Illuminate/View/View->render()
#8 C:/Users/Rahmat Eka/Peta-Interaktif/vendor/laravel/framework/src/Illuminate/Http/Response.php(34): Illuminate/Http/Response->setContent(Object(Illuminate/View/View))
#9 C:/Users/Rahmat Eka/Peta-Interaktif/vendor/laravel/framework/src/Illuminate/Routing/Router.php(939): Illuminate/Http/Response->__construct(Object(Illuminate/View/View), 200, Array)
#10 C:/Users/Rahmat Eka/Peta-Interaktif/vendor/laravel/framework/src/Illuminate/Routing/Router.php(906): Illuminate/Routing/Router::toResponse(Object(Illuminate/Http/Request), Object(Illuminate/View/View))
#11 C:/Users/Rahmat Eka/Peta-Interaktif/vendor/laravel/framework/src/Illuminate/Routing/Router.php(821): Illuminate/Routing/Router->prepareResponse(Object(Illuminate/Http/Request), Object(Illuminate/View/View))
#12 C:/Users/Rahmat Eka/Peta-Interaktif/vendor/laravel/framework/src/Illuminate/Pipeline/Pipeline.php(180): Illuminate/Routing/Router->Illuminate/Routing/{closure}(Object(Illuminate/Http/Request))
#13 C:/Users/Rahmat Eka/Peta-Interaktif/vendor/laravel/framework/src/Illuminate/Routing/Middleware/SubstituteBindings.php(50): Illuminate/Pipeline/Pipeline->Illuminate/Pipeline/{closure}(Object(Illuminate/Http/Request))
#14 C:/Users/Rahmat Eka/Peta-Interaktif/vendor/laravel/framework/src/Illuminate/Pipeline/Pipeline.php(219): Illuminate/Routing/Middleware/SubstituteBindings->handle(Object(Illuminate/Http/Request), Object(Closure))
#15 C:/Users/Rahmat Eka/Peta-Interaktif/vendor/laravel/framework/src/Illuminate/Auth/Middleware/Authenticate.php(63): Illuminate/Pipeline/Pipeline->Illuminate/Pipeline/{closure}(Object(Illuminate/Http/Request))
#16 C:/Users/Rahmat Eka/Peta-Interaktif/vendor/laravel/framework/src/Illuminate/Pipeline/Pipeline.php(219): Illuminate/Auth/Middleware/Authenticate->handle(Object(Illuminate/Http/Request), Object(Closure), 'web')
#17 C:/Users/Rahmat Eka/Peta-Interaktif/vendor/laravel/framework/src/Illuminate/Foundation/Http/Middleware/VerifyCsrfToken.php(87): Illuminate/Pipeline/Pipeline->Illuminate/Pipeline/{closure}(Object(Illuminate/Http/Request))
#18 C:/Users/Rahmat Eka/Peta-Interaktif/vendor/laravel/framework/src/Illuminate/Pipeline/Pipeline.php(219): Illuminate/Foundation/Http/Middleware/VerifyCsrfToken->handle(Object(Illuminate/Http/Request), Object(Closure))
#19 C:/Users/Rahmat Eka/Peta-Interaktif/vendor/laravel/framework/src/Illuminate/View/Middleware/ShareErrorsFromSession.php(48): Illuminate/Pipeline/Pipeline->Illuminate/Pipeline/{closure}(Object(Illuminate/Http/Request))
#20 C:/Users/Rahmat Eka/Peta-Interaktif/vendor/laravel/framework/src/Illuminate/Pipeline/Pipeline.php(219): Illuminate/View/Middleware/ShareErrorsFromSession->handle(Object(Illuminate/Http/Request), Object(Closure))
#21 C:/Users/Rahmat Eka/Peta-Interaktif/vendor/laravel/framework/src/Illuminate/Session/Middleware/StartSession.php(120): Illuminate/Pipeline/Pipeline->Illuminate/Pipeline/{closure}(Object(Illuminate/Http/Request))
#22 C:/Users/Rahmat Eka/Peta-Interaktif/vendor/laravel/framework/src/Illuminate/Session/Middleware/StartSession.php(63): Illuminate/Session/Middleware/StartSession->handleStatefulRequest(Object(Illuminate/Http/Request), Object(Illuminate/Session/Store), Object(Closure))
#23 C:/Users/Rahmat Eka/Peta-Interaktif/vendor/laravel/framework/src/Illuminate/Pipeline/Pipeline.php(219): Illuminate/Session/Middleware/StartSession->handle(Object(Illuminate/Http/Request), Object(Closure))
#24 C:/Users/Rahmat Eka/Peta-Interaktif/vendor/laravel/framework/src/Illuminate/Cookie/Middleware/AddQueuedCookiesToResponse.php(36): Illuminate/Pipeline/Pipeline->Illuminate/Pipeline/{closure}(Object(Illuminate/Http/Request))
#25 C:/Users/Rahmat Eka/Peta-Interaktif/vendor/laravel/framework/src/Illuminate/Pipeline/Pipeline.php(219): Illuminate/Cookie/Middleware/AddQueuedCookiesToResponse->handle(Object(Illuminate/Http/Request), Object(Closure))
#26 C:/Users/Rahmat Eka/Peta-Interaktif/vendor/laravel/framework/src/Illuminate/Cookie/Middleware/EncryptCookies.php(74): Illuminate/Pipeline/Pipeline->Illuminate/Pipeline/{closure}(Object(Illuminate/Http/Request))
#27 C:/Users/Rahmat Eka/Peta-Interaktif/vendor/laravel/framework/src/Illuminate/Pipeline/Pipeline.php(219): Illuminate/Cookie/Middleware/EncryptCookies->handle(Object(Illuminate/Http/Request), Object(Closure))
#28 C:/Users/Rahmat Eka/Peta-Interaktif/vendor/laravel/framework/src/Illuminate/Pipeline/Pipeline.php(137): Illuminate/Pipeline/Pipeline->Illuminate/Pipeline/{closure}(Object(Illuminate/Http/Request))
#29 C:/Users/Rahmat Eka/Peta-Interaktif/vendor/laravel/framework/src/Illuminate/Routing/Router.php(821): Illuminate/Pipeline/Pipeline->then(Object(Closure))
#30 C:/Users/Rahmat Eka/Peta-Interaktif/vendor/laravel/framework/src/Illuminate/Routing/Router.php(800): Illuminate/Routing/Router->runRouteWithinStack(Object(Illuminate/Routing/Route), Object(Illuminate/Http/Request))
#31 C:/Users/Rahmat Eka/Peta-Interaktif/vendor/laravel/framework/src/Illuminate/Routing/Router.php(764): Illuminate/Routing/Router->runRoute(Object(Illuminate/Http/Request), Object(Illuminate/Routing/Route))
#32 C:/Users/Rahmat Eka/Peta-Interaktif/vendor/laravel/framework/src/Illuminate/Routing/Router.php(753): Illuminate/Routing/Router->dispatchToRoute(Object(Illuminate/Http/Request))
#33 C:/Users/Rahmat Eka/Peta-Interaktif/vendor/laravel/framework/src/Illuminate/Foundation/Http/Kernel.php(200): Illuminate/Routing/Router->dispatch(Object(Illuminate/Http/Request))
#34 C:/Users/Rahmat Eka/Peta-Interaktif/vendor/laravel/framework/src/Illuminate/Pipeline/Pipeline.php(180): Illuminate/Foundation/Http/Kernel->Illuminate/Foundation/Http/{closure}(Object(Illuminate/Http/Request))
#35 C:/Users/Rahmat Eka/Peta-Interaktif/vendor/laravel/framework/src/Illuminate/Foundation/Http/Middleware/TransformsRequest.php(21): Illuminate/Pipeline/Pipeline->Illuminate/Pipeline/{closure}(Object(Illuminate/Http/Request))
#36 C:/Users/Rahmat Eka/Peta-Interaktif/vendor/laravel/framework/src/Illuminate/Foundation/Http/Middleware/ConvertEmptyStringsToNull.php(31): Illuminate/Foundation/Http/Middleware/TransformsRequest->handle(Object(Illuminate/Http/Request), Object(Closure))
#37 C:/Users/Rahmat Eka/Peta-Interaktif/vendor/laravel/framework/src/Illuminate/Pipeline/Pipeline.php(219): Illuminate/Foundation/Http/Middleware/ConvertEmptyStringsToNull->handle(Object(Illuminate/Http/Request), Object(Closure))
#38 C:/Users/Rahmat Eka/Peta-Interaktif/vendor/laravel/framework/src/Illuminate/Foundation/Http/Middleware/TransformsRequest.php(21): Illuminate/Pipeline/Pipeline->Illuminate/Pipeline/{closure}(Object(Illuminate/Http/Request))
#39 C:/Users/Rahmat Eka/Peta-Interaktif/vendor/laravel/framework/src/Illuminate/Foundation/Http/Middleware/TrimStrings.php(51): Illuminate/Foundation/Http/Middleware/TransformsRequest->handle(Object(Illuminate/Http/Request), Object(Closure))
#40 C:/Users/Rahmat Eka/Peta-Interaktif/vendor/laravel/framework/src/Illuminate/Pipeline/Pipeline.php(219): Illuminate/Foundation/Http/Middleware/TrimStrings->handle(Object(Illuminate/Http/Request), Object(Closure))
#41 C:/Users/Rahmat Eka/Peta-Interaktif/vendor/laravel/framework/src/Illuminate/Http/Middleware/ValidatePostSize.php(27): Illuminate/Pipeline/Pipeline->Illuminate/Pipeline/{closure}(Object(Illuminate/Http/Request))
#42 C:/Users/Rahmat Eka/Peta-Interaktif/vendor/laravel/framework/src/Illuminate/Pipeline/Pipeline.php(219): Illuminate/Http/Middleware/ValidatePostSize->handle(Object(Illuminate/Http/Request), Object(Closure))
#43 C:/Users/Rahmat Eka/Peta-Interaktif/vendor/laravel/framework/src/Illuminate/Foundation/Http/Middleware/PreventRequestsDuringMaintenance.php(109): Illuminate/Pipeline/Pipeline->Illuminate/Pipeline/{closure}(Object(Illuminate/Http/Request))
#44 C:/Users/Rahmat Eka/Peta-Interaktif/vendor/laravel/framework/src/Illuminate/Pipeline/Pipeline.php(219): Illuminate/Foundation/Http/Middleware/PreventRequestsDuringMaintenance->handle(Object(Illuminate/Http/Request), Object(Closure))
#45 C:/Users/Rahmat Eka/Peta-Interaktif/vendor/laravel/framework/src/Illuminate/Http/Middleware/HandleCors.php(61): Illuminate/Pipeline/Pipeline->Illuminate/Pipeline/{closure}(Object(Illuminate/Http/Request))
#46 C:/Users/Rahmat Eka/Peta-Interaktif/vendor/laravel/framework/src/Illuminate/Pipeline/Pipeline.php(219): Illuminate/Http/Middleware/HandleCors->handle(Object(Illuminate/Http/Request), Object(Closure))
#47 C:/Users/Rahmat Eka/Peta-Interaktif/vendor/laravel/framework/src/Illuminate/Http/Middleware/TrustProxies.php(58): Illuminate/Pipeline/Pipeline->Illuminate/Pipeline/{closure}(Object(Illuminate/Http/Request))
#48 C:/Users/Rahmat Eka/Peta-Interaktif/vendor/laravel/framework/src/Illuminate/Pipeline/Pipeline.php(219): Illuminate/Http/Middleware/TrustProxies->handle(Object(Illuminate/Http/Request), Object(Closure))
#49 C:/Users/Rahmat Eka/Peta-Interaktif/vendor/laravel/framework/src/Illuminate/Foundation/Http/Middleware/InvokeDeferredCallbacks.php(22): Illuminate/Pipeline/Pipeline->Illuminate/Pipeline/{closure}(Object(Illuminate/Http/Request))
#50 C:/Users/Rahmat Eka/Peta-Interaktif/vendor/laravel/framework/src/Illuminate/Pipeline/Pipeline.php(219): Illuminate/Foundation/Http/Middleware/InvokeDeferredCallbacks->handle(Object(Illuminate/Http/Request), Object(Closure))
#51 C:/Users/Rahmat Eka/Peta-Interaktif/vendor/laravel/framework/src/Illuminate/Http/Middleware/ValidatePathEncoding.php(26): Illuminate/Pipeline/Pipeline->Illuminate/Pipeline/{closure}(Object(Illuminate/Http/Request))
#52 C:/Users/Rahmat Eka/Peta-Interaktif/vendor/laravel/framework/src/Illuminate/Pipeline/Pipeline.php(219): Illuminate/Http/Middleware/ValidatePathEncoding->handle(Object(Illuminate/Http/Request), Object(Closure))
#53 C:/Users/Rahmat Eka/Peta-Interaktif/vendor/laravel/framework/src/Illuminate/Pipeline/Pipeline.php(137): Illuminate/Pipeline/Pipeline->Illuminate/Pipeline/{closure}(Object(Illuminate/Http/Request))
#54 C:/Users/Rahmat Eka/Peta-Interaktif/vendor/laravel/framework/src/Illuminate/Foundation/Http/Kernel.php(175): Illuminate/Pipeline/Pipeline->then(Object(Closure))
#55 C:/Users/Rahmat Eka/Peta-Interaktif/vendor/laravel/framework/src/Illuminate/Foundation/Http/Kernel.php(144): Illuminate/Foundation/Http/Kernel->sendRequestThroughRouter(Object(Illuminate/Http/Request))
#56 C:/Users/Rahmat Eka/Peta-Interaktif/vendor/laravel/framework/src/Illuminate/Foundation/Application.php(1220): Illuminate/Foundation/Http/Kernel->handle(Object(Illuminate/Http/Request))
#57 C:/Users/Rahmat Eka/Peta-Interaktif/public/index.php(18): Illuminate/Foundation/Application->handleRequest(Object(Illuminate/Http/Request))
#58 C:/Users/Rahmat Eka/Peta-Interaktif/vendor/laravel/framework/src/Illuminate/Foundation/resources/server.php(23): require_once('C://Users//Rahmat...')
#59 {main}
"} 
[2026-06-15 09:55:45] local.ERROR: Call to a member function translatedFormat() on null (View: C:\Users\Rahmat Eka\Peta-Interaktif\resources\views\masyarakat\profil.blade.php) {"userId":2,"exception":"[object] (Illuminate\\View\\ViewException(code: 0): Call to a member function translatedFormat() on null (View: C:\\Users\\Rahmat Eka\\Peta-Interaktif\\resources\\views\\masyarakat\\profil.blade.php) at C:/Users/Rahmat Eka/Peta-Interaktif/storage/framework/views/739100b60d5aac8d41f4963164a16bc2.php:345)
[stacktrace]
#0 C:/Users/Rahmat Eka/Peta-Interaktif/vendor/laravel/framework/src/Illuminate/View/Engines/PhpEngine.php(59): Illuminate/View/Engines/CompilerEngine->handleViewException(Object(Error), 1)
#1 C:/Users/Rahmat Eka/Peta-Interaktif/vendor/laravel/framework/src/Illuminate/View/Engines/CompilerEngine.php(76): Illuminate/View/Engines/PhpEngine->evaluatePath('C://Users//Rahmat...', Array)
#2 C:/Users/Rahmat Eka/Peta-Interaktif/vendor/laravel/framework/src/Illuminate/View/View.php(208): Illuminate/View/Engines/CompilerEngine->get('C://Users//Rahmat...', Array)
#3 C:/Users/Rahmat Eka/Peta-Interaktif/vendor/laravel/framework/src/Illuminate/View/View.php(191): Illuminate/View/View->getContents()
#4 C:/Users/Rahmat Eka/Peta-Interaktif/vendor/laravel/framework/src/Illuminate/View/View.php(160): Illuminate/View/View->renderContents()
#5 C:/Users/Rahmat Eka/Peta-Interaktif/vendor/laravel/framework/src/Illuminate/Http/Response.php(78): Illuminate/View/View->render()
#6 C:/Users/Rahmat Eka/Peta-Interaktif/vendor/laravel/framework/src/Illuminate/Http/Response.php(34): Illuminate/Http/Response->setContent(Object(Illuminate/View/View))
#7 C:/Users/Rahmat Eka/Peta-Interaktif/vendor/laravel/framework/src/Illuminate/Routing/Router.php(939): Illuminate/Http/Response->__construct(Object(Illuminate/View/View), 200, Array)
#8 C:/Users/Rahmat Eka/Peta-Interaktif/vendor/laravel/framework/src/Illuminate/Routing/Router.php(906): Illuminate/Routing/Router::toResponse(Object(Illuminate/Http/Request), Object(Illuminate/View/View))
#9 C:/Users/Rahmat Eka/Peta-Interaktif/vendor/laravel/framework/src/Illuminate/Routing/Router.php(821): Illuminate/Routing/Router->prepareResponse(Object(Illuminate/Http/Request), Object(Illuminate/View/View))
#10 C:/Users/Rahmat Eka/Peta-Interaktif/vendor/laravel/framework/src/Illuminate/Pipeline/Pipeline.php(180): Illuminate/Routing/Router->Illuminate/Routing/{closure}(Object(Illuminate/Http/Request))
#11 C:/Users/Rahmat Eka/Peta-Interaktif/vendor/laravel/framework/src/Illuminate/Routing/Middleware/SubstituteBindings.php(50): Illuminate/Pipeline/Pipeline->Illuminate/Pipeline/{closure}(Object(Illuminate/Http/Request))
#12 C:/Users/Rahmat Eka/Peta-Interaktif/vendor/laravel/framework/src/Illuminate/Pipeline/Pipeline.php(219): Illuminate/Routing/Middleware/SubstituteBindings->handle(Object(Illuminate/Http/Request), Object(Closure))
#13 C:/Users/Rahmat Eka/Peta-Interaktif/vendor/laravel/framework/src/Illuminate/Auth/Middleware/Authenticate.php(63): Illuminate/Pipeline/Pipeline->Illuminate/Pipeline/{closure}(Object(Illuminate/Http/Request))
#14 C:/Users/Rahmat Eka/Peta-Interaktif/vendor/laravel/framework/src/Illuminate/Pipeline/Pipeline.php(219): Illuminate/Auth/Middleware/Authenticate->handle(Object(Illuminate/Http/Request), Object(Closure), 'web')
#15 C:/Users/Rahmat Eka/Peta-Interaktif/vendor/laravel/framework/src/Illuminate/Foundation/Http/Middleware/VerifyCsrfToken.php(87): Illuminate/Pipeline/Pipeline->Illuminate/Pipeline/{closure}(Object(Illuminate/Http/Request))
#16 C:/Users/Rahmat Eka/Peta-Interaktif/vendor/laravel/framework/src/Illuminate/Pipeline/Pipeline.php(219): Illuminate/Foundation/Http/Middleware/VerifyCsrfToken->handle(Object(Illuminate/Http/Request), Object(Closure))
#17 C:/Users/Rahmat Eka/Peta-Interaktif/vendor/laravel/framework/src/Illuminate/View/Middleware/ShareErrorsFromSession.php(48): Illuminate/Pipeline/Pipeline->Illuminate/Pipeline/{closure}(Object(Illuminate/Http/Request))
#18 C:/Users/Rahmat Eka/Peta-Interaktif/vendor/laravel/framework/src/Illuminate/Pipeline/Pipeline.php(219): Illuminate/View/Middleware/ShareErrorsFromSession->handle(Object(Illuminate/Http/Request), Object(Closure))
#19 C:/Users/Rahmat Eka/Peta-Interaktif/vendor/laravel/framework/src/Illuminate/Session/Middleware/StartSession.php(120): Illuminate/Pipeline/Pipeline->Illuminate/Pipeline/{closure}(Object(Illuminate/Http/Request))
#20 C:/Users/Rahmat Eka/Peta-Interaktif/vendor/laravel/framework/src/Illuminate/Session/Middleware/StartSession.php(63): Illuminate/Session/Middleware/StartSession->handleStatefulRequest(Object(Illuminate/Http/Request), Object(Illuminate/Session/Store), Object(Closure))
#21 C:/Users/Rahmat Eka/Peta-Interaktif/vendor/laravel/framework/src/Illuminate/Pipeline/Pipeline.php(219): Illuminate/Session/Middleware/StartSession->handle(Object(Illuminate/Http/Request), Object(Closure))
#22 C:/Users/Rahmat Eka/Peta-Interaktif/vendor/laravel/framework/src/Illuminate/Cookie/Middleware/AddQueuedCookiesToResponse.php(36): Illuminate/Pipeline/Pipeline->Illuminate/Pipeline/{closure}(Object(Illuminate/Http/Request))
#23 C:/Users/Rahmat Eka/Peta-Interaktif/vendor/laravel/framework/src/Illuminate/Pipeline/Pipeline.php(219): Illuminate/Cookie/Middleware/AddQueuedCookiesToResponse->handle(Object(Illuminate/Http/Request), Object(Closure))
#24 C:/Users/Rahmat Eka/Peta-Interaktif/vendor/laravel/framework/src/Illuminate/Cookie/Middleware/EncryptCookies.php(74): Illuminate/Pipeline/Pipeline->Illuminate/Pipeline/{closure}(Object(Illuminate/Http/Request))
#25 C:/Users/Rahmat Eka/Peta-Interaktif/vendor/laravel/framework/src/Illuminate/Pipeline/Pipeline.php(219): Illuminate/Cookie/Middleware/EncryptCookies->handle(Object(Illuminate/Http/Request), Object(Closure))
#26 C:/Users/Rahmat Eka/Peta-Interaktif/vendor/laravel/framework/src/Illuminate/Pipeline/Pipeline.php(137): Illuminate/Pipeline/Pipeline->Illuminate/Pipeline/{closure}(Object(Illuminate/Http/Request))
#27 C:/Users/Rahmat Eka/Peta-Interaktif/vendor/laravel/framework/src/Illuminate/Routing/Router.php(821): Illuminate/Pipeline/Pipeline->then(Object(Closure))
#28 C:/Users/Rahmat Eka/Peta-Interaktif/vendor/laravel/framework/src/Illuminate/Routing/Router.php(800): Illuminate/Routing/Router->runRouteWithinStack(Object(Illuminate/Routing/Route), Object(Illuminate/Http/Request))
#29 C:/Users/Rahmat Eka/Peta-Interaktif/vendor/laravel/framework/src/Illuminate/Routing/Router.php(764): Illuminate/Routing/Router->runRoute(Object(Illuminate/Http/Request), Object(Illuminate/Routing/Route))
#30 C:/Users/Rahmat Eka/Peta-Interaktif/vendor/laravel/framework/src/Illuminate/Routing/Router.php(753): Illuminate/Routing/Router->dispatchToRoute(Object(Illuminate/Http/Request))
#31 C:/Users/Rahmat Eka/Peta-Interaktif/vendor/laravel/framework/src/Illuminate/Foundation/Http/Kernel.php(200): Illuminate/Routing/Router->dispatch(Object(Illuminate/Http/Request))
#32 C:/Users/Rahmat Eka/Peta-Interaktif/vendor/laravel/framework/src/Illuminate/Pipeline/Pipeline.php(180): Illuminate/Foundation/Http/Kernel->Illuminate/Foundation/Http/{closure}(Object(Illuminate/Http/Request))
#33 C:/Users/Rahmat Eka/Peta-Interaktif/vendor/laravel/framework/src/Illuminate/Foundation/Http/Middleware/TransformsRequest.php(21): Illuminate/Pipeline/Pipeline->Illuminate/Pipeline/{closure}(Object(Illuminate/Http/Request))
#34 C:/Users/Rahmat Eka/Peta-Interaktif/vendor/laravel/framework/src/Illuminate/Foundation/Http/Middleware/ConvertEmptyStringsToNull.php(31): Illuminate/Foundation/Http/Middleware/TransformsRequest->handle(Object(Illuminate/Http/Request), Object(Closure))
#35 C:/Users/Rahmat Eka/Peta-Interaktif/vendor/laravel/framework/src/Illuminate/Pipeline/Pipeline.php(219): Illuminate/Foundation/Http/Middleware/ConvertEmptyStringsToNull->handle(Object(Illuminate/Http/Request), Object(Closure))
#36 C:/Users/Rahmat Eka/Peta-Interaktif/vendor/laravel/framework/src/Illuminate/Foundation/Http/Middleware/TransformsRequest.php(21): Illuminate/Pipeline/Pipeline->Illuminate/Pipeline/{closure}(Object(Illuminate/Http/Request))
#37 C:/Users/Rahmat Eka/Peta-Interaktif/vendor/laravel/framework/src/Illuminate/Foundation/Http/Middleware/TrimStrings.php(51): Illuminate/Foundation/Http/Middleware/TransformsRequest->handle(Object(Illuminate/Http/Request), Object(Closure))
#38 C:/Users/Rahmat Eka/Peta-Interaktif/vendor/laravel/framework/src/Illuminate/Pipeline/Pipeline.php(219): Illuminate/Foundation/Http/Middleware/TrimStrings->handle(Object(Illuminate/Http/Request), Object(Closure))
#39 C:/Users/Rahmat Eka/Peta-Interaktif/vendor/laravel/framework/src/Illuminate/Http/Middleware/ValidatePostSize.php(27): Illuminate/Pipeline/Pipeline->Illuminate/Pipeline/{closure}(Object(Illuminate/Http/Request))
#40 C:/Users/Rahmat Eka/Peta-Interaktif/vendor/laravel/framework/src/Illuminate/Pipeline/Pipeline.php(219): Illuminate/Http/Middleware/ValidatePostSize->handle(Object(Illuminate/Http/Request), Object(Closure))
#41 C:/Users/Rahmat Eka/Peta-Interaktif/vendor/laravel/framework/src/Illuminate/Foundation/Http/Middleware/PreventRequestsDuringMaintenance.php(109): Illuminate/Pipeline/Pipeline->Illuminate/Pipeline/{closure}(Object(Illuminate/Http/Request))
#42 C:/Users/Rahmat Eka/Peta-Interaktif/vendor/laravel/framework/src/Illuminate/Pipeline/Pipeline.php(219): Illuminate/Foundation/Http/Middleware/PreventRequestsDuringMaintenance->handle(Object(Illuminate/Http/Request), Object(Closure))
#43 C:/Users/Rahmat Eka/Peta-Interaktif/vendor/laravel/framework/src/Illuminate/Http/Middleware/HandleCors.php(61): Illuminate/Pipeline/Pipeline->Illuminate/Pipeline/{closure}(Object(Illuminate/Http/Request))
#44 C:/Users/Rahmat Eka/Peta-Interaktif/vendor/laravel/framework/src/Illuminate/Pipeline/Pipeline.php(219): Illuminate/Http/Middleware/HandleCors->handle(Object(Illuminate/Http/Request), Object(Closure))
#45 C:/Users/Rahmat Eka/Peta-Interaktif/vendor/laravel/framework/src/Illuminate/Http/Middleware/TrustProxies.php(58): Illuminate/Pipeline/Pipeline->Illuminate/Pipeline/{closure}(Object(Illuminate/Http/Request))
#46 C:/Users/Rahmat Eka/Peta-Interaktif/vendor/laravel/framework/src/Illuminate/Pipeline/Pipeline.php(219): Illuminate/Http/Middleware/TrustProxies->handle(Object(Illuminate/Http/Request), Object(Closure))
#47 C:/Users/Rahmat Eka/Peta-Interaktif/vendor/laravel/framework/src/Illuminate/Foundation/Http/Middleware/InvokeDeferredCallbacks.php(22): Illuminate/Pipeline/Pipeline->Illuminate/Pipeline/{closure}(Object(Illuminate/Http/Request))
#48 C:/Users/Rahmat Eka/Peta-Interaktif/vendor/laravel/framework/src/Illuminate/Pipeline/Pipeline.php(219): Illuminate/Foundation/Http/Middleware/InvokeDeferredCallbacks->handle(Object(Illuminate/Http/Request), Object(Closure))
#49 C:/Users/Rahmat Eka/Peta-Interaktif/vendor/laravel/framework/src/Illuminate/Http/Middleware/ValidatePathEncoding.php(26): Illuminate/Pipeline/Pipeline->Illuminate/Pipeline/{closure}(Object(Illuminate/Http/Request))
#50 C:/Users/Rahmat Eka/Peta-Interaktif/vendor/laravel/framework/src/Illuminate/Pipeline/Pipeline.php(219): Illuminate/Http/Middleware/ValidatePathEncoding->handle(Object(Illuminate/Http/Request), Object(Closure))
#51 C:/Users/Rahmat Eka/Peta-Interaktif/vendor/laravel/framework/src/Illuminate/Pipeline/Pipeline.php(137): Illuminate/Pipeline/Pipeline->Illuminate/Pipeline/{closure}(Object(Illuminate/Http/Request))
#52 C:/Users/Rahmat Eka/Peta-Interaktif/vendor/laravel/framework/src/Illuminate/Foundation/Http/Kernel.php(175): Illuminate/Pipeline/Pipeline->then(Object(Closure))
#53 C:/Users/Rahmat Eka/Peta-Interaktif/vendor/laravel/framework/src/Illuminate/Foundation/Http/Kernel.php(144): Illuminate/Foundation/Http/Kernel->sendRequestThroughRouter(Object(Illuminate/Http/Request))
#54 C:/Users/Rahmat Eka/Peta-Interaktif/vendor/laravel/framework/src/Illuminate/Foundation/Application.php(1220): Illuminate/Foundation/Http/Kernel->handle(Object(Illuminate/Http/Request))
#55 C:/Users/Rahmat Eka/Peta-Interaktif/public/index.php(18): Illuminate/Foundation/Application->handleRequest(Object(Illuminate/Http/Request))
#56 C:/Users/Rahmat Eka/Peta-Interaktif/vendor/laravel/framework/src/Illuminate/Foundation/resources/server.php(23): require_once('C://Users//Rahmat...')
#57 {main}

[previous exception] [object] (Error(code: 0): Call to a member function translatedFormat() on null at C:/Users/Rahmat Eka/Peta-Interaktif/storage/framework/views/739100b60d5aac8d41f4963164a16bc2.php:345)
[stacktrace]
#0 C:/Users/Rahmat Eka/Peta-Interaktif/vendor/laravel/framework/src/Illuminate/Filesystem/Filesystem.php(123): require()
#1 C:/Users/Rahmat Eka/Peta-Interaktif/vendor/laravel/framework/src/Illuminate/Filesystem/Filesystem.php(124): Illuminate/Filesystem/Filesystem::Illuminate/Filesystem/{closure}()
#2 C:/Users/Rahmat Eka/Peta-Interaktif/vendor/laravel/framework/src/Illuminate/View/Engines/PhpEngine.php(57): Illuminate/Filesystem/Filesystem->getRequire('C://Users//Rahmat...', Array)
#3 C:/Users/Rahmat Eka/Peta-Interaktif/vendor/laravel/framework/src/Illuminate/View/Engines/CompilerEngine.php(76): Illuminate/View/Engines/PhpEngine->evaluatePath('C://Users//Rahmat...', Array)
#4 C:/Users/Rahmat Eka/Peta-Interaktif/vendor/laravel/framework/src/Illuminate/View/View.php(208): Illuminate/View/Engines/CompilerEngine->get('C://Users//Rahmat...', Array)
#5 C:/Users/Rahmat Eka/Peta-Interaktif/vendor/laravel/framework/src/Illuminate/View/View.php(191): Illuminate/View/View->getContents()
#6 C:/Users/Rahmat Eka/Peta-Interaktif/vendor/laravel/framework/src/Illuminate/View/View.php(160): Illuminate/View/View->renderContents()
#7 C:/Users/Rahmat Eka/Peta-Interaktif/vendor/laravel/framework/src/Illuminate/Http/Response.php(78): Illuminate/View/View->render()
#8 C:/Users/Rahmat Eka/Peta-Interaktif/vendor/laravel/framework/src/Illuminate/Http/Response.php(34): Illuminate/Http/Response->setContent(Object(Illuminate/View/View))
#9 C:/Users/Rahmat Eka/Peta-Interaktif/vendor/laravel/framework/src/Illuminate/Routing/Router.php(939): Illuminate/Http/Response->__construct(Object(Illuminate/View/View), 200, Array)
#10 C:/Users/Rahmat Eka/Peta-Interaktif/vendor/laravel/framework/src/Illuminate/Routing/Router.php(906): Illuminate/Routing/Router::toResponse(Object(Illuminate/Http/Request), Object(Illuminate/View/View))
#11 C:/Users/Rahmat Eka/Peta-Interaktif/vendor/laravel/framework/src/Illuminate/Routing/Router.php(821): Illuminate/Routing/Router->prepareResponse(Object(Illuminate/Http/Request), Object(Illuminate/View/View))
#12 C:/Users/Rahmat Eka/Peta-Interaktif/vendor/laravel/framework/src/Illuminate/Pipeline/Pipeline.php(180): Illuminate/Routing/Router->Illuminate/Routing/{closure}(Object(Illuminate/Http/Request))
#13 C:/Users/Rahmat Eka/Peta-Interaktif/vendor/laravel/framework/src/Illuminate/Routing/Middleware/SubstituteBindings.php(50): Illuminate/Pipeline/Pipeline->Illuminate/Pipeline/{closure}(Object(Illuminate/Http/Request))
#14 C:/Users/Rahmat Eka/Peta-Interaktif/vendor/laravel/framework/src/Illuminate/Pipeline/Pipeline.php(219): Illuminate/Routing/Middleware/SubstituteBindings->handle(Object(Illuminate/Http/Request), Object(Closure))
#15 C:/Users/Rahmat Eka/Peta-Interaktif/vendor/laravel/framework/src/Illuminate/Auth/Middleware/Authenticate.php(63): Illuminate/Pipeline/Pipeline->Illuminate/Pipeline/{closure}(Object(Illuminate/Http/Request))
#16 C:/Users/Rahmat Eka/Peta-Interaktif/vendor/laravel/framework/src/Illuminate/Pipeline/Pipeline.php(219): Illuminate/Auth/Middleware/Authenticate->handle(Object(Illuminate/Http/Request), Object(Closure), 'web')
#17 C:/Users/Rahmat Eka/Peta-Interaktif/vendor/laravel/framework/src/Illuminate/Foundation/Http/Middleware/VerifyCsrfToken.php(87): Illuminate/Pipeline/Pipeline->Illuminate/Pipeline/{closure}(Object(Illuminate/Http/Request))
#18 C:/Users/Rahmat Eka/Peta-Interaktif/vendor/laravel/framework/src/Illuminate/Pipeline/Pipeline.php(219): Illuminate/Foundation/Http/Middleware/VerifyCsrfToken->handle(Object(Illuminate/Http/Request), Object(Closure))
#19 C:/Users/Rahmat Eka/Peta-Interaktif/vendor/laravel/framework/src/Illuminate/View/Middleware/ShareErrorsFromSession.php(48): Illuminate/Pipeline/Pipeline->Illuminate/Pipeline/{closure}(Object(Illuminate/Http/Request))
#20 C:/Users/Rahmat Eka/Peta-Interaktif/vendor/laravel/framework/src/Illuminate/Pipeline/Pipeline.php(219): Illuminate/View/Middleware/ShareErrorsFromSession->handle(Object(Illuminate/Http/Request), Object(Closure))
#21 C:/Users/Rahmat Eka/Peta-Interaktif/vendor/laravel/framework/src/Illuminate/Session/Middleware/StartSession.php(120): Illuminate/Pipeline/Pipeline->Illuminate/Pipeline/{closure}(Object(Illuminate/Http/Request))
#22 C:/Users/Rahmat Eka/Peta-Interaktif/vendor/laravel/framework/src/Illuminate/Session/Middleware/StartSession.php(63): Illuminate/Session/Middleware/StartSession->handleStatefulRequest(Object(Illuminate/Http/Request), Object(Illuminate/Session/Store), Object(Closure))
#23 C:/Users/Rahmat Eka/Peta-Interaktif/vendor/laravel/framework/src/Illuminate/Pipeline/Pipeline.php(219): Illuminate/Session/Middleware/StartSession->handle(Object(Illuminate/Http/Request), Object(Closure))
#24 C:/Users/Rahmat Eka/Peta-Interaktif/vendor/laravel/framework/src/Illuminate/Cookie/Middleware/AddQueuedCookiesToResponse.php(36): Illuminate/Pipeline/Pipeline->Illuminate/Pipeline/{closure}(Object(Illuminate/Http/Request))
#25 C:/Users/Rahmat Eka/Peta-Interaktif/vendor/laravel/framework/src/Illuminate/Pipeline/Pipeline.php(219): Illuminate/Cookie/Middleware/AddQueuedCookiesToResponse->handle(Object(Illuminate/Http/Request), Object(Closure))
#26 C:/Users/Rahmat Eka/Peta-Interaktif/vendor/laravel/framework/src/Illuminate/Cookie/Middleware/EncryptCookies.php(74): Illuminate/Pipeline/Pipeline->Illuminate/Pipeline/{closure}(Object(Illuminate/Http/Request))
#27 C:/Users/Rahmat Eka/Peta-Interaktif/vendor/laravel/framework/src/Illuminate/Pipeline/Pipeline.php(219): Illuminate/Cookie/Middleware/EncryptCookies->handle(Object(Illuminate/Http/Request), Object(Closure))
#28 C:/Users/Rahmat Eka/Peta-Interaktif/vendor/laravel/framework/src/Illuminate/Pipeline/Pipeline.php(137): Illuminate/Pipeline/Pipeline->Illuminate/Pipeline/{closure}(Object(Illuminate/Http/Request))
#29 C:/Users/Rahmat Eka/Peta-Interaktif/vendor/laravel/framework/src/Illuminate/Routing/Router.php(821): Illuminate/Pipeline/Pipeline->then(Object(Closure))
#30 C:/Users/Rahmat Eka/Peta-Interaktif/vendor/laravel/framework/src/Illuminate/Routing/Router.php(800): Illuminate/Routing/Router->runRouteWithinStack(Object(Illuminate/Routing/Route), Object(Illuminate/Http/Request))
#31 C:/Users/Rahmat Eka/Peta-Interaktif/vendor/laravel/framework/src/Illuminate/Routing/Router.php(764): Illuminate/Routing/Router->runRoute(Object(Illuminate/Http/Request), Object(Illuminate/Routing/Route))
#32 C:/Users/Rahmat Eka/Peta-Interaktif/vendor/laravel/framework/src/Illuminate/Routing/Router.php(753): Illuminate/Routing/Router->dispatchToRoute(Object(Illuminate/Http/Request))
#33 C:/Users/Rahmat Eka/Peta-Interaktif/vendor/laravel/framework/src/Illuminate/Foundation/Http/Kernel.php(200): Illuminate/Routing/Router->dispatch(Object(Illuminate/Http/Request))
#34 C:/Users/Rahmat Eka/Peta-Interaktif/vendor/laravel/framework/src/Illuminate/Pipeline/Pipeline.php(180): Illuminate/Foundation/Http/Kernel->Illuminate/Foundation/Http/{closure}(Object(Illuminate/Http/Request))
#35 C:/Users/Rahmat Eka/Peta-Interaktif/vendor/laravel/framework/src/Illuminate/Foundation/Http/Middleware/TransformsRequest.php(21): Illuminate/Pipeline/Pipeline->Illuminate/Pipeline/{closure}(Object(Illuminate/Http/Request))
#36 C:/Users/Rahmat Eka/Peta-Interaktif/vendor/laravel/framework/src/Illuminate/Foundation/Http/Middleware/ConvertEmptyStringsToNull.php(31): Illuminate/Foundation/Http/Middleware/TransformsRequest->handle(Object(Illuminate/Http/Request), Object(Closure))
#37 C:/Users/Rahmat Eka/Peta-Interaktif/vendor/laravel/framework/src/Illuminate/Pipeline/Pipeline.php(219): Illuminate/Foundation/Http/Middleware/ConvertEmptyStringsToNull->handle(Object(Illuminate/Http/Request), Object(Closure))
#38 C:/Users/Rahmat Eka/Peta-Interaktif/vendor/laravel/framework/src/Illuminate/Foundation/Http/Middleware/TransformsRequest.php(21): Illuminate/Pipeline/Pipeline->Illuminate/Pipeline/{closure}(Object(Illuminate/Http/Request))
#39 C:/Users/Rahmat Eka/Peta-Interaktif/vendor/laravel/framework/src/Illuminate/Foundation/Http/Middleware/TrimStrings.php(51): Illuminate/Foundation/Http/Middleware/TransformsRequest->handle(Object(Illuminate/Http/Request), Object(Closure))
#40 C:/Users/Rahmat Eka/Peta-Interaktif/vendor/laravel/framework/src/Illuminate/Pipeline/Pipeline.php(219): Illuminate/Foundation/Http/Middleware/TrimStrings->handle(Object(Illuminate/Http/Request), Object(Closure))
#41 C:/Users/Rahmat Eka/Peta-Interaktif/vendor/laravel/framework/src/Illuminate/Http/Middleware/ValidatePostSize.php(27): Illuminate/Pipeline/Pipeline->Illuminate/Pipeline/{closure}(Object(Illuminate/Http/Request))
#42 C:/Users/Rahmat Eka/Peta-Interaktif/vendor/laravel/framework/src/Illuminate/Pipeline/Pipeline.php(219): Illuminate/Http/Middleware/ValidatePostSize->handle(Object(Illuminate/Http/Request), Object(Closure))
#43 C:/Users/Rahmat Eka/Peta-Interaktif/vendor/laravel/framework/src/Illuminate/Foundation/Http/Middleware/PreventRequestsDuringMaintenance.php(109): Illuminate/Pipeline/Pipeline->Illuminate/Pipeline/{closure}(Object(Illuminate/Http/Request))
#44 C:/Users/Rahmat Eka/Peta-Interaktif/vendor/laravel/framework/src/Illuminate/Pipeline/Pipeline.php(219): Illuminate/Foundation/Http/Middleware/PreventRequestsDuringMaintenance->handle(Object(Illuminate/Http/Request), Object(Closure))
#45 C:/Users/Rahmat Eka/Peta-Interaktif/vendor/laravel/framework/src/Illuminate/Http/Middleware/HandleCors.php(61): Illuminate/Pipeline/Pipeline->Illuminate/Pipeline/{closure}(Object(Illuminate/Http/Request))
#46 C:/Users/Rahmat Eka/Peta-Interaktif/vendor/laravel/framework/src/Illuminate/Pipeline/Pipeline.php(219): Illuminate/Http/Middleware/HandleCors->handle(Object(Illuminate/Http/Request), Object(Closure))
#47 C:/Users/Rahmat Eka/Peta-Interaktif/vendor/laravel/framework/src/Illuminate/Http/Middleware/TrustProxies.php(58): Illuminate/Pipeline/Pipeline->Illuminate/Pipeline/{closure}(Object(Illuminate/Http/Request))
#48 C:/Users/Rahmat Eka/Peta-Interaktif/vendor/laravel/framework/src/Illuminate/Pipeline/Pipeline.php(219): Illuminate/Http/Middleware/TrustProxies->handle(Object(Illuminate/Http/Request), Object(Closure))
#49 C:/Users/Rahmat Eka/Peta-Interaktif/vendor/laravel/framework/src/Illuminate/Foundation/Http/Middleware/InvokeDeferredCallbacks.php(22): Illuminate/Pipeline/Pipeline->Illuminate/Pipeline/{closure}(Object(Illuminate/Http/Request))
#50 C:/Users/Rahmat Eka/Peta-Interaktif/vendor/laravel/framework/src/Illuminate/Pipeline/Pipeline.php(219): Illuminate/Foundation/Http/Middleware/InvokeDeferredCallbacks->handle(Object(Illuminate/Http/Request), Object(Closure))
#51 C:/Users/Rahmat Eka/Peta-Interaktif/vendor/laravel/framework/src/Illuminate/Http/Middleware/ValidatePathEncoding.php(26): Illuminate/Pipeline/Pipeline->Illuminate/Pipeline/{closure}(Object(Illuminate/Http/Request))
#52 C:/Users/Rahmat Eka/Peta-Interaktif/vendor/laravel/framework/src/Illuminate/Pipeline/Pipeline.php(219): Illuminate/Http/Middleware/ValidatePathEncoding->handle(Object(Illuminate/Http/Request), Object(Closure))
#53 C:/Users/Rahmat Eka/Peta-Interaktif/vendor/laravel/framework/src/Illuminate/Pipeline/Pipeline.php(137): Illuminate/Pipeline/Pipeline->Illuminate/Pipeline/{closure}(Object(Illuminate/Http/Request))
#54 C:/Users/Rahmat Eka/Peta-Interaktif/vendor/laravel/framework/src/Illuminate/Foundation/Http/Kernel.php(175): Illuminate/Pipeline/Pipeline->then(Object(Closure))
#55 C:/Users/Rahmat Eka/Peta-Interaktif/vendor/laravel/framework/src/Illuminate/Foundation/Http/Kernel.php(144): Illuminate/Foundation/Http/Kernel->sendRequestThroughRouter(Object(Illuminate/Http/Request))
#56 C:/Users/Rahmat Eka/Peta-Interaktif/vendor/laravel/framework/src/Illuminate/Foundation/Application.php(1220): Illuminate/Foundation/Http/Kernel->handle(Object(Illuminate/Http/Request))
#57 C:/Users/Rahmat Eka/Peta-Interaktif/public/index.php(18): Illuminate/Foundation/Application->handleRequest(Object(Illuminate/Http/Request))
#58 C:/Users/Rahmat Eka/Peta-Interaktif/vendor/laravel/framework/src/Illuminate/Foundation/resources/server.php(23): require_once('C://Users//Rahmat...')
#59 {main}
"} 
[2026-06-17 11:55:36] local.ERROR: Call to a member function format() on null (View: C:\Users\Rahmat Eka\Peta-Interaktif\resources\views\admin\dashboard.blade.php) {"userId":6,"exception":"[object] (Illuminate\\View\\ViewException(code: 0): Call to a member function format() on null (View: C:\\Users\\Rahmat Eka\\Peta-Interaktif\\resources\\views\\admin\\dashboard.blade.php) at C:/Users/Rahmat Eka/Peta-Interaktif/storage/framework/views/3577a92069dabef03ce164e4e3a74e0d.php:146)
[stacktrace]
#0 C:/Users/Rahmat Eka/Peta-Interaktif/vendor/laravel/framework/src/Illuminate/View/Engines/PhpEngine.php(59): Illuminate/View/Engines/CompilerEngine->handleViewException(Object(Error), 1)
#1 C:/Users/Rahmat Eka/Peta-Interaktif/vendor/laravel/framework/src/Illuminate/View/Engines/CompilerEngine.php(76): Illuminate/View/Engines/PhpEngine->evaluatePath('C://Users//Rahmat...', Array)
#2 C:/Users/Rahmat Eka/Peta-Interaktif/vendor/laravel/framework/src/Illuminate/View/View.php(208): Illuminate/View/Engines/CompilerEngine->get('C://Users//Rahmat...', Array)
#3 C:/Users/Rahmat Eka/Peta-Interaktif/vendor/laravel/framework/src/Illuminate/View/View.php(191): Illuminate/View/View->getContents()
#4 C:/Users/Rahmat Eka/Peta-Interaktif/vendor/laravel/framework/src/Illuminate/View/View.php(160): Illuminate/View/View->renderContents()
#5 C:/Users/Rahmat Eka/Peta-Interaktif/vendor/laravel/framework/src/Illuminate/Http/Response.php(78): Illuminate/View/View->render()
#6 C:/Users/Rahmat Eka/Peta-Interaktif/vendor/laravel/framework/src/Illuminate/Http/Response.php(34): Illuminate/Http/Response->setContent(Object(Illuminate/View/View))
#7 C:/Users/Rahmat Eka/Peta-Interaktif/vendor/laravel/framework/src/Illuminate/Routing/Router.php(939): Illuminate/Http/Response->__construct(Object(Illuminate/View/View), 200, Array)
#8 C:/Users/Rahmat Eka/Peta-Interaktif/vendor/laravel/framework/src/Illuminate/Routing/Router.php(906): Illuminate/Routing/Router::toResponse(Object(Illuminate/Http/Request), Object(Illuminate/View/View))
#9 C:/Users/Rahmat Eka/Peta-Interaktif/vendor/laravel/framework/src/Illuminate/Routing/Router.php(821): Illuminate/Routing/Router->prepareResponse(Object(Illuminate/Http/Request), Object(Illuminate/View/View))
#10 C:/Users/Rahmat Eka/Peta-Interaktif/vendor/laravel/framework/src/Illuminate/Pipeline/Pipeline.php(180): Illuminate/Routing/Router->Illuminate/Routing/{closure}(Object(Illuminate/Http/Request))
#11 C:/Users/Rahmat Eka/Peta-Interaktif/vendor/laravel/framework/src/Illuminate/Routing/Middleware/SubstituteBindings.php(50): Illuminate/Pipeline/Pipeline->Illuminate/Pipeline/{closure}(Object(Illuminate/Http/Request))
#12 C:/Users/Rahmat Eka/Peta-Interaktif/vendor/laravel/framework/src/Illuminate/Pipeline/Pipeline.php(219): Illuminate/Routing/Middleware/SubstituteBindings->handle(Object(Illuminate/Http/Request), Object(Closure))
#13 C:/Users/Rahmat Eka/Peta-Interaktif/vendor/laravel/framework/src/Illuminate/Auth/Middleware/Authenticate.php(63): Illuminate/Pipeline/Pipeline->Illuminate/Pipeline/{closure}(Object(Illuminate/Http/Request))
#14 C:/Users/Rahmat Eka/Peta-Interaktif/vendor/laravel/framework/src/Illuminate/Pipeline/Pipeline.php(219): Illuminate/Auth/Middleware/Authenticate->handle(Object(Illuminate/Http/Request), Object(Closure), 'admin')
#15 C:/Users/Rahmat Eka/Peta-Interaktif/vendor/laravel/framework/src/Illuminate/Foundation/Http/Middleware/VerifyCsrfToken.php(87): Illuminate/Pipeline/Pipeline->Illuminate/Pipeline/{closure}(Object(Illuminate/Http/Request))
#16 C:/Users/Rahmat Eka/Peta-Interaktif/vendor/laravel/framework/src/Illuminate/Pipeline/Pipeline.php(219): Illuminate/Foundation/Http/Middleware/VerifyCsrfToken->handle(Object(Illuminate/Http/Request), Object(Closure))
#17 C:/Users/Rahmat Eka/Peta-Interaktif/vendor/laravel/framework/src/Illuminate/View/Middleware/ShareErrorsFromSession.php(48): Illuminate/Pipeline/Pipeline->Illuminate/Pipeline/{closure}(Object(Illuminate/Http/Request))
#18 C:/Users/Rahmat Eka/Peta-Interaktif/vendor/laravel/framework/src/Illuminate/Pipeline/Pipeline.php(219): Illuminate/View/Middleware/ShareErrorsFromSession->handle(Object(Illuminate/Http/Request), Object(Closure))
#19 C:/Users/Rahmat Eka/Peta-Interaktif/vendor/laravel/framework/src/Illuminate/Session/Middleware/StartSession.php(120): Illuminate/Pipeline/Pipeline->Illuminate/Pipeline/{closure}(Object(Illuminate/Http/Request))
#20 C:/Users/Rahmat Eka/Peta-Interaktif/vendor/laravel/framework/src/Illuminate/Session/Middleware/StartSession.php(63): Illuminate/Session/Middleware/StartSession->handleStatefulRequest(Object(Illuminate/Http/Request), Object(Illuminate/Session/Store), Object(Closure))
#21 C:/Users/Rahmat Eka/Peta-Interaktif/vendor/laravel/framework/src/Illuminate/Pipeline/Pipeline.php(219): Illuminate/Session/Middleware/StartSession->handle(Object(Illuminate/Http/Request), Object(Closure))
#22 C:/Users/Rahmat Eka/Peta-Interaktif/vendor/laravel/framework/src/Illuminate/Cookie/Middleware/AddQueuedCookiesToResponse.php(36): Illuminate/Pipeline/Pipeline->Illuminate/Pipeline/{closure}(Object(Illuminate/Http/Request))
#23 C:/Users/Rahmat Eka/Peta-Interaktif/vendor/laravel/framework/src/Illuminate/Pipeline/Pipeline.php(219): Illuminate/Cookie/Middleware/AddQueuedCookiesToResponse->handle(Object(Illuminate/Http/Request), Object(Closure))
#24 C:/Users/Rahmat Eka/Peta-Interaktif/vendor/laravel/framework/src/Illuminate/Cookie/Middleware/EncryptCookies.php(74): Illuminate/Pipeline/Pipeline->Illuminate/Pipeline/{closure}(Object(Illuminate/Http/Request))
#25 C:/Users/Rahmat Eka/Peta-Interaktif/vendor/laravel/framework/src/Illuminate/Pipeline/Pipeline.php(219): Illuminate/Cookie/Middleware/EncryptCookies->handle(Object(Illuminate/Http/Request), Object(Closure))
#26 C:/Users/Rahmat Eka/Peta-Interaktif/vendor/laravel/framework/src/Illuminate/Pipeline/Pipeline.php(137): Illuminate/Pipeline/Pipeline->Illuminate/Pipeline/{closure}(Object(Illuminate/Http/Request))
#27 C:/Users/Rahmat Eka/Peta-Interaktif/vendor/laravel/framework/src/Illuminate/Routing/Router.php(821): Illuminate/Pipeline/Pipeline->then(Object(Closure))
#28 C:/Users/Rahmat Eka/Peta-Interaktif/vendor/laravel/framework/src/Illuminate/Routing/Router.php(800): Illuminate/Routing/Router->runRouteWithinStack(Object(Illuminate/Routing/Route), Object(Illuminate/Http/Request))
#29 C:/Users/Rahmat Eka/Peta-Interaktif/vendor/laravel/framework/src/Illuminate/Routing/Router.php(764): Illuminate/Routing/Router->runRoute(Object(Illuminate/Http/Request), Object(Illuminate/Routing/Route))
#30 C:/Users/Rahmat Eka/Peta-Interaktif/vendor/laravel/framework/src/Illuminate/Routing/Router.php(753): Illuminate/Routing/Router->dispatchToRoute(Object(Illuminate/Http/Request))
#31 C:/Users/Rahmat Eka/Peta-Interaktif/vendor/laravel/framework/src/Illuminate/Foundation/Http/Kernel.php(200): Illuminate/Routing/Router->dispatch(Object(Illuminate/Http/Request))
#32 C:/Users/Rahmat Eka/Peta-Interaktif/vendor/laravel/framework/src/Illuminate/Pipeline/Pipeline.php(180): Illuminate/Foundation/Http/Kernel->Illuminate/Foundation/Http/{closure}(Object(Illuminate/Http/Request))
#33 C:/Users/Rahmat Eka/Peta-Interaktif/vendor/laravel/framework/src/Illuminate/Foundation/Http/Middleware/TransformsRequest.php(21): Illuminate/Pipeline/Pipeline->Illuminate/Pipeline/{closure}(Object(Illuminate/Http/Request))
#34 C:/Users/Rahmat Eka/Peta-Interaktif/vendor/laravel/framework/src/Illuminate/Foundation/Http/Middleware/ConvertEmptyStringsToNull.php(31): Illuminate/Foundation/Http/Middleware/TransformsRequest->handle(Object(Illuminate/Http/Request), Object(Closure))
#35 C:/Users/Rahmat Eka/Peta-Interaktif/vendor/laravel/framework/src/Illuminate/Pipeline/Pipeline.php(219): Illuminate/Foundation/Http/Middleware/ConvertEmptyStringsToNull->handle(Object(Illuminate/Http/Request), Object(Closure))
#36 C:/Users/Rahmat Eka/Peta-Interaktif/vendor/laravel/framework/src/Illuminate/Foundation/Http/Middleware/TransformsRequest.php(21): Illuminate/Pipeline/Pipeline->Illuminate/Pipeline/{closure}(Object(Illuminate/Http/Request))
#37 C:/Users/Rahmat Eka/Peta-Interaktif/vendor/laravel/framework/src/Illuminate/Foundation/Http/Middleware/TrimStrings.php(51): Illuminate/Foundation/Http/Middleware/TransformsRequest->handle(Object(Illuminate/Http/Request), Object(Closure))
#38 C:/Users/Rahmat Eka/Peta-Interaktif/vendor/laravel/framework/src/Illuminate/Pipeline/Pipeline.php(219): Illuminate/Foundation/Http/Middleware/TrimStrings->handle(Object(Illuminate/Http/Request), Object(Closure))
#39 C:/Users/Rahmat Eka/Peta-Interaktif/vendor/laravel/framework/src/Illuminate/Http/Middleware/ValidatePostSize.php(27): Illuminate/Pipeline/Pipeline->Illuminate/Pipeline/{closure}(Object(Illuminate/Http/Request))
#40 C:/Users/Rahmat Eka/Peta-Interaktif/vendor/laravel/framework/src/Illuminate/Pipeline/Pipeline.php(219): Illuminate/Http/Middleware/ValidatePostSize->handle(Object(Illuminate/Http/Request), Object(Closure))
#41 C:/Users/Rahmat Eka/Peta-Interaktif/vendor/laravel/framework/src/Illuminate/Foundation/Http/Middleware/PreventRequestsDuringMaintenance.php(109): Illuminate/Pipeline/Pipeline->Illuminate/Pipeline/{closure}(Object(Illuminate/Http/Request))
#42 C:/Users/Rahmat Eka/Peta-Interaktif/vendor/laravel/framework/src/Illuminate/Pipeline/Pipeline.php(219): Illuminate/Foundation/Http/Middleware/PreventRequestsDuringMaintenance->handle(Object(Illuminate/Http/Request), Object(Closure))
#43 C:/Users/Rahmat Eka/Peta-Interaktif/vendor/laravel/framework/src/Illuminate/Http/Middleware/HandleCors.php(61): Illuminate/Pipeline/Pipeline->Illuminate/Pipeline/{closure}(Object(Illuminate/Http/Request))
#44 C:/Users/Rahmat Eka/Peta-Interaktif/vendor/laravel/framework/src/Illuminate/Pipeline/Pipeline.php(219): Illuminate/Http/Middleware/HandleCors->handle(Object(Illuminate/Http/Request), Object(Closure))
#45 C:/Users/Rahmat Eka/Peta-Interaktif/vendor/laravel/framework/src/Illuminate/Http/Middleware/TrustProxies.php(58): Illuminate/Pipeline/Pipeline->Illuminate/Pipeline/{closure}(Object(Illuminate/Http/Request))
#46 C:/Users/Rahmat Eka/Peta-Interaktif/vendor/laravel/framework/src/Illuminate/Pipeline/Pipeline.php(219): Illuminate/Http/Middleware/TrustProxies->handle(Object(Illuminate/Http/Request), Object(Closure))
#47 C:/Users/Rahmat Eka/Peta-Interaktif/vendor/laravel/framework/src/Illuminate/Foundation/Http/Middleware/InvokeDeferredCallbacks.php(22): Illuminate/Pipeline/Pipeline->Illuminate/Pipeline/{closure}(Object(Illuminate/Http/Request))
#48 C:/Users/Rahmat Eka/Peta-Interaktif/vendor/laravel/framework/src/Illuminate/Pipeline/Pipeline.php(219): Illuminate/Foundation/Http/Middleware/InvokeDeferredCallbacks->handle(Object(Illuminate/Http/Request), Object(Closure))
#49 C:/Users/Rahmat Eka/Peta-Interaktif/vendor/laravel/framework/src/Illuminate/Http/Middleware/ValidatePathEncoding.php(26): Illuminate/Pipeline/Pipeline->Illuminate/Pipeline/{closure}(Object(Illuminate/Http/Request))
#50 C:/Users/Rahmat Eka/Peta-Interaktif/vendor/laravel/framework/src/Illuminate/Pipeline/Pipeline.php(219): Illuminate/Http/Middleware/ValidatePathEncoding->handle(Object(Illuminate/Http/Request), Object(Closure))
#51 C:/Users/Rahmat Eka/Peta-Interaktif/vendor/laravel/framework/src/Illuminate/Pipeline/Pipeline.php(137): Illuminate/Pipeline/Pipeline->Illuminate/Pipeline/{closure}(Object(Illuminate/Http/Request))
#52 C:/Users/Rahmat Eka/Peta-Interaktif/vendor/laravel/framework/src/Illuminate/Foundation/Http/Kernel.php(175): Illuminate/Pipeline/Pipeline->then(Object(Closure))
#53 C:/Users/Rahmat Eka/Peta-Interaktif/vendor/laravel/framework/src/Illuminate/Foundation/Http/Kernel.php(144): Illuminate/Foundation/Http/Kernel->sendRequestThroughRouter(Object(Illuminate/Http/Request))
#54 C:/Users/Rahmat Eka/Peta-Interaktif/vendor/laravel/framework/src/Illuminate/Foundation/Application.php(1220): Illuminate/Foundation/Http/Kernel->handle(Object(Illuminate/Http/Request))
#55 C:/Users/Rahmat Eka/Peta-Interaktif/public/index.php(18): Illuminate/Foundation/Application->handleRequest(Object(Illuminate/Http/Request))
#56 C:/Users/Rahmat Eka/Peta-Interaktif/vendor/laravel/framework/src/Illuminate/Foundation/resources/server.php(23): require_once('C://Users//Rahmat...')
#57 {main}

[previous exception] [object] (Error(code: 0): Call to a member function format() on null at C:/Users/Rahmat Eka/Peta-Interaktif/storage/framework/views/3577a92069dabef03ce164e4e3a74e0d.php:146)
[stacktrace]
#0 C:/Users/Rahmat Eka/Peta-Interaktif/vendor/laravel/framework/src/Illuminate/Filesystem/Filesystem.php(123): require()
#1 C:/Users/Rahmat Eka/Peta-Interaktif/vendor/laravel/framework/src/Illuminate/Filesystem/Filesystem.php(124): Illuminate/Filesystem/Filesystem::Illuminate/Filesystem/{closure}()
#2 C:/Users/Rahmat Eka/Peta-Interaktif/vendor/laravel/framework/src/Illuminate/View/Engines/PhpEngine.php(57): Illuminate/Filesystem/Filesystem->getRequire('C://Users//Rahmat...', Array)
#3 C:/Users/Rahmat Eka/Peta-Interaktif/vendor/laravel/framework/src/Illuminate/View/Engines/CompilerEngine.php(76): Illuminate/View/Engines/PhpEngine->evaluatePath('C://Users//Rahmat...', Array)
#4 C:/Users/Rahmat Eka/Peta-Interaktif/vendor/laravel/framework/src/Illuminate/View/View.php(208): Illuminate/View/Engines/CompilerEngine->get('C://Users//Rahmat...', Array)
#5 C:/Users/Rahmat Eka/Peta-Interaktif/vendor/laravel/framework/src/Illuminate/View/View.php(191): Illuminate/View/View->getContents()
#6 C:/Users/Rahmat Eka/Peta-Interaktif/vendor/laravel/framework/src/Illuminate/View/View.php(160): Illuminate/View/View->renderContents()
#7 C:/Users/Rahmat Eka/Peta-Interaktif/vendor/laravel/framework/src/Illuminate/Http/Response.php(78): Illuminate/View/View->render()
#8 C:/Users/Rahmat Eka/Peta-Interaktif/vendor/laravel/framework/src/Illuminate/Http/Response.php(34): Illuminate/Http/Response->setContent(Object(Illuminate/View/View))
#9 C:/Users/Rahmat Eka/Peta-Interaktif/vendor/laravel/framework/src/Illuminate/Routing/Router.php(939): Illuminate/Http/Response->__construct(Object(Illuminate/View/View), 200, Array)
#10 C:/Users/Rahmat Eka/Peta-Interaktif/vendor/laravel/framework/src/Illuminate/Routing/Router.php(906): Illuminate/Routing/Router::toResponse(Object(Illuminate/Http/Request), Object(Illuminate/View/View))
#11 C:/Users/Rahmat Eka/Peta-Interaktif/vendor/laravel/framework/src/Illuminate/Routing/Router.php(821): Illuminate/Routing/Router->prepareResponse(Object(Illuminate/Http/Request), Object(Illuminate/View/View))
#12 C:/Users/Rahmat Eka/Peta-Interaktif/vendor/laravel/framework/src/Illuminate/Pipeline/Pipeline.php(180): Illuminate/Routing/Router->Illuminate/Routing/{closure}(Object(Illuminate/Http/Request))
#13 C:/Users/Rahmat Eka/Peta-Interaktif/vendor/laravel/framework/src/Illuminate/Routing/Middleware/SubstituteBindings.php(50): Illuminate/Pipeline/Pipeline->Illuminate/Pipeline/{closure}(Object(Illuminate/Http/Request))
#14 C:/Users/Rahmat Eka/Peta-Interaktif/vendor/laravel/framework/src/Illuminate/Pipeline/Pipeline.php(219): Illuminate/Routing/Middleware/SubstituteBindings->handle(Object(Illuminate/Http/Request), Object(Closure))
#15 C:/Users/Rahmat Eka/Peta-Interaktif/vendor/laravel/framework/src/Illuminate/Auth/Middleware/Authenticate.php(63): Illuminate/Pipeline/Pipeline->Illuminate/Pipeline/{closure}(Object(Illuminate/Http/Request))
#16 C:/Users/Rahmat Eka/Peta-Interaktif/vendor/laravel/framework/src/Illuminate/Pipeline/Pipeline.php(219): Illuminate/Auth/Middleware/Authenticate->handle(Object(Illuminate/Http/Request), Object(Closure), 'admin')
#17 C:/Users/Rahmat Eka/Peta-Interaktif/vendor/laravel/framework/src/Illuminate/Foundation/Http/Middleware/VerifyCsrfToken.php(87): Illuminate/Pipeline/Pipeline->Illuminate/Pipeline/{closure}(Object(Illuminate/Http/Request))
#18 C:/Users/Rahmat Eka/Peta-Interaktif/vendor/laravel/framework/src/Illuminate/Pipeline/Pipeline.php(219): Illuminate/Foundation/Http/Middleware/VerifyCsrfToken->handle(Object(Illuminate/Http/Request), Object(Closure))
#19 C:/Users/Rahmat Eka/Peta-Interaktif/vendor/laravel/framework/src/Illuminate/View/Middleware/ShareErrorsFromSession.php(48): Illuminate/Pipeline/Pipeline->Illuminate/Pipeline/{closure}(Object(Illuminate/Http/Request))
#20 C:/Users/Rahmat Eka/Peta-Interaktif/vendor/laravel/framework/src/Illuminate/Pipeline/Pipeline.php(219): Illuminate/View/Middleware/ShareErrorsFromSession->handle(Object(Illuminate/Http/Request), Object(Closure))
#21 C:/Users/Rahmat Eka/Peta-Interaktif/vendor/laravel/framework/src/Illuminate/Session/Middleware/StartSession.php(120): Illuminate/Pipeline/Pipeline->Illuminate/Pipeline/{closure}(Object(Illuminate/Http/Request))
#22 C:/Users/Rahmat Eka/Peta-Interaktif/vendor/laravel/framework/src/Illuminate/Session/Middleware/StartSession.php(63): Illuminate/Session/Middleware/StartSession->handleStatefulRequest(Object(Illuminate/Http/Request), Object(Illuminate/Session/Store), Object(Closure))
#23 C:/Users/Rahmat Eka/Peta-Interaktif/vendor/laravel/framework/src/Illuminate/Pipeline/Pipeline.php(219): Illuminate/Session/Middleware/StartSession->handle(Object(Illuminate/Http/Request), Object(Closure))
#24 C:/Users/Rahmat Eka/Peta-Interaktif/vendor/laravel/framework/src/Illuminate/Cookie/Middleware/AddQueuedCookiesToResponse.php(36): Illuminate/Pipeline/Pipeline->Illuminate/Pipeline/{closure}(Object(Illuminate/Http/Request))
#25 C:/Users/Rahmat Eka/Peta-Interaktif/vendor/laravel/framework/src/Illuminate/Pipeline/Pipeline.php(219): Illuminate/Cookie/Middleware/AddQueuedCookiesToResponse->handle(Object(Illuminate/Http/Request), Object(Closure))
#26 C:/Users/Rahmat Eka/Peta-Interaktif/vendor/laravel/framework/src/Illuminate/Cookie/Middleware/EncryptCookies.php(74): Illuminate/Pipeline/Pipeline->Illuminate/Pipeline/{closure}(Object(Illuminate/Http/Request))
#27 C:/Users/Rahmat Eka/Peta-Interaktif/vendor/laravel/framework/src/Illuminate/Pipeline/Pipeline.php(219): Illuminate/Cookie/Middleware/EncryptCookies->handle(Object(Illuminate/Http/Request), Object(Closure))
#28 C:/Users/Rahmat Eka/Peta-Interaktif/vendor/laravel/framework/src/Illuminate/Pipeline/Pipeline.php(137): Illuminate/Pipeline/Pipeline->Illuminate/Pipeline/{closure}(Object(Illuminate/Http/Request))
#29 C:/Users/Rahmat Eka/Peta-Interaktif/vendor/laravel/framework/src/Illuminate/Routing/Router.php(821): Illuminate/Pipeline/Pipeline->then(Object(Closure))
#30 C:/Users/Rahmat Eka/Peta-Interaktif/vendor/laravel/framework/src/Illuminate/Routing/Router.php(800): Illuminate/Routing/Router->runRouteWithinStack(Object(Illuminate/Routing/Route), Object(Illuminate/Http/Request))
#31 C:/Users/Rahmat Eka/Peta-Interaktif/vendor/laravel/framework/src/Illuminate/Routing/Router.php(764): Illuminate/Routing/Router->runRoute(Object(Illuminate/Http/Request), Object(Illuminate/Routing/Route))
#32 C:/Users/Rahmat Eka/Peta-Interaktif/vendor/laravel/framework/src/Illuminate/Routing/Router.php(753): Illuminate/Routing/Router->dispatchToRoute(Object(Illuminate/Http/Request))
#33 C:/Users/Rahmat Eka/Peta-Interaktif/vendor/laravel/framework/src/Illuminate/Foundation/Http/Kernel.php(200): Illuminate/Routing/Router->dispatch(Object(Illuminate/Http/Request))
#34 C:/Users/Rahmat Eka/Peta-Interaktif/vendor/laravel/framework/src/Illuminate/Pipeline/Pipeline.php(180): Illuminate/Foundation/Http/Kernel->Illuminate/Foundation/Http/{closure}(Object(Illuminate/Http/Request))
#35 C:/Users/Rahmat Eka/Peta-Interaktif/vendor/laravel/framework/src/Illuminate/Foundation/Http/Middleware/TransformsRequest.php(21): Illuminate/Pipeline/Pipeline->Illuminate/Pipeline/{closure}(Object(Illuminate/Http/Request))
#36 C:/Users/Rahmat Eka/Peta-Interaktif/vendor/laravel/framework/src/Illuminate/Foundation/Http/Middleware/ConvertEmptyStringsToNull.php(31): Illuminate/Foundation/Http/Middleware/TransformsRequest->handle(Object(Illuminate/Http/Request), Object(Closure))
#37 C:/Users/Rahmat Eka/Peta-Interaktif/vendor/laravel/framework/src/Illuminate/Pipeline/Pipeline.php(219): Illuminate/Foundation/Http/Middleware/ConvertEmptyStringsToNull->handle(Object(Illuminate/Http/Request), Object(Closure))
#38 C:/Users/Rahmat Eka/Peta-Interaktif/vendor/laravel/framework/src/Illuminate/Foundation/Http/Middleware/TransformsRequest.php(21): Illuminate/Pipeline/Pipeline->Illuminate/Pipeline/{closure}(Object(Illuminate/Http/Request))
#39 C:/Users/Rahmat Eka/Peta-Interaktif/vendor/laravel/framework/src/Illuminate/Foundation/Http/Middleware/TrimStrings.php(51): Illuminate/Foundation/Http/Middleware/TransformsRequest->handle(Object(Illuminate/Http/Request), Object(Closure))
#40 C:/Users/Rahmat Eka/Peta-Interaktif/vendor/laravel/framework/src/Illuminate/Pipeline/Pipeline.php(219): Illuminate/Foundation/Http/Middleware/TrimStrings->handle(Object(Illuminate/Http/Request), Object(Closure))
#41 C:/Users/Rahmat Eka/Peta-Interaktif/vendor/laravel/framework/src/Illuminate/Http/Middleware/ValidatePostSize.php(27): Illuminate/Pipeline/Pipeline->Illuminate/Pipeline/{closure}(Object(Illuminate/Http/Request))
#42 C:/Users/Rahmat Eka/Peta-Interaktif/vendor/laravel/framework/src/Illuminate/Pipeline/Pipeline.php(219): Illuminate/Http/Middleware/ValidatePostSize->handle(Object(Illuminate/Http/Request), Object(Closure))
#43 C:/Users/Rahmat Eka/Peta-Interaktif/vendor/laravel/framework/src/Illuminate/Foundation/Http/Middleware/PreventRequestsDuringMaintenance.php(109): Illuminate/Pipeline/Pipeline->Illuminate/Pipeline/{closure}(Object(Illuminate/Http/Request))
#44 C:/Users/Rahmat Eka/Peta-Interaktif/vendor/laravel/framework/src/Illuminate/Pipeline/Pipeline.php(219): Illuminate/Foundation/Http/Middleware/PreventRequestsDuringMaintenance->handle(Object(Illuminate/Http/Request), Object(Closure))
#45 C:/Users/Rahmat Eka/Peta-Interaktif/vendor/laravel/framework/src/Illuminate/Http/Middleware/HandleCors.php(61): Illuminate/Pipeline/Pipeline->Illuminate/Pipeline/{closure}(Object(Illuminate/Http/Request))
#46 C:/Users/Rahmat Eka/Peta-Interaktif/vendor/laravel/framework/src/Illuminate/Pipeline/Pipeline.php(219): Illuminate/Http/Middleware/HandleCors->handle(Object(Illuminate/Http/Request), Object(Closure))
#47 C:/Users/Rahmat Eka/Peta-Interaktif/vendor/laravel/framework/src/Illuminate/Http/Middleware/TrustProxies.php(58): Illuminate/Pipeline/Pipeline->Illuminate/Pipeline/{closure}(Object(Illuminate/Http/Request))
#48 C:/Users/Rahmat Eka/Peta-Interaktif/vendor/laravel/framework/src/Illuminate/Pipeline/Pipeline.php(219): Illuminate/Http/Middleware/TrustProxies->handle(Object(Illuminate/Http/Request), Object(Closure))
#49 C:/Users/Rahmat Eka/Peta-Interaktif/vendor/laravel/framework/src/Illuminate/Foundation/Http/Middleware/InvokeDeferredCallbacks.php(22): Illuminate/Pipeline/Pipeline->Illuminate/Pipeline/{closure}(Object(Illuminate/Http/Request))
#50 C:/Users/Rahmat Eka/Peta-Interaktif/vendor/laravel/framework/src/Illuminate/Pipeline/Pipeline.php(219): Illuminate/Foundation/Http/Middleware/InvokeDeferredCallbacks->handle(Object(Illuminate/Http/Request), Object(Closure))
#51 C:/Users/Rahmat Eka/Peta-Interaktif/vendor/laravel/framework/src/Illuminate/Http/Middleware/ValidatePathEncoding.php(26): Illuminate/Pipeline/Pipeline->Illuminate/Pipeline/{closure}(Object(Illuminate/Http/Request))
#52 C:/Users/Rahmat Eka/Peta-Interaktif/vendor/laravel/framework/src/Illuminate/Pipeline/Pipeline.php(219): Illuminate/Http/Middleware/ValidatePathEncoding->handle(Object(Illuminate/Http/Request), Object(Closure))
#53 C:/Users/Rahmat Eka/Peta-Interaktif/vendor/laravel/framework/src/Illuminate/Pipeline/Pipeline.php(137): Illuminate/Pipeline/Pipeline->Illuminate/Pipeline/{closure}(Object(Illuminate/Http/Request))
#54 C:/Users/Rahmat Eka/Peta-Interaktif/vendor/laravel/framework/src/Illuminate/Foundation/Http/Kernel.php(175): Illuminate/Pipeline/Pipeline->then(Object(Closure))
#55 C:/Users/Rahmat Eka/Peta-Interaktif/vendor/laravel/framework/src/Illuminate/Foundation/Http/Kernel.php(144): Illuminate/Foundation/Http/Kernel->sendRequestThroughRouter(Object(Illuminate/Http/Request))
#56 C:/Users/Rahmat Eka/Peta-Interaktif/vendor/laravel/framework/src/Illuminate/Foundation/Application.php(1220): Illuminate/Foundation/Http/Kernel->handle(Object(Illuminate/Http/Request))
#57 C:/Users/Rahmat Eka/Peta-Interaktif/public/index.php(18): Illuminate/Foundation/Application->handleRequest(Object(Illuminate/Http/Request))
#58 C:/Users/Rahmat Eka/Peta-Interaktif/vendor/laravel/framework/src/Illuminate/Foundation/resources/server.php(23): require_once('C://Users//Rahmat...')
#59 {main}
"} 
[2026-06-17 11:59:39] laravel.EMERGENCY: Unable to create configured logger. Using emergency logger. {"exception":"[object] (InvalidArgumentException(code: 0): NullHandler must be an instance of Monolog\\Handler\\HandlerInterface at C:/Users/Rahmat Eka/Peta-Interaktif/vendor/laravel/framework/src/Illuminate/Log/LogManager.php:398)
[stacktrace]
#0 C:/Users/Rahmat Eka/Peta-Interaktif/vendor/laravel/framework/src/Illuminate/Log/LogManager.php(232): Illuminate/Log/LogManager->createMonologDriver(Array)
#1 C:/Users/Rahmat Eka/Peta-Interaktif/vendor/laravel/framework/src/Illuminate/Log/LogManager.php(138): Illuminate/Log/LogManager->resolve('deprecations', Array)
#2 C:/Users/Rahmat Eka/Peta-Interaktif/vendor/laravel/framework/src/Illuminate/Log/LogManager.php(125): Illuminate/Log/LogManager->get('deprecations')
#3 C:/Users/Rahmat Eka/Peta-Interaktif/vendor/laravel/framework/src/Illuminate/Log/LogManager.php(114): Illuminate/Log/LogManager->driver('deprecations')
#4 C:/Users/Rahmat Eka/Peta-Interaktif/vendor/laravel/framework/src/Illuminate/Foundation/Bootstrap/HandleExceptions.php(109): Illuminate/Log/LogManager->channel('deprecations')
#5 C:/Users/Rahmat Eka/Peta-Interaktif/vendor/laravel/framework/src/Illuminate/Foundation/Bootstrap/HandleExceptions.php(74): Illuminate/Foundation/Bootstrap/HandleExceptions->handleDeprecationError('Since symfony/h...', 'C://Users//Rahmat...', 25, 16384)
#6 C:/Users/Rahmat Eka/Peta-Interaktif/vendor/laravel/framework/src/Illuminate/Foundation/Bootstrap/HandleExceptions.php(262): Illuminate/Foundation/Bootstrap/HandleExceptions->handleError(16384, 'Since symfony/h...', 'C://Users//Rahmat...', 25)
#7 [internal function]: Illuminate/Foundation/Bootstrap/HandleExceptions->Illuminate/Foundation/Bootstrap/{closure}(16384, 'Since symfony/h...', 'C://Users//Rahmat...', 25)
#8 C:/Users/Rahmat Eka/Peta-Interaktif/vendor/symfony/deprecation-contracts/function.php(25): trigger_error('Since symfony/h...', 16384)
#9 C:/Users/Rahmat Eka/Peta-Interaktif/vendor/symfony/http-foundation/Request.php(754): trigger_deprecation('symfony/http-fo...', '7.4', 'Request::get() ...')
#10 C:/Users/Rahmat Eka/Peta-Interaktif/vendor/laravel/framework/src/Illuminate/Http/Request.php(441): Symfony/Component/HttpFoundation/Request->get('tab', 'masyarakat')
#11 C:/Users/Rahmat Eka/Peta-Interaktif/app/Http/Controllers/Admin/ManageUsersController.php(15): Illuminate/Http/Request->get('tab', 'masyarakat')
#12 C:/Users/Rahmat Eka/Peta-Interaktif/vendor/laravel/framework/src/Illuminate/Routing/Controller.php(54): App/Http/Controllers/Admin/ManageUsersController->index(Object(Illuminate/Http/Request))
#13 C:/Users/Rahmat Eka/Peta-Interaktif/vendor/laravel/framework/src/Illuminate/Routing/ControllerDispatcher.php(43): Illuminate/Routing/Controller->callAction('index', Array)
#14 C:/Users/Rahmat Eka/Peta-Interaktif/vendor/laravel/framework/src/Illuminate/Routing/Route.php(265): Illuminate/Routing/ControllerDispatcher->dispatch(Object(Illuminate/Routing/Route), Object(App/Http/Controllers/Admin/ManageUsersController), 'index')
#15 C:/Users/Rahmat Eka/Peta-Interaktif/vendor/laravel/framework/src/Illuminate/Routing/Route.php(211): Illuminate/Routing/Route->runController()
#16 C:/Users/Rahmat Eka/Peta-Interaktif/vendor/laravel/framework/src/Illuminate/Routing/Router.php(822): Illuminate/Routing/Route->run()
#17 C:/Users/Rahmat Eka/Peta-Interaktif/vendor/laravel/framework/src/Illuminate/Pipeline/Pipeline.php(180): Illuminate/Routing/Router->Illuminate/Routing/{closure}(Object(Illuminate/Http/Request))
#18 C:/Users/Rahmat Eka/Peta-Interaktif/vendor/laravel/framework/src/Illuminate/Routing/Middleware/SubstituteBindings.php(50): Illuminate/Pipeline/Pipeline->Illuminate/Pipeline/{closure}(Object(Illuminate/Http/Request))
#19 C:/Users/Rahmat Eka/Peta-Interaktif/vendor/laravel/framework/src/Illuminate/Pipeline/Pipeline.php(219): Illuminate/Routing/Middleware/SubstituteBindings->handle(Object(Illuminate/Http/Request), Object(Closure))
#20 C:/Users/Rahmat Eka/Peta-Interaktif/vendor/laravel/framework/src/Illuminate/Auth/Middleware/Authenticate.php(63): Illuminate/Pipeline/Pipeline->Illuminate/Pipeline/{closure}(Object(Illuminate/Http/Request))
#21 C:/Users/Rahmat Eka/Peta-Interaktif/vendor/laravel/framework/src/Illuminate/Pipeline/Pipeline.php(219): Illuminate/Auth/Middleware/Authenticate->handle(Object(Illuminate/Http/Request), Object(Closure), 'admin')
#22 C:/Users/Rahmat Eka/Peta-Interaktif/vendor/laravel/framework/src/Illuminate/Foundation/Http/Middleware/VerifyCsrfToken.php(87): Illuminate/Pipeline/Pipeline->Illuminate/Pipeline/{closure}(Object(Illuminate/Http/Request))
#23 C:/Users/Rahmat Eka/Peta-Interaktif/vendor/laravel/framework/src/Illuminate/Pipeline/Pipeline.php(219): Illuminate/Foundation/Http/Middleware/VerifyCsrfToken->handle(Object(Illuminate/Http/Request), Object(Closure))
#24 C:/Users/Rahmat Eka/Peta-Interaktif/vendor/laravel/framework/src/Illuminate/View/Middleware/ShareErrorsFromSession.php(48): Illuminate/Pipeline/Pipeline->Illuminate/Pipeline/{closure}(Object(Illuminate/Http/Request))
#25 C:/Users/Rahmat Eka/Peta-Interaktif/vendor/laravel/framework/src/Illuminate/Pipeline/Pipeline.php(219): Illuminate/View/Middleware/ShareErrorsFromSession->handle(Object(Illuminate/Http/Request), Object(Closure))
#26 C:/Users/Rahmat Eka/Peta-Interaktif/vendor/laravel/framework/src/Illuminate/Session/Middleware/StartSession.php(120): Illuminate/Pipeline/Pipeline->Illuminate/Pipeline/{closure}(Object(Illuminate/Http/Request))
#27 C:/Users/Rahmat Eka/Peta-Interaktif/vendor/laravel/framework/src/Illuminate/Session/Middleware/StartSession.php(63): Illuminate/Session/Middleware/StartSession->handleStatefulRequest(Object(Illuminate/Http/Request), Object(Illuminate/Session/Store), Object(Closure))
#28 C:/Users/Rahmat Eka/Peta-Interaktif/vendor/laravel/framework/src/Illuminate/Pipeline/Pipeline.php(219): Illuminate/Session/Middleware/StartSession->handle(Object(Illuminate/Http/Request), Object(Closure))
#29 C:/Users/Rahmat Eka/Peta-Interaktif/vendor/laravel/framework/src/Illuminate/Cookie/Middleware/AddQueuedCookiesToResponse.php(36): Illuminate/Pipeline/Pipeline->Illuminate/Pipeline/{closure}(Object(Illuminate/Http/Request))
#30 C:/Users/Rahmat Eka/Peta-Interaktif/vendor/laravel/framework/src/Illuminate/Pipeline/Pipeline.php(219): Illuminate/Cookie/Middleware/AddQueuedCookiesToResponse->handle(Object(Illuminate/Http/Request), Object(Closure))
#31 C:/Users/Rahmat Eka/Peta-Interaktif/vendor/laravel/framework/src/Illuminate/Cookie/Middleware/EncryptCookies.php(74): Illuminate/Pipeline/Pipeline->Illuminate/Pipeline/{closure}(Object(Illuminate/Http/Request))
#32 C:/Users/Rahmat Eka/Peta-Interaktif/vendor/laravel/framework/src/Illuminate/Pipeline/Pipeline.php(219): Illuminate/Cookie/Middleware/EncryptCookies->handle(Object(Illuminate/Http/Request), Object(Closure))
#33 C:/Users/Rahmat Eka/Peta-Interaktif/vendor/laravel/framework/src/Illuminate/Pipeline/Pipeline.php(137): Illuminate/Pipeline/Pipeline->Illuminate/Pipeline/{closure}(Object(Illuminate/Http/Request))
#34 C:/Users/Rahmat Eka/Peta-Interaktif/vendor/laravel/framework/src/Illuminate/Routing/Router.php(821): Illuminate/Pipeline/Pipeline->then(Object(Closure))
#35 C:/Users/Rahmat Eka/Peta-Interaktif/vendor/laravel/framework/src/Illuminate/Routing/Router.php(800): Illuminate/Routing/Router->runRouteWithinStack(Object(Illuminate/Routing/Route), Object(Illuminate/Http/Request))
#36 C:/Users/Rahmat Eka/Peta-Interaktif/vendor/laravel/framework/src/Illuminate/Routing/Router.php(764): Illuminate/Routing/Router->runRoute(Object(Illuminate/Http/Request), Object(Illuminate/Routing/Route))
#37 C:/Users/Rahmat Eka/Peta-Interaktif/vendor/laravel/framework/src/Illuminate/Routing/Router.php(753): Illuminate/Routing/Router->dispatchToRoute(Object(Illuminate/Http/Request))
#38 C:/Users/Rahmat Eka/Peta-Interaktif/vendor/laravel/framework/src/Illuminate/Foundation/Http/Kernel.php(200): Illuminate/Routing/Router->dispatch(Object(Illuminate/Http/Request))
#39 C:/Users/Rahmat Eka/Peta-Interaktif/vendor/laravel/framework/src/Illuminate/Pipeline/Pipeline.php(180): Illuminate/Foundation/Http/Kernel->Illuminate/Foundation/Http/{closure}(Object(Illuminate/Http/Request))
#40 C:/Users/Rahmat Eka/Peta-Interaktif/vendor/laravel/framework/src/Illuminate/Foundation/Http/Middleware/TransformsRequest.php(21): Illuminate/Pipeline/Pipeline->Illuminate/Pipeline/{closure}(Object(Illuminate/Http/Request))
#41 C:/Users/Rahmat Eka/Peta-Interaktif/vendor/laravel/framework/src/Illuminate/Foundation/Http/Middleware/ConvertEmptyStringsToNull.php(31): Illuminate/Foundation/Http/Middleware/TransformsRequest->handle(Object(Illuminate/Http/Request), Object(Closure))
#42 C:/Users/Rahmat Eka/Peta-Interaktif/vendor/laravel/framework/src/Illuminate/Pipeline/Pipeline.php(219): Illuminate/Foundation/Http/Middleware/ConvertEmptyStringsToNull->handle(Object(Illuminate/Http/Request), Object(Closure))
#43 C:/Users/Rahmat Eka/Peta-Interaktif/vendor/laravel/framework/src/Illuminate/Foundation/Http/Middleware/TransformsRequest.php(21): Illuminate/Pipeline/Pipeline->Illuminate/Pipeline/{closure}(Object(Illuminate/Http/Request))
#44 C:/Users/Rahmat Eka/Peta-Interaktif/vendor/laravel/framework/src/Illuminate/Foundation/Http/Middleware/TrimStrings.php(51): Illuminate/Foundation/Http/Middleware/TransformsRequest->handle(Object(Illuminate/Http/Request), Object(Closure))
#45 C:/Users/Rahmat Eka/Peta-Interaktif/vendor/laravel/framework/src/Illuminate/Pipeline/Pipeline.php(219): Illuminate/Foundation/Http/Middleware/TrimStrings->handle(Object(Illuminate/Http/Request), Object(Closure))
#46 C:/Users/Rahmat Eka/Peta-Interaktif/vendor/laravel/framework/src/Illuminate/Http/Middleware/ValidatePostSize.php(27): Illuminate/Pipeline/Pipeline->Illuminate/Pipeline/{closure}(Object(Illuminate/Http/Request))
#47 C:/Users/Rahmat Eka/Peta-Interaktif/vendor/laravel/framework/src/Illuminate/Pipeline/Pipeline.php(219): Illuminate/Http/Middleware/ValidatePostSize->handle(Object(Illuminate/Http/Request), Object(Closure))
#48 C:/Users/Rahmat Eka/Peta-Interaktif/vendor/laravel/framework/src/Illuminate/Foundation/Http/Middleware/PreventRequestsDuringMaintenance.php(109): Illuminate/Pipeline/Pipeline->Illuminate/Pipeline/{closure}(Object(Illuminate/Http/Request))
#49 C:/Users/Rahmat Eka/Peta-Interaktif/vendor/laravel/framework/src/Illuminate/Pipeline/Pipeline.php(219): Illuminate/Foundation/Http/Middleware/PreventRequestsDuringMaintenance->handle(Object(Illuminate/Http/Request), Object(Closure))
#50 C:/Users/Rahmat Eka/Peta-Interaktif/vendor/laravel/framework/src/Illuminate/Http/Middleware/HandleCors.php(61): Illuminate/Pipeline/Pipeline->Illuminate/Pipeline/{closure}(Object(Illuminate/Http/Request))
#51 C:/Users/Rahmat Eka/Peta-Interaktif/vendor/laravel/framework/src/Illuminate/Pipeline/Pipeline.php(219): Illuminate/Http/Middleware/HandleCors->handle(Object(Illuminate/Http/Request), Object(Closure))
#52 C:/Users/Rahmat Eka/Peta-Interaktif/vendor/laravel/framework/src/Illuminate/Http/Middleware/TrustProxies.php(58): Illuminate/Pipeline/Pipeline->Illuminate/Pipeline/{closure}(Object(Illuminate/Http/Request))
#53 C:/Users/Rahmat Eka/Peta-Interaktif/vendor/laravel/framework/src/Illuminate/Pipeline/Pipeline.php(219): Illuminate/Http/Middleware/TrustProxies->handle(Object(Illuminate/Http/Request), Object(Closure))
#54 C:/Users/Rahmat Eka/Peta-Interaktif/vendor/laravel/framework/src/Illuminate/Foundation/Http/Middleware/InvokeDeferredCallbacks.php(22): Illuminate/Pipeline/Pipeline->Illuminate/Pipeline/{closure}(Object(Illuminate/Http/Request))
#55 C:/Users/Rahmat Eka/Peta-Interaktif/vendor/laravel/framework/src/Illuminate/Pipeline/Pipeline.php(219): Illuminate/Foundation/Http/Middleware/InvokeDeferredCallbacks->handle(Object(Illuminate/Http/Request), Object(Closure))
#56 C:/Users/Rahmat Eka/Peta-Interaktif/vendor/laravel/framework/src/Illuminate/Http/Middleware/ValidatePathEncoding.php(26): Illuminate/Pipeline/Pipeline->Illuminate/Pipeline/{closure}(Object(Illuminate/Http/Request))
#57 C:/Users/Rahmat Eka/Peta-Interaktif/vendor/laravel/framework/src/Illuminate/Pipeline/Pipeline.php(219): Illuminate/Http/Middleware/ValidatePathEncoding->handle(Object(Illuminate/Http/Request), Object(Closure))
#58 C:/Users/Rahmat Eka/Peta-Interaktif/vendor/laravel/framework/src/Illuminate/Pipeline/Pipeline.php(137): Illuminate/Pipeline/Pipeline->Illuminate/Pipeline/{closure}(Object(Illuminate/Http/Request))
#59 C:/Users/Rahmat Eka/Peta-Interaktif/vendor/laravel/framework/src/Illuminate/Foundation/Http/Kernel.php(175): Illuminate/Pipeline/Pipeline->then(Object(Closure))
#60 C:/Users/Rahmat Eka/Peta-Interaktif/vendor/laravel/framework/src/Illuminate/Foundation/Http/Kernel.php(144): Illuminate/Foundation/Http/Kernel->sendRequestThroughRouter(Object(Illuminate/Http/Request))
#61 C:/Users/Rahmat Eka/Peta-Interaktif/vendor/laravel/framework/src/Illuminate/Foundation/Application.php(1220): Illuminate/Foundation/Http/Kernel->handle(Object(Illuminate/Http/Request))
#62 C:/Users/Rahmat Eka/Peta-Interaktif/public/index.php(18): Illuminate/Foundation/Application->handleRequest(Object(Illuminate/Http/Request))
#63 C:/Users/Rahmat Eka/Peta-Interaktif/vendor/laravel/framework/src/Illuminate/Foundation/resources/server.php(23): require_once('C://Users//Rahmat...')
#64 {main}
"} 
[2026-06-17 11:59:39] laravel.WARNING: Since symfony/http-foundation 7.4: Request::get() is deprecated, use properties ->attributes, query or request directly instead. in C:\Users\Rahmat Eka\Peta-Interaktif\vendor\symfony\deprecation-contracts\function.php on line 25  
[2026-06-17 11:59:39] laravel.EMERGENCY: Unable to create configured logger. Using emergency logger. {"exception":"[object] (InvalidArgumentException(code: 0): NullHandler must be an instance of Monolog\\Handler\\HandlerInterface at C:/Users/Rahmat Eka/Peta-Interaktif/vendor/laravel/framework/src/Illuminate/Log/LogManager.php:398)
[stacktrace]
#0 C:/Users/Rahmat Eka/Peta-Interaktif/vendor/laravel/framework/src/Illuminate/Log/LogManager.php(232): Illuminate/Log/LogManager->createMonologDriver(Array)
#1 C:/Users/Rahmat Eka/Peta-Interaktif/vendor/laravel/framework/src/Illuminate/Log/LogManager.php(138): Illuminate/Log/LogManager->resolve('deprecations', Array)
#2 C:/Users/Rahmat Eka/Peta-Interaktif/vendor/laravel/framework/src/Illuminate/Log/LogManager.php(125): Illuminate/Log/LogManager->get('deprecations')
#3 C:/Users/Rahmat Eka/Peta-Interaktif/vendor/laravel/framework/src/Illuminate/Log/LogManager.php(114): Illuminate/Log/LogManager->driver('deprecations')
#4 C:/Users/Rahmat Eka/Peta-Interaktif/vendor/laravel/framework/src/Illuminate/Foundation/Bootstrap/HandleExceptions.php(109): Illuminate/Log/LogManager->channel('deprecations')
#5 C:/Users/Rahmat Eka/Peta-Interaktif/vendor/laravel/framework/src/Illuminate/Foundation/Bootstrap/HandleExceptions.php(74): Illuminate/Foundation/Bootstrap/HandleExceptions->handleDeprecationError('Since symfony/h...', 'C://Users//Rahmat...', 25, 16384)
#6 C:/Users/Rahmat Eka/Peta-Interaktif/vendor/laravel/framework/src/Illuminate/Foundation/Bootstrap/HandleExceptions.php(262): Illuminate/Foundation/Bootstrap/HandleExceptions->handleError(16384, 'Since symfony/h...', 'C://Users//Rahmat...', 25)
#7 [internal function]: Illuminate/Foundation/Bootstrap/HandleExceptions->Illuminate/Foundation/Bootstrap/{closure}(16384, 'Since symfony/h...', 'C://Users//Rahmat...', 25)
#8 C:/Users/Rahmat Eka/Peta-Interaktif/vendor/symfony/deprecation-contracts/function.php(25): trigger_error('Since symfony/h...', 16384)
#9 C:/Users/Rahmat Eka/Peta-Interaktif/vendor/symfony/http-foundation/Request.php(754): trigger_deprecation('symfony/http-fo...', '7.4', 'Request::get() ...')
#10 C:/Users/Rahmat Eka/Peta-Interaktif/vendor/laravel/framework/src/Illuminate/Http/Request.php(441): Symfony/Component/HttpFoundation/Request->get('search', NULL)
#11 C:/Users/Rahmat Eka/Peta-Interaktif/app/Http/Controllers/Admin/ManageUsersController.php(16): Illuminate/Http/Request->get('search')
#12 C:/Users/Rahmat Eka/Peta-Interaktif/vendor/laravel/framework/src/Illuminate/Routing/Controller.php(54): App/Http/Controllers/Admin/ManageUsersController->index(Object(Illuminate/Http/Request))
#13 C:/Users/Rahmat Eka/Peta-Interaktif/vendor/laravel/framework/src/Illuminate/Routing/ControllerDispatcher.php(43): Illuminate/Routing/Controller->callAction('index', Array)
#14 C:/Users/Rahmat Eka/Peta-Interaktif/vendor/laravel/framework/src/Illuminate/Routing/Route.php(265): Illuminate/Routing/ControllerDispatcher->dispatch(Object(Illuminate/Routing/Route), Object(App/Http/Controllers/Admin/ManageUsersController), 'index')
#15 C:/Users/Rahmat Eka/Peta-Interaktif/vendor/laravel/framework/src/Illuminate/Routing/Route.php(211): Illuminate/Routing/Route->runController()
#16 C:/Users/Rahmat Eka/Peta-Interaktif/vendor/laravel/framework/src/Illuminate/Routing/Router.php(822): Illuminate/Routing/Route->run()
#17 C:/Users/Rahmat Eka/Peta-Interaktif/vendor/laravel/framework/src/Illuminate/Pipeline/Pipeline.php(180): Illuminate/Routing/Router->Illuminate/Routing/{closure}(Object(Illuminate/Http/Request))
#18 C:/Users/Rahmat Eka/Peta-Interaktif/vendor/laravel/framework/src/Illuminate/Routing/Middleware/SubstituteBindings.php(50): Illuminate/Pipeline/Pipeline->Illuminate/Pipeline/{closure}(Object(Illuminate/Http/Request))
#19 C:/Users/Rahmat Eka/Peta-Interaktif/vendor/laravel/framework/src/Illuminate/Pipeline/Pipeline.php(219): Illuminate/Routing/Middleware/SubstituteBindings->handle(Object(Illuminate/Http/Request), Object(Closure))
#20 C:/Users/Rahmat Eka/Peta-Interaktif/vendor/laravel/framework/src/Illuminate/Auth/Middleware/Authenticate.php(63): Illuminate/Pipeline/Pipeline->Illuminate/Pipeline/{closure}(Object(Illuminate/Http/Request))
#21 C:/Users/Rahmat Eka/Peta-Interaktif/vendor/laravel/framework/src/Illuminate/Pipeline/Pipeline.php(219): Illuminate/Auth/Middleware/Authenticate->handle(Object(Illuminate/Http/Request), Object(Closure), 'admin')
#22 C:/Users/Rahmat Eka/Peta-Interaktif/vendor/laravel/framework/src/Illuminate/Foundation/Http/Middleware/VerifyCsrfToken.php(87): Illuminate/Pipeline/Pipeline->Illuminate/Pipeline/{closure}(Object(Illuminate/Http/Request))
#23 C:/Users/Rahmat Eka/Peta-Interaktif/vendor/laravel/framework/src/Illuminate/Pipeline/Pipeline.php(219): Illuminate/Foundation/Http/Middleware/VerifyCsrfToken->handle(Object(Illuminate/Http/Request), Object(Closure))
#24 C:/Users/Rahmat Eka/Peta-Interaktif/vendor/laravel/framework/src/Illuminate/View/Middleware/ShareErrorsFromSession.php(48): Illuminate/Pipeline/Pipeline->Illuminate/Pipeline/{closure}(Object(Illuminate/Http/Request))
#25 C:/Users/Rahmat Eka/Peta-Interaktif/vendor/laravel/framework/src/Illuminate/Pipeline/Pipeline.php(219): Illuminate/View/Middleware/ShareErrorsFromSession->handle(Object(Illuminate/Http/Request), Object(Closure))
#26 C:/Users/Rahmat Eka/Peta-Interaktif/vendor/laravel/framework/src/Illuminate/Session/Middleware/StartSession.php(120): Illuminate/Pipeline/Pipeline->Illuminate/Pipeline/{closure}(Object(Illuminate/Http/Request))
#27 C:/Users/Rahmat Eka/Peta-Interaktif/vendor/laravel/framework/src/Illuminate/Session/Middleware/StartSession.php(63): Illuminate/Session/Middleware/StartSession->handleStatefulRequest(Object(Illuminate/Http/Request), Object(Illuminate/Session/Store), Object(Closure))
#28 C:/Users/Rahmat Eka/Peta-Interaktif/vendor/laravel/framework/src/Illuminate/Pipeline/Pipeline.php(219): Illuminate/Session/Middleware/StartSession->handle(Object(Illuminate/Http/Request), Object(Closure))
#29 C:/Users/Rahmat Eka/Peta-Interaktif/vendor/laravel/framework/src/Illuminate/Cookie/Middleware/AddQueuedCookiesToResponse.php(36): Illuminate/Pipeline/Pipeline->Illuminate/Pipeline/{closure}(Object(Illuminate/Http/Request))
#30 C:/Users/Rahmat Eka/Peta-Interaktif/vendor/laravel/framework/src/Illuminate/Pipeline/Pipeline.php(219): Illuminate/Cookie/Middleware/AddQueuedCookiesToResponse->handle(Object(Illuminate/Http/Request), Object(Closure))
#31 C:/Users/Rahmat Eka/Peta-Interaktif/vendor/laravel/framework/src/Illuminate/Cookie/Middleware/EncryptCookies.php(74): Illuminate/Pipeline/Pipeline->Illuminate/Pipeline/{closure}(Object(Illuminate/Http/Request))
#32 C:/Users/Rahmat Eka/Peta-Interaktif/vendor/laravel/framework/src/Illuminate/Pipeline/Pipeline.php(219): Illuminate/Cookie/Middleware/EncryptCookies->handle(Object(Illuminate/Http/Request), Object(Closure))
#33 C:/Users/Rahmat Eka/Peta-Interaktif/vendor/laravel/framework/src/Illuminate/Pipeline/Pipeline.php(137): Illuminate/Pipeline/Pipeline->Illuminate/Pipeline/{closure}(Object(Illuminate/Http/Request))
#34 C:/Users/Rahmat Eka/Peta-Interaktif/vendor/laravel/framework/src/Illuminate/Routing/Router.php(821): Illuminate/Pipeline/Pipeline->then(Object(Closure))
#35 C:/Users/Rahmat Eka/Peta-Interaktif/vendor/laravel/framework/src/Illuminate/Routing/Router.php(800): Illuminate/Routing/Router->runRouteWithinStack(Object(Illuminate/Routing/Route), Object(Illuminate/Http/Request))
#36 C:/Users/Rahmat Eka/Peta-Interaktif/vendor/laravel/framework/src/Illuminate/Routing/Router.php(764): Illuminate/Routing/Router->runRoute(Object(Illuminate/Http/Request), Object(Illuminate/Routing/Route))
#37 C:/Users/Rahmat Eka/Peta-Interaktif/vendor/laravel/framework/src/Illuminate/Routing/Router.php(753): Illuminate/Routing/Router->dispatchToRoute(Object(Illuminate/Http/Request))
#38 C:/Users/Rahmat Eka/Peta-Interaktif/vendor/laravel/framework/src/Illuminate/Foundation/Http/Kernel.php(200): Illuminate/Routing/Router->dispatch(Object(Illuminate/Http/Request))
#39 C:/Users/Rahmat Eka/Peta-Interaktif/vendor/laravel/framework/src/Illuminate/Pipeline/Pipeline.php(180): Illuminate/Foundation/Http/Kernel->Illuminate/Foundation/Http/{closure}(Object(Illuminate/Http/Request))
#40 C:/Users/Rahmat Eka/Peta-Interaktif/vendor/laravel/framework/src/Illuminate/Foundation/Http/Middleware/TransformsRequest.php(21): Illuminate/Pipeline/Pipeline->Illuminate/Pipeline/{closure}(Object(Illuminate/Http/Request))
#41 C:/Users/Rahmat Eka/Peta-Interaktif/vendor/laravel/framework/src/Illuminate/Foundation/Http/Middleware/ConvertEmptyStringsToNull.php(31): Illuminate/Foundation/Http/Middleware/TransformsRequest->handle(Object(Illuminate/Http/Request), Object(Closure))
#42 C:/Users/Rahmat Eka/Peta-Interaktif/vendor/laravel/framework/src/Illuminate/Pipeline/Pipeline.php(219): Illuminate/Foundation/Http/Middleware/ConvertEmptyStringsToNull->handle(Object(Illuminate/Http/Request), Object(Closure))
#43 C:/Users/Rahmat Eka/Peta-Interaktif/vendor/laravel/framework/src/Illuminate/Foundation/Http/Middleware/TransformsRequest.php(21): Illuminate/Pipeline/Pipeline->Illuminate/Pipeline/{closure}(Object(Illuminate/Http/Request))
#44 C:/Users/Rahmat Eka/Peta-Interaktif/vendor/laravel/framework/src/Illuminate/Foundation/Http/Middleware/TrimStrings.php(51): Illuminate/Foundation/Http/Middleware/TransformsRequest->handle(Object(Illuminate/Http/Request), Object(Closure))
#45 C:/Users/Rahmat Eka/Peta-Interaktif/vendor/laravel/framework/src/Illuminate/Pipeline/Pipeline.php(219): Illuminate/Foundation/Http/Middleware/TrimStrings->handle(Object(Illuminate/Http/Request), Object(Closure))
#46 C:/Users/Rahmat Eka/Peta-Interaktif/vendor/laravel/framework/src/Illuminate/Http/Middleware/ValidatePostSize.php(27): Illuminate/Pipeline/Pipeline->Illuminate/Pipeline/{closure}(Object(Illuminate/Http/Request))
#47 C:/Users/Rahmat Eka/Peta-Interaktif/vendor/laravel/framework/src/Illuminate/Pipeline/Pipeline.php(219): Illuminate/Http/Middleware/ValidatePostSize->handle(Object(Illuminate/Http/Request), Object(Closure))
#48 C:/Users/Rahmat Eka/Peta-Interaktif/vendor/laravel/framework/src/Illuminate/Foundation/Http/Middleware/PreventRequestsDuringMaintenance.php(109): Illuminate/Pipeline/Pipeline->Illuminate/Pipeline/{closure}(Object(Illuminate/Http/Request))
#49 C:/Users/Rahmat Eka/Peta-Interaktif/vendor/laravel/framework/src/Illuminate/Pipeline/Pipeline.php(219): Illuminate/Foundation/Http/Middleware/PreventRequestsDuringMaintenance->handle(Object(Illuminate/Http/Request), Object(Closure))
#50 C:/Users/Rahmat Eka/Peta-Interaktif/vendor/laravel/framework/src/Illuminate/Http/Middleware/HandleCors.php(61): Illuminate/Pipeline/Pipeline->Illuminate/Pipeline/{closure}(Object(Illuminate/Http/Request))
#51 C:/Users/Rahmat Eka/Peta-Interaktif/vendor/laravel/framework/src/Illuminate/Pipeline/Pipeline.php(219): Illuminate/Http/Middleware/HandleCors->handle(Object(Illuminate/Http/Request), Object(Closure))
#52 C:/Users/Rahmat Eka/Peta-Interaktif/vendor/laravel/framework/src/Illuminate/Http/Middleware/TrustProxies.php(58): Illuminate/Pipeline/Pipeline->Illuminate/Pipeline/{closure}(Object(Illuminate/Http/Request))
#53 C:/Users/Rahmat Eka/Peta-Interaktif/vendor/laravel/framework/src/Illuminate/Pipeline/Pipeline.php(219): Illuminate/Http/Middleware/TrustProxies->handle(Object(Illuminate/Http/Request), Object(Closure))
#54 C:/Users/Rahmat Eka/Peta-Interaktif/vendor/laravel/framework/src/Illuminate/Foundation/Http/Middleware/InvokeDeferredCallbacks.php(22): Illuminate/Pipeline/Pipeline->Illuminate/Pipeline/{closure}(Object(Illuminate/Http/Request))
#55 C:/Users/Rahmat Eka/Peta-Interaktif/vendor/laravel/framework/src/Illuminate/Pipeline/Pipeline.php(219): Illuminate/Foundation/Http/Middleware/InvokeDeferredCallbacks->handle(Object(Illuminate/Http/Request), Object(Closure))
#56 C:/Users/Rahmat Eka/Peta-Interaktif/vendor/laravel/framework/src/Illuminate/Http/Middleware/ValidatePathEncoding.php(26): Illuminate/Pipeline/Pipeline->Illuminate/Pipeline/{closure}(Object(Illuminate/Http/Request))
#57 C:/Users/Rahmat Eka/Peta-Interaktif/vendor/laravel/framework/src/Illuminate/Pipeline/Pipeline.php(219): Illuminate/Http/Middleware/ValidatePathEncoding->handle(Object(Illuminate/Http/Request), Object(Closure))
#58 C:/Users/Rahmat Eka/Peta-Interaktif/vendor/laravel/framework/src/Illuminate/Pipeline/Pipeline.php(137): Illuminate/Pipeline/Pipeline->Illuminate/Pipeline/{closure}(Object(Illuminate/Http/Request))
#59 C:/Users/Rahmat Eka/Peta-Interaktif/vendor/laravel/framework/src/Illuminate/Foundation/Http/Kernel.php(175): Illuminate/Pipeline/Pipeline->then(Object(Closure))
#60 C:/Users/Rahmat Eka/Peta-Interaktif/vendor/laravel/framework/src/Illuminate/Foundation/Http/Kernel.php(144): Illuminate/Foundation/Http/Kernel->sendRequestThroughRouter(Object(Illuminate/Http/Request))
#61 C:/Users/Rahmat Eka/Peta-Interaktif/vendor/laravel/framework/src/Illuminate/Foundation/Application.php(1220): Illuminate/Foundation/Http/Kernel->handle(Object(Illuminate/Http/Request))
#62 C:/Users/Rahmat Eka/Peta-Interaktif/public/index.php(18): Illuminate/Foundation/Application->handleRequest(Object(Illuminate/Http/Request))
#63 C:/Users/Rahmat Eka/Peta-Interaktif/vendor/laravel/framework/src/Illuminate/Foundation/resources/server.php(23): require_once('C://Users//Rahmat...')
#64 {main}
"} 
[2026-06-17 11:59:39] laravel.WARNING: Since symfony/http-foundation 7.4: Request::get() is deprecated, use properties ->attributes, query or request directly instead. in C:\Users\Rahmat Eka\Peta-Interaktif\vendor\symfony\deprecation-contracts\function.php on line 25  
[2026-06-17 11:59:39] local.ERROR: Call to a member function format() on null (View: C:\Users\Rahmat Eka\Peta-Interaktif\resources\views\admin\manage-users.blade.php) {"userId":6,"exception":"[object] (Illuminate\\View\\ViewException(code: 0): Call to a member function format() on null (View: C:\\Users\\Rahmat Eka\\Peta-Interaktif\\resources\\views\\admin\\manage-users.blade.php) at C:/Users/Rahmat Eka/Peta-Interaktif/storage/framework/views/ac2d7abbd4f9abefe7a7089538111042.php:84)
[stacktrace]
#0 C:/Users/Rahmat Eka/Peta-Interaktif/vendor/laravel/framework/src/Illuminate/View/Engines/PhpEngine.php(59): Illuminate/View/Engines/CompilerEngine->handleViewException(Object(Error), 1)
#1 C:/Users/Rahmat Eka/Peta-Interaktif/vendor/laravel/framework/src/Illuminate/View/Engines/CompilerEngine.php(76): Illuminate/View/Engines/PhpEngine->evaluatePath('C://Users//Rahmat...', Array)
#2 C:/Users/Rahmat Eka/Peta-Interaktif/vendor/laravel/framework/src/Illuminate/View/View.php(208): Illuminate/View/Engines/CompilerEngine->get('C://Users//Rahmat...', Array)
#3 C:/Users/Rahmat Eka/Peta-Interaktif/vendor/laravel/framework/src/Illuminate/View/View.php(191): Illuminate/View/View->getContents()
#4 C:/Users/Rahmat Eka/Peta-Interaktif/vendor/laravel/framework/src/Illuminate/View/View.php(160): Illuminate/View/View->renderContents()
#5 C:/Users/Rahmat Eka/Peta-Interaktif/vendor/laravel/framework/src/Illuminate/Http/Response.php(78): Illuminate/View/View->render()
#6 C:/Users/Rahmat Eka/Peta-Interaktif/vendor/laravel/framework/src/Illuminate/Http/Response.php(34): Illuminate/Http/Response->setContent(Object(Illuminate/View/View))
#7 C:/Users/Rahmat Eka/Peta-Interaktif/vendor/laravel/framework/src/Illuminate/Routing/Router.php(939): Illuminate/Http/Response->__construct(Object(Illuminate/View/View), 200, Array)
#8 C:/Users/Rahmat Eka/Peta-Interaktif/vendor/laravel/framework/src/Illuminate/Routing/Router.php(906): Illuminate/Routing/Router::toResponse(Object(Illuminate/Http/Request), Object(Illuminate/View/View))
#9 C:/Users/Rahmat Eka/Peta-Interaktif/vendor/laravel/framework/src/Illuminate/Routing/Router.php(821): Illuminate/Routing/Router->prepareResponse(Object(Illuminate/Http/Request), Object(Illuminate/View/View))
#10 C:/Users/Rahmat Eka/Peta-Interaktif/vendor/laravel/framework/src/Illuminate/Pipeline/Pipeline.php(180): Illuminate/Routing/Router->Illuminate/Routing/{closure}(Object(Illuminate/Http/Request))
#11 C:/Users/Rahmat Eka/Peta-Interaktif/vendor/laravel/framework/src/Illuminate/Routing/Middleware/SubstituteBindings.php(50): Illuminate/Pipeline/Pipeline->Illuminate/Pipeline/{closure}(Object(Illuminate/Http/Request))
#12 C:/Users/Rahmat Eka/Peta-Interaktif/vendor/laravel/framework/src/Illuminate/Pipeline/Pipeline.php(219): Illuminate/Routing/Middleware/SubstituteBindings->handle(Object(Illuminate/Http/Request), Object(Closure))
#13 C:/Users/Rahmat Eka/Peta-Interaktif/vendor/laravel/framework/src/Illuminate/Auth/Middleware/Authenticate.php(63): Illuminate/Pipeline/Pipeline->Illuminate/Pipeline/{closure}(Object(Illuminate/Http/Request))
#14 C:/Users/Rahmat Eka/Peta-Interaktif/vendor/laravel/framework/src/Illuminate/Pipeline/Pipeline.php(219): Illuminate/Auth/Middleware/Authenticate->handle(Object(Illuminate/Http/Request), Object(Closure), 'admin')
#15 C:/Users/Rahmat Eka/Peta-Interaktif/vendor/laravel/framework/src/Illuminate/Foundation/Http/Middleware/VerifyCsrfToken.php(87): Illuminate/Pipeline/Pipeline->Illuminate/Pipeline/{closure}(Object(Illuminate/Http/Request))
#16 C:/Users/Rahmat Eka/Peta-Interaktif/vendor/laravel/framework/src/Illuminate/Pipeline/Pipeline.php(219): Illuminate/Foundation/Http/Middleware/VerifyCsrfToken->handle(Object(Illuminate/Http/Request), Object(Closure))
#17 C:/Users/Rahmat Eka/Peta-Interaktif/vendor/laravel/framework/src/Illuminate/View/Middleware/ShareErrorsFromSession.php(48): Illuminate/Pipeline/Pipeline->Illuminate/Pipeline/{closure}(Object(Illuminate/Http/Request))
#18 C:/Users/Rahmat Eka/Peta-Interaktif/vendor/laravel/framework/src/Illuminate/Pipeline/Pipeline.php(219): Illuminate/View/Middleware/ShareErrorsFromSession->handle(Object(Illuminate/Http/Request), Object(Closure))
#19 C:/Users/Rahmat Eka/Peta-Interaktif/vendor/laravel/framework/src/Illuminate/Session/Middleware/StartSession.php(120): Illuminate/Pipeline/Pipeline->Illuminate/Pipeline/{closure}(Object(Illuminate/Http/Request))
#20 C:/Users/Rahmat Eka/Peta-Interaktif/vendor/laravel/framework/src/Illuminate/Session/Middleware/StartSession.php(63): Illuminate/Session/Middleware/StartSession->handleStatefulRequest(Object(Illuminate/Http/Request), Object(Illuminate/Session/Store), Object(Closure))
#21 C:/Users/Rahmat Eka/Peta-Interaktif/vendor/laravel/framework/src/Illuminate/Pipeline/Pipeline.php(219): Illuminate/Session/Middleware/StartSession->handle(Object(Illuminate/Http/Request), Object(Closure))
#22 C:/Users/Rahmat Eka/Peta-Interaktif/vendor/laravel/framework/src/Illuminate/Cookie/Middleware/AddQueuedCookiesToResponse.php(36): Illuminate/Pipeline/Pipeline->Illuminate/Pipeline/{closure}(Object(Illuminate/Http/Request))
#23 C:/Users/Rahmat Eka/Peta-Interaktif/vendor/laravel/framework/src/Illuminate/Pipeline/Pipeline.php(219): Illuminate/Cookie/Middleware/AddQueuedCookiesToResponse->handle(Object(Illuminate/Http/Request), Object(Closure))
#24 C:/Users/Rahmat Eka/Peta-Interaktif/vendor/laravel/framework/src/Illuminate/Cookie/Middleware/EncryptCookies.php(74): Illuminate/Pipeline/Pipeline->Illuminate/Pipeline/{closure}(Object(Illuminate/Http/Request))
#25 C:/Users/Rahmat Eka/Peta-Interaktif/vendor/laravel/framework/src/Illuminate/Pipeline/Pipeline.php(219): Illuminate/Cookie/Middleware/EncryptCookies->handle(Object(Illuminate/Http/Request), Object(Closure))
#26 C:/Users/Rahmat Eka/Peta-Interaktif/vendor/laravel/framework/src/Illuminate/Pipeline/Pipeline.php(137): Illuminate/Pipeline/Pipeline->Illuminate/Pipeline/{closure}(Object(Illuminate/Http/Request))
#27 C:/Users/Rahmat Eka/Peta-Interaktif/vendor/laravel/framework/src/Illuminate/Routing/Router.php(821): Illuminate/Pipeline/Pipeline->then(Object(Closure))
#28 C:/Users/Rahmat Eka/Peta-Interaktif/vendor/laravel/framework/src/Illuminate/Routing/Router.php(800): Illuminate/Routing/Router->runRouteWithinStack(Object(Illuminate/Routing/Route), Object(Illuminate/Http/Request))
#29 C:/Users/Rahmat Eka/Peta-Interaktif/vendor/laravel/framework/src/Illuminate/Routing/Router.php(764): Illuminate/Routing/Router->runRoute(Object(Illuminate/Http/Request), Object(Illuminate/Routing/Route))
#30 C:/Users/Rahmat Eka/Peta-Interaktif/vendor/laravel/framework/src/Illuminate/Routing/Router.php(753): Illuminate/Routing/Router->dispatchToRoute(Object(Illuminate/Http/Request))
#31 C:/Users/Rahmat Eka/Peta-Interaktif/vendor/laravel/framework/src/Illuminate/Foundation/Http/Kernel.php(200): Illuminate/Routing/Router->dispatch(Object(Illuminate/Http/Request))
#32 C:/Users/Rahmat Eka/Peta-Interaktif/vendor/laravel/framework/src/Illuminate/Pipeline/Pipeline.php(180): Illuminate/Foundation/Http/Kernel->Illuminate/Foundation/Http/{closure}(Object(Illuminate/Http/Request))
#33 C:/Users/Rahmat Eka/Peta-Interaktif/vendor/laravel/framework/src/Illuminate/Foundation/Http/Middleware/TransformsRequest.php(21): Illuminate/Pipeline/Pipeline->Illuminate/Pipeline/{closure}(Object(Illuminate/Http/Request))
#34 C:/Users/Rahmat Eka/Peta-Interaktif/vendor/laravel/framework/src/Illuminate/Foundation/Http/Middleware/ConvertEmptyStringsToNull.php(31): Illuminate/Foundation/Http/Middleware/TransformsRequest->handle(Object(Illuminate/Http/Request), Object(Closure))
#35 C:/Users/Rahmat Eka/Peta-Interaktif/vendor/laravel/framework/src/Illuminate/Pipeline/Pipeline.php(219): Illuminate/Foundation/Http/Middleware/ConvertEmptyStringsToNull->handle(Object(Illuminate/Http/Request), Object(Closure))
#36 C:/Users/Rahmat Eka/Peta-Interaktif/vendor/laravel/framework/src/Illuminate/Foundation/Http/Middleware/TransformsRequest.php(21): Illuminate/Pipeline/Pipeline->Illuminate/Pipeline/{closure}(Object(Illuminate/Http/Request))
#37 C:/Users/Rahmat Eka/Peta-Interaktif/vendor/laravel/framework/src/Illuminate/Foundation/Http/Middleware/TrimStrings.php(51): Illuminate/Foundation/Http/Middleware/TransformsRequest->handle(Object(Illuminate/Http/Request), Object(Closure))
#38 C:/Users/Rahmat Eka/Peta-Interaktif/vendor/laravel/framework/src/Illuminate/Pipeline/Pipeline.php(219): Illuminate/Foundation/Http/Middleware/TrimStrings->handle(Object(Illuminate/Http/Request), Object(Closure))
#39 C:/Users/Rahmat Eka/Peta-Interaktif/vendor/laravel/framework/src/Illuminate/Http/Middleware/ValidatePostSize.php(27): Illuminate/Pipeline/Pipeline->Illuminate/Pipeline/{closure}(Object(Illuminate/Http/Request))
#40 C:/Users/Rahmat Eka/Peta-Interaktif/vendor/laravel/framework/src/Illuminate/Pipeline/Pipeline.php(219): Illuminate/Http/Middleware/ValidatePostSize->handle(Object(Illuminate/Http/Request), Object(Closure))
#41 C:/Users/Rahmat Eka/Peta-Interaktif/vendor/laravel/framework/src/Illuminate/Foundation/Http/Middleware/PreventRequestsDuringMaintenance.php(109): Illuminate/Pipeline/Pipeline->Illuminate/Pipeline/{closure}(Object(Illuminate/Http/Request))
#42 C:/Users/Rahmat Eka/Peta-Interaktif/vendor/laravel/framework/src/Illuminate/Pipeline/Pipeline.php(219): Illuminate/Foundation/Http/Middleware/PreventRequestsDuringMaintenance->handle(Object(Illuminate/Http/Request), Object(Closure))
#43 C:/Users/Rahmat Eka/Peta-Interaktif/vendor/laravel/framework/src/Illuminate/Http/Middleware/HandleCors.php(61): Illuminate/Pipeline/Pipeline->Illuminate/Pipeline/{closure}(Object(Illuminate/Http/Request))
#44 C:/Users/Rahmat Eka/Peta-Interaktif/vendor/laravel/framework/src/Illuminate/Pipeline/Pipeline.php(219): Illuminate/Http/Middleware/HandleCors->handle(Object(Illuminate/Http/Request), Object(Closure))
#45 C:/Users/Rahmat Eka/Peta-Interaktif/vendor/laravel/framework/src/Illuminate/Http/Middleware/TrustProxies.php(58): Illuminate/Pipeline/Pipeline->Illuminate/Pipeline/{closure}(Object(Illuminate/Http/Request))
#46 C:/Users/Rahmat Eka/Peta-Interaktif/vendor/laravel/framework/src/Illuminate/Pipeline/Pipeline.php(219): Illuminate/Http/Middleware/TrustProxies->handle(Object(Illuminate/Http/Request), Object(Closure))
#47 C:/Users/Rahmat Eka/Peta-Interaktif/vendor/laravel/framework/src/Illuminate/Foundation/Http/Middleware/InvokeDeferredCallbacks.php(22): Illuminate/Pipeline/Pipeline->Illuminate/Pipeline/{closure}(Object(Illuminate/Http/Request))
#48 C:/Users/Rahmat Eka/Peta-Interaktif/vendor/laravel/framework/src/Illuminate/Pipeline/Pipeline.php(219): Illuminate/Foundation/Http/Middleware/InvokeDeferredCallbacks->handle(Object(Illuminate/Http/Request), Object(Closure))
#49 C:/Users/Rahmat Eka/Peta-Interaktif/vendor/laravel/framework/src/Illuminate/Http/Middleware/ValidatePathEncoding.php(26): Illuminate/Pipeline/Pipeline->Illuminate/Pipeline/{closure}(Object(Illuminate/Http/Request))
#50 C:/Users/Rahmat Eka/Peta-Interaktif/vendor/laravel/framework/src/Illuminate/Pipeline/Pipeline.php(219): Illuminate/Http/Middleware/ValidatePathEncoding->handle(Object(Illuminate/Http/Request), Object(Closure))
#51 C:/Users/Rahmat Eka/Peta-Interaktif/vendor/laravel/framework/src/Illuminate/Pipeline/Pipeline.php(137): Illuminate/Pipeline/Pipeline->Illuminate/Pipeline/{closure}(Object(Illuminate/Http/Request))
#52 C:/Users/Rahmat Eka/Peta-Interaktif/vendor/laravel/framework/src/Illuminate/Foundation/Http/Kernel.php(175): Illuminate/Pipeline/Pipeline->then(Object(Closure))
#53 C:/Users/Rahmat Eka/Peta-Interaktif/vendor/laravel/framework/src/Illuminate/Foundation/Http/Kernel.php(144): Illuminate/Foundation/Http/Kernel->sendRequestThroughRouter(Object(Illuminate/Http/Request))
#54 C:/Users/Rahmat Eka/Peta-Interaktif/vendor/laravel/framework/src/Illuminate/Foundation/Application.php(1220): Illuminate/Foundation/Http/Kernel->handle(Object(Illuminate/Http/Request))
#55 C:/Users/Rahmat Eka/Peta-Interaktif/public/index.php(18): Illuminate/Foundation/Application->handleRequest(Object(Illuminate/Http/Request))
#56 C:/Users/Rahmat Eka/Peta-Interaktif/vendor/laravel/framework/src/Illuminate/Foundation/resources/server.php(23): require_once('C://Users//Rahmat...')
#57 {main}

[previous exception] [object] (Error(code: 0): Call to a member function format() on null at C:/Users/Rahmat Eka/Peta-Interaktif/storage/framework/views/ac2d7abbd4f9abefe7a7089538111042.php:84)
[stacktrace]
#0 C:/Users/Rahmat Eka/Peta-Interaktif/vendor/laravel/framework/src/Illuminate/Filesystem/Filesystem.php(123): require()
#1 C:/Users/Rahmat Eka/Peta-Interaktif/vendor/laravel/framework/src/Illuminate/Filesystem/Filesystem.php(124): Illuminate/Filesystem/Filesystem::Illuminate/Filesystem/{closure}()
#2 C:/Users/Rahmat Eka/Peta-Interaktif/vendor/laravel/framework/src/Illuminate/View/Engines/PhpEngine.php(57): Illuminate/Filesystem/Filesystem->getRequire('C://Users//Rahmat...', Array)
#3 C:/Users/Rahmat Eka/Peta-Interaktif/vendor/laravel/framework/src/Illuminate/View/Engines/CompilerEngine.php(76): Illuminate/View/Engines/PhpEngine->evaluatePath('C://Users//Rahmat...', Array)
#4 C:/Users/Rahmat Eka/Peta-Interaktif/vendor/laravel/framework/src/Illuminate/View/View.php(208): Illuminate/View/Engines/CompilerEngine->get('C://Users//Rahmat...', Array)
#5 C:/Users/Rahmat Eka/Peta-Interaktif/vendor/laravel/framework/src/Illuminate/View/View.php(191): Illuminate/View/View->getContents()
#6 C:/Users/Rahmat Eka/Peta-Interaktif/vendor/laravel/framework/src/Illuminate/View/View.php(160): Illuminate/View/View->renderContents()
#7 C:/Users/Rahmat Eka/Peta-Interaktif/vendor/laravel/framework/src/Illuminate/Http/Response.php(78): Illuminate/View/View->render()
#8 C:/Users/Rahmat Eka/Peta-Interaktif/vendor/laravel/framework/src/Illuminate/Http/Response.php(34): Illuminate/Http/Response->setContent(Object(Illuminate/View/View))
#9 C:/Users/Rahmat Eka/Peta-Interaktif/vendor/laravel/framework/src/Illuminate/Routing/Router.php(939): Illuminate/Http/Response->__construct(Object(Illuminate/View/View), 200, Array)
#10 C:/Users/Rahmat Eka/Peta-Interaktif/vendor/laravel/framework/src/Illuminate/Routing/Router.php(906): Illuminate/Routing/Router::toResponse(Object(Illuminate/Http/Request), Object(Illuminate/View/View))
#11 C:/Users/Rahmat Eka/Peta-Interaktif/vendor/laravel/framework/src/Illuminate/Routing/Router.php(821): Illuminate/Routing/Router->prepareResponse(Object(Illuminate/Http/Request), Object(Illuminate/View/View))
#12 C:/Users/Rahmat Eka/Peta-Interaktif/vendor/laravel/framework/src/Illuminate/Pipeline/Pipeline.php(180): Illuminate/Routing/Router->Illuminate/Routing/{closure}(Object(Illuminate/Http/Request))
#13 C:/Users/Rahmat Eka/Peta-Interaktif/vendor/laravel/framework/src/Illuminate/Routing/Middleware/SubstituteBindings.php(50): Illuminate/Pipeline/Pipeline->Illuminate/Pipeline/{closure}(Object(Illuminate/Http/Request))
#14 C:/Users/Rahmat Eka/Peta-Interaktif/vendor/laravel/framework/src/Illuminate/Pipeline/Pipeline.php(219): Illuminate/Routing/Middleware/SubstituteBindings->handle(Object(Illuminate/Http/Request), Object(Closure))
#15 C:/Users/Rahmat Eka/Peta-Interaktif/vendor/laravel/framework/src/Illuminate/Auth/Middleware/Authenticate.php(63): Illuminate/Pipeline/Pipeline->Illuminate/Pipeline/{closure}(Object(Illuminate/Http/Request))
#16 C:/Users/Rahmat Eka/Peta-Interaktif/vendor/laravel/framework/src/Illuminate/Pipeline/Pipeline.php(219): Illuminate/Auth/Middleware/Authenticate->handle(Object(Illuminate/Http/Request), Object(Closure), 'admin')
#17 C:/Users/Rahmat Eka/Peta-Interaktif/vendor/laravel/framework/src/Illuminate/Foundation/Http/Middleware/VerifyCsrfToken.php(87): Illuminate/Pipeline/Pipeline->Illuminate/Pipeline/{closure}(Object(Illuminate/Http/Request))
#18 C:/Users/Rahmat Eka/Peta-Interaktif/vendor/laravel/framework/src/Illuminate/Pipeline/Pipeline.php(219): Illuminate/Foundation/Http/Middleware/VerifyCsrfToken->handle(Object(Illuminate/Http/Request), Object(Closure))
#19 C:/Users/Rahmat Eka/Peta-Interaktif/vendor/laravel/framework/src/Illuminate/View/Middleware/ShareErrorsFromSession.php(48): Illuminate/Pipeline/Pipeline->Illuminate/Pipeline/{closure}(Object(Illuminate/Http/Request))
#20 C:/Users/Rahmat Eka/Peta-Interaktif/vendor/laravel/framework/src/Illuminate/Pipeline/Pipeline.php(219): Illuminate/View/Middleware/ShareErrorsFromSession->handle(Object(Illuminate/Http/Request), Object(Closure))
#21 C:/Users/Rahmat Eka/Peta-Interaktif/vendor/laravel/framework/src/Illuminate/Session/Middleware/StartSession.php(120): Illuminate/Pipeline/Pipeline->Illuminate/Pipeline/{closure}(Object(Illuminate/Http/Request))
#22 C:/Users/Rahmat Eka/Peta-Interaktif/vendor/laravel/framework/src/Illuminate/Session/Middleware/StartSession.php(63): Illuminate/Session/Middleware/StartSession->handleStatefulRequest(Object(Illuminate/Http/Request), Object(Illuminate/Session/Store), Object(Closure))
#23 C:/Users/Rahmat Eka/Peta-Interaktif/vendor/laravel/framework/src/Illuminate/Pipeline/Pipeline.php(219): Illuminate/Session/Middleware/StartSession->handle(Object(Illuminate/Http/Request), Object(Closure))
#24 C:/Users/Rahmat Eka/Peta-Interaktif/vendor/laravel/framework/src/Illuminate/Cookie/Middleware/AddQueuedCookiesToResponse.php(36): Illuminate/Pipeline/Pipeline->Illuminate/Pipeline/{closure}(Object(Illuminate/Http/Request))
#25 C:/Users/Rahmat Eka/Peta-Interaktif/vendor/laravel/framework/src/Illuminate/Pipeline/Pipeline.php(219): Illuminate/Cookie/Middleware/AddQueuedCookiesToResponse->handle(Object(Illuminate/Http/Request), Object(Closure))
#26 C:/Users/Rahmat Eka/Peta-Interaktif/vendor/laravel/framework/src/Illuminate/Cookie/Middleware/EncryptCookies.php(74): Illuminate/Pipeline/Pipeline->Illuminate/Pipeline/{closure}(Object(Illuminate/Http/Request))
#27 C:/Users/Rahmat Eka/Peta-Interaktif/vendor/laravel/framework/src/Illuminate/Pipeline/Pipeline.php(219): Illuminate/Cookie/Middleware/EncryptCookies->handle(Object(Illuminate/Http/Request), Object(Closure))
#28 C:/Users/Rahmat Eka/Peta-Interaktif/vendor/laravel/framework/src/Illuminate/Pipeline/Pipeline.php(137): Illuminate/Pipeline/Pipeline->Illuminate/Pipeline/{closure}(Object(Illuminate/Http/Request))
#29 C:/Users/Rahmat Eka/Peta-Interaktif/vendor/laravel/framework/src/Illuminate/Routing/Router.php(821): Illuminate/Pipeline/Pipeline->then(Object(Closure))
#30 C:/Users/Rahmat Eka/Peta-Interaktif/vendor/laravel/framework/src/Illuminate/Routing/Router.php(800): Illuminate/Routing/Router->runRouteWithinStack(Object(Illuminate/Routing/Route), Object(Illuminate/Http/Request))
#31 C:/Users/Rahmat Eka/Peta-Interaktif/vendor/laravel/framework/src/Illuminate/Routing/Router.php(764): Illuminate/Routing/Router->runRoute(Object(Illuminate/Http/Request), Object(Illuminate/Routing/Route))
#32 C:/Users/Rahmat Eka/Peta-Interaktif/vendor/laravel/framework/src/Illuminate/Routing/Router.php(753): Illuminate/Routing/Router->dispatchToRoute(Object(Illuminate/Http/Request))
#33 C:/Users/Rahmat Eka/Peta-Interaktif/vendor/laravel/framework/src/Illuminate/Foundation/Http/Kernel.php(200): Illuminate/Routing/Router->dispatch(Object(Illuminate/Http/Request))
#34 C:/Users/Rahmat Eka/Peta-Interaktif/vendor/laravel/framework/src/Illuminate/Pipeline/Pipeline.php(180): Illuminate/Foundation/Http/Kernel->Illuminate/Foundation/Http/{closure}(Object(Illuminate/Http/Request))
#35 C:/Users/Rahmat Eka/Peta-Interaktif/vendor/laravel/framework/src/Illuminate/Foundation/Http/Middleware/TransformsRequest.php(21): Illuminate/Pipeline/Pipeline->Illuminate/Pipeline/{closure}(Object(Illuminate/Http/Request))
#36 C:/Users/Rahmat Eka/Peta-Interaktif/vendor/laravel/framework/src/Illuminate/Foundation/Http/Middleware/ConvertEmptyStringsToNull.php(31): Illuminate/Foundation/Http/Middleware/TransformsRequest->handle(Object(Illuminate/Http/Request), Object(Closure))
#37 C:/Users/Rahmat Eka/Peta-Interaktif/vendor/laravel/framework/src/Illuminate/Pipeline/Pipeline.php(219): Illuminate/Foundation/Http/Middleware/ConvertEmptyStringsToNull->handle(Object(Illuminate/Http/Request), Object(Closure))
#38 C:/Users/Rahmat Eka/Peta-Interaktif/vendor/laravel/framework/src/Illuminate/Foundation/Http/Middleware/TransformsRequest.php(21): Illuminate/Pipeline/Pipeline->Illuminate/Pipeline/{closure}(Object(Illuminate/Http/Request))
#39 C:/Users/Rahmat Eka/Peta-Interaktif/vendor/laravel/framework/src/Illuminate/Foundation/Http/Middleware/TrimStrings.php(51): Illuminate/Foundation/Http/Middleware/TransformsRequest->handle(Object(Illuminate/Http/Request), Object(Closure))
#40 C:/Users/Rahmat Eka/Peta-Interaktif/vendor/laravel/framework/src/Illuminate/Pipeline/Pipeline.php(219): Illuminate/Foundation/Http/Middleware/TrimStrings->handle(Object(Illuminate/Http/Request), Object(Closure))
#41 C:/Users/Rahmat Eka/Peta-Interaktif/vendor/laravel/framework/src/Illuminate/Http/Middleware/ValidatePostSize.php(27): Illuminate/Pipeline/Pipeline->Illuminate/Pipeline/{closure}(Object(Illuminate/Http/Request))
#42 C:/Users/Rahmat Eka/Peta-Interaktif/vendor/laravel/framework/src/Illuminate/Pipeline/Pipeline.php(219): Illuminate/Http/Middleware/ValidatePostSize->handle(Object(Illuminate/Http/Request), Object(Closure))
#43 C:/Users/Rahmat Eka/Peta-Interaktif/vendor/laravel/framework/src/Illuminate/Foundation/Http/Middleware/PreventRequestsDuringMaintenance.php(109): Illuminate/Pipeline/Pipeline->Illuminate/Pipeline/{closure}(Object(Illuminate/Http/Request))
#44 C:/Users/Rahmat Eka/Peta-Interaktif/vendor/laravel/framework/src/Illuminate/Pipeline/Pipeline.php(219): Illuminate/Foundation/Http/Middleware/PreventRequestsDuringMaintenance->handle(Object(Illuminate/Http/Request), Object(Closure))
#45 C:/Users/Rahmat Eka/Peta-Interaktif/vendor/laravel/framework/src/Illuminate/Http/Middleware/HandleCors.php(61): Illuminate/Pipeline/Pipeline->Illuminate/Pipeline/{closure}(Object(Illuminate/Http/Request))
#46 C:/Users/Rahmat Eka/Peta-Interaktif/vendor/laravel/framework/src/Illuminate/Pipeline/Pipeline.php(219): Illuminate/Http/Middleware/HandleCors->handle(Object(Illuminate/Http/Request), Object(Closure))
#47 C:/Users/Rahmat Eka/Peta-Interaktif/vendor/laravel/framework/src/Illuminate/Http/Middleware/TrustProxies.php(58): Illuminate/Pipeline/Pipeline->Illuminate/Pipeline/{closure}(Object(Illuminate/Http/Request))
#48 C:/Users/Rahmat Eka/Peta-Interaktif/vendor/laravel/framework/src/Illuminate/Pipeline/Pipeline.php(219): Illuminate/Http/Middleware/TrustProxies->handle(Object(Illuminate/Http/Request), Object(Closure))
#49 C:/Users/Rahmat Eka/Peta-Interaktif/vendor/laravel/framework/src/Illuminate/Foundation/Http/Middleware/InvokeDeferredCallbacks.php(22): Illuminate/Pipeline/Pipeline->Illuminate/Pipeline/{closure}(Object(Illuminate/Http/Request))
#50 C:/Users/Rahmat Eka/Peta-Interaktif/vendor/laravel/framework/src/Illuminate/Pipeline/Pipeline.php(219): Illuminate/Foundation/Http/Middleware/InvokeDeferredCallbacks->handle(Object(Illuminate/Http/Request), Object(Closure))
#51 C:/Users/Rahmat Eka/Peta-Interaktif/vendor/laravel/framework/src/Illuminate/Http/Middleware/ValidatePathEncoding.php(26): Illuminate/Pipeline/Pipeline->Illuminate/Pipeline/{closure}(Object(Illuminate/Http/Request))
#52 C:/Users/Rahmat Eka/Peta-Interaktif/vendor/laravel/framework/src/Illuminate/Pipeline/Pipeline.php(219): Illuminate/Http/Middleware/ValidatePathEncoding->handle(Object(Illuminate/Http/Request), Object(Closure))
#53 C:/Users/Rahmat Eka/Peta-Interaktif/vendor/laravel/framework/src/Illuminate/Pipeline/Pipeline.php(137): Illuminate/Pipeline/Pipeline->Illuminate/Pipeline/{closure}(Object(Illuminate/Http/Request))
#54 C:/Users/Rahmat Eka/Peta-Interaktif/vendor/laravel/framework/src/Illuminate/Foundation/Http/Kernel.php(175): Illuminate/Pipeline/Pipeline->then(Object(Closure))
#55 C:/Users/Rahmat Eka/Peta-Interaktif/vendor/laravel/framework/src/Illuminate/Foundation/Http/Kernel.php(144): Illuminate/Foundation/Http/Kernel->sendRequestThroughRouter(Object(Illuminate/Http/Request))
#56 C:/Users/Rahmat Eka/Peta-Interaktif/vendor/laravel/framework/src/Illuminate/Foundation/Application.php(1220): Illuminate/Foundation/Http/Kernel->handle(Object(Illuminate/Http/Request))
#57 C:/Users/Rahmat Eka/Peta-Interaktif/public/index.php(18): Illuminate/Foundation/Application->handleRequest(Object(Illuminate/Http/Request))
#58 C:/Users/Rahmat Eka/Peta-Interaktif/vendor/laravel/framework/src/Illuminate/Foundation/resources/server.php(23): require_once('C://Users//Rahmat...')
#59 {main}
"} 
[2026-06-17 11:59:58] laravel.EMERGENCY: Unable to create configured logger. Using emergency logger. {"exception":"[object] (InvalidArgumentException(code: 0): NullHandler must be an instance of Monolog\\Handler\\HandlerInterface at C:/Users/Rahmat Eka/Peta-Interaktif/vendor/laravel/framework/src/Illuminate/Log/LogManager.php:398)
[stacktrace]
#0 C:/Users/Rahmat Eka/Peta-Interaktif/vendor/laravel/framework/src/Illuminate/Log/LogManager.php(232): Illuminate/Log/LogManager->createMonologDriver(Array)
#1 C:/Users/Rahmat Eka/Peta-Interaktif/vendor/laravel/framework/src/Illuminate/Log/LogManager.php(138): Illuminate/Log/LogManager->resolve('deprecations', Array)
#2 C:/Users/Rahmat Eka/Peta-Interaktif/vendor/laravel/framework/src/Illuminate/Log/LogManager.php(125): Illuminate/Log/LogManager->get('deprecations')
#3 C:/Users/Rahmat Eka/Peta-Interaktif/vendor/laravel/framework/src/Illuminate/Log/LogManager.php(114): Illuminate/Log/LogManager->driver('deprecations')
#4 C:/Users/Rahmat Eka/Peta-Interaktif/vendor/laravel/framework/src/Illuminate/Foundation/Bootstrap/HandleExceptions.php(109): Illuminate/Log/LogManager->channel('deprecations')
#5 C:/Users/Rahmat Eka/Peta-Interaktif/vendor/laravel/framework/src/Illuminate/Foundation/Bootstrap/HandleExceptions.php(74): Illuminate/Foundation/Bootstrap/HandleExceptions->handleDeprecationError('Since symfony/h...', 'C://Users//Rahmat...', 25, 16384)
#6 C:/Users/Rahmat Eka/Peta-Interaktif/vendor/laravel/framework/src/Illuminate/Foundation/Bootstrap/HandleExceptions.php(262): Illuminate/Foundation/Bootstrap/HandleExceptions->handleError(16384, 'Since symfony/h...', 'C://Users//Rahmat...', 25)
#7 [internal function]: Illuminate/Foundation/Bootstrap/HandleExceptions->Illuminate/Foundation/Bootstrap/{closure}(16384, 'Since symfony/h...', 'C://Users//Rahmat...', 25)
#8 C:/Users/Rahmat Eka/Peta-Interaktif/vendor/symfony/deprecation-contracts/function.php(25): trigger_error('Since symfony/h...', 16384)
#9 C:/Users/Rahmat Eka/Peta-Interaktif/vendor/symfony/http-foundation/Request.php(754): trigger_deprecation('symfony/http-fo...', '7.4', 'Request::get() ...')
#10 C:/Users/Rahmat Eka/Peta-Interaktif/vendor/laravel/framework/src/Illuminate/Http/Request.php(441): Symfony/Component/HttpFoundation/Request->get('tab', 'masyarakat')
#11 C:/Users/Rahmat Eka/Peta-Interaktif/app/Http/Controllers/Admin/ManageUsersController.php(15): Illuminate/Http/Request->get('tab', 'masyarakat')
#12 C:/Users/Rahmat Eka/Peta-Interaktif/vendor/laravel/framework/src/Illuminate/Routing/Controller.php(54): App/Http/Controllers/Admin/ManageUsersController->index(Object(Illuminate/Http/Request))
#13 C:/Users/Rahmat Eka/Peta-Interaktif/vendor/laravel/framework/src/Illuminate/Routing/ControllerDispatcher.php(43): Illuminate/Routing/Controller->callAction('index', Array)
#14 C:/Users/Rahmat Eka/Peta-Interaktif/vendor/laravel/framework/src/Illuminate/Routing/Route.php(265): Illuminate/Routing/ControllerDispatcher->dispatch(Object(Illuminate/Routing/Route), Object(App/Http/Controllers/Admin/ManageUsersController), 'index')
#15 C:/Users/Rahmat Eka/Peta-Interaktif/vendor/laravel/framework/src/Illuminate/Routing/Route.php(211): Illuminate/Routing/Route->runController()
#16 C:/Users/Rahmat Eka/Peta-Interaktif/vendor/laravel/framework/src/Illuminate/Routing/Router.php(822): Illuminate/Routing/Route->run()
#17 C:/Users/Rahmat Eka/Peta-Interaktif/vendor/laravel/framework/src/Illuminate/Pipeline/Pipeline.php(180): Illuminate/Routing/Router->Illuminate/Routing/{closure}(Object(Illuminate/Http/Request))
#18 C:/Users/Rahmat Eka/Peta-Interaktif/vendor/laravel/framework/src/Illuminate/Routing/Middleware/SubstituteBindings.php(50): Illuminate/Pipeline/Pipeline->Illuminate/Pipeline/{closure}(Object(Illuminate/Http/Request))
#19 C:/Users/Rahmat Eka/Peta-Interaktif/vendor/laravel/framework/src/Illuminate/Pipeline/Pipeline.php(219): Illuminate/Routing/Middleware/SubstituteBindings->handle(Object(Illuminate/Http/Request), Object(Closure))
#20 C:/Users/Rahmat Eka/Peta-Interaktif/vendor/laravel/framework/src/Illuminate/Auth/Middleware/Authenticate.php(63): Illuminate/Pipeline/Pipeline->Illuminate/Pipeline/{closure}(Object(Illuminate/Http/Request))
#21 C:/Users/Rahmat Eka/Peta-Interaktif/vendor/laravel/framework/src/Illuminate/Pipeline/Pipeline.php(219): Illuminate/Auth/Middleware/Authenticate->handle(Object(Illuminate/Http/Request), Object(Closure), 'admin')
#22 C:/Users/Rahmat Eka/Peta-Interaktif/vendor/laravel/framework/src/Illuminate/Foundation/Http/Middleware/VerifyCsrfToken.php(87): Illuminate/Pipeline/Pipeline->Illuminate/Pipeline/{closure}(Object(Illuminate/Http/Request))
#23 C:/Users/Rahmat Eka/Peta-Interaktif/vendor/laravel/framework/src/Illuminate/Pipeline/Pipeline.php(219): Illuminate/Foundation/Http/Middleware/VerifyCsrfToken->handle(Object(Illuminate/Http/Request), Object(Closure))
#24 C:/Users/Rahmat Eka/Peta-Interaktif/vendor/laravel/framework/src/Illuminate/View/Middleware/ShareErrorsFromSession.php(48): Illuminate/Pipeline/Pipeline->Illuminate/Pipeline/{closure}(Object(Illuminate/Http/Request))
#25 C:/Users/Rahmat Eka/Peta-Interaktif/vendor/laravel/framework/src/Illuminate/Pipeline/Pipeline.php(219): Illuminate/View/Middleware/ShareErrorsFromSession->handle(Object(Illuminate/Http/Request), Object(Closure))
#26 C:/Users/Rahmat Eka/Peta-Interaktif/vendor/laravel/framework/src/Illuminate/Session/Middleware/StartSession.php(120): Illuminate/Pipeline/Pipeline->Illuminate/Pipeline/{closure}(Object(Illuminate/Http/Request))
#27 C:/Users/Rahmat Eka/Peta-Interaktif/vendor/laravel/framework/src/Illuminate/Session/Middleware/StartSession.php(63): Illuminate/Session/Middleware/StartSession->handleStatefulRequest(Object(Illuminate/Http/Request), Object(Illuminate/Session/Store), Object(Closure))
#28 C:/Users/Rahmat Eka/Peta-Interaktif/vendor/laravel/framework/src/Illuminate/Pipeline/Pipeline.php(219): Illuminate/Session/Middleware/StartSession->handle(Object(Illuminate/Http/Request), Object(Closure))
#29 C:/Users/Rahmat Eka/Peta-Interaktif/vendor/laravel/framework/src/Illuminate/Cookie/Middleware/AddQueuedCookiesToResponse.php(36): Illuminate/Pipeline/Pipeline->Illuminate/Pipeline/{closure}(Object(Illuminate/Http/Request))
#30 C:/Users/Rahmat Eka/Peta-Interaktif/vendor/laravel/framework/src/Illuminate/Pipeline/Pipeline.php(219): Illuminate/Cookie/Middleware/AddQueuedCookiesToResponse->handle(Object(Illuminate/Http/Request), Object(Closure))
#31 C:/Users/Rahmat Eka/Peta-Interaktif/vendor/laravel/framework/src/Illuminate/Cookie/Middleware/EncryptCookies.php(74): Illuminate/Pipeline/Pipeline->Illuminate/Pipeline/{closure}(Object(Illuminate/Http/Request))
#32 C:/Users/Rahmat Eka/Peta-Interaktif/vendor/laravel/framework/src/Illuminate/Pipeline/Pipeline.php(219): Illuminate/Cookie/Middleware/EncryptCookies->handle(Object(Illuminate/Http/Request), Object(Closure))
#33 C:/Users/Rahmat Eka/Peta-Interaktif/vendor/laravel/framework/src/Illuminate/Pipeline/Pipeline.php(137): Illuminate/Pipeline/Pipeline->Illuminate/Pipeline/{closure}(Object(Illuminate/Http/Request))
#34 C:/Users/Rahmat Eka/Peta-Interaktif/vendor/laravel/framework/src/Illuminate/Routing/Router.php(821): Illuminate/Pipeline/Pipeline->then(Object(Closure))
#35 C:/Users/Rahmat Eka/Peta-Interaktif/vendor/laravel/framework/src/Illuminate/Routing/Router.php(800): Illuminate/Routing/Router->runRouteWithinStack(Object(Illuminate/Routing/Route), Object(Illuminate/Http/Request))
#36 C:/Users/Rahmat Eka/Peta-Interaktif/vendor/laravel/framework/src/Illuminate/Routing/Router.php(764): Illuminate/Routing/Router->runRoute(Object(Illuminate/Http/Request), Object(Illuminate/Routing/Route))
#37 C:/Users/Rahmat Eka/Peta-Interaktif/vendor/laravel/framework/src/Illuminate/Routing/Router.php(753): Illuminate/Routing/Router->dispatchToRoute(Object(Illuminate/Http/Request))
#38 C:/Users/Rahmat Eka/Peta-Interaktif/vendor/laravel/framework/src/Illuminate/Foundation/Http/Kernel.php(200): Illuminate/Routing/Router->dispatch(Object(Illuminate/Http/Request))
#39 C:/Users/Rahmat Eka/Peta-Interaktif/vendor/laravel/framework/src/Illuminate/Pipeline/Pipeline.php(180): Illuminate/Foundation/Http/Kernel->Illuminate/Foundation/Http/{closure}(Object(Illuminate/Http/Request))
#40 C:/Users/Rahmat Eka/Peta-Interaktif/vendor/laravel/framework/src/Illuminate/Foundation/Http/Middleware/TransformsRequest.php(21): Illuminate/Pipeline/Pipeline->Illuminate/Pipeline/{closure}(Object(Illuminate/Http/Request))
#41 C:/Users/Rahmat Eka/Peta-Interaktif/vendor/laravel/framework/src/Illuminate/Foundation/Http/Middleware/ConvertEmptyStringsToNull.php(31): Illuminate/Foundation/Http/Middleware/TransformsRequest->handle(Object(Illuminate/Http/Request), Object(Closure))
#42 C:/Users/Rahmat Eka/Peta-Interaktif/vendor/laravel/framework/src/Illuminate/Pipeline/Pipeline.php(219): Illuminate/Foundation/Http/Middleware/ConvertEmptyStringsToNull->handle(Object(Illuminate/Http/Request), Object(Closure))
#43 C:/Users/Rahmat Eka/Peta-Interaktif/vendor/laravel/framework/src/Illuminate/Foundation/Http/Middleware/TransformsRequest.php(21): Illuminate/Pipeline/Pipeline->Illuminate/Pipeline/{closure}(Object(Illuminate/Http/Request))
#44 C:/Users/Rahmat Eka/Peta-Interaktif/vendor/laravel/framework/src/Illuminate/Foundation/Http/Middleware/TrimStrings.php(51): Illuminate/Foundation/Http/Middleware/TransformsRequest->handle(Object(Illuminate/Http/Request), Object(Closure))
#45 C:/Users/Rahmat Eka/Peta-Interaktif/vendor/laravel/framework/src/Illuminate/Pipeline/Pipeline.php(219): Illuminate/Foundation/Http/Middleware/TrimStrings->handle(Object(Illuminate/Http/Request), Object(Closure))
#46 C:/Users/Rahmat Eka/Peta-Interaktif/vendor/laravel/framework/src/Illuminate/Http/Middleware/ValidatePostSize.php(27): Illuminate/Pipeline/Pipeline->Illuminate/Pipeline/{closure}(Object(Illuminate/Http/Request))
#47 C:/Users/Rahmat Eka/Peta-Interaktif/vendor/laravel/framework/src/Illuminate/Pipeline/Pipeline.php(219): Illuminate/Http/Middleware/ValidatePostSize->handle(Object(Illuminate/Http/Request), Object(Closure))
#48 C:/Users/Rahmat Eka/Peta-Interaktif/vendor/laravel/framework/src/Illuminate/Foundation/Http/Middleware/PreventRequestsDuringMaintenance.php(109): Illuminate/Pipeline/Pipeline->Illuminate/Pipeline/{closure}(Object(Illuminate/Http/Request))
#49 C:/Users/Rahmat Eka/Peta-Interaktif/vendor/laravel/framework/src/Illuminate/Pipeline/Pipeline.php(219): Illuminate/Foundation/Http/Middleware/PreventRequestsDuringMaintenance->handle(Object(Illuminate/Http/Request), Object(Closure))
#50 C:/Users/Rahmat Eka/Peta-Interaktif/vendor/laravel/framework/src/Illuminate/Http/Middleware/HandleCors.php(61): Illuminate/Pipeline/Pipeline->Illuminate/Pipeline/{closure}(Object(Illuminate/Http/Request))
#51 C:/Users/Rahmat Eka/Peta-Interaktif/vendor/laravel/framework/src/Illuminate/Pipeline/Pipeline.php(219): Illuminate/Http/Middleware/HandleCors->handle(Object(Illuminate/Http/Request), Object(Closure))
#52 C:/Users/Rahmat Eka/Peta-Interaktif/vendor/laravel/framework/src/Illuminate/Http/Middleware/TrustProxies.php(58): Illuminate/Pipeline/Pipeline->Illuminate/Pipeline/{closure}(Object(Illuminate/Http/Request))
#53 C:/Users/Rahmat Eka/Peta-Interaktif/vendor/laravel/framework/src/Illuminate/Pipeline/Pipeline.php(219): Illuminate/Http/Middleware/TrustProxies->handle(Object(Illuminate/Http/Request), Object(Closure))
#54 C:/Users/Rahmat Eka/Peta-Interaktif/vendor/laravel/framework/src/Illuminate/Foundation/Http/Middleware/InvokeDeferredCallbacks.php(22): Illuminate/Pipeline/Pipeline->Illuminate/Pipeline/{closure}(Object(Illuminate/Http/Request))
#55 C:/Users/Rahmat Eka/Peta-Interaktif/vendor/laravel/framework/src/Illuminate/Pipeline/Pipeline.php(219): Illuminate/Foundation/Http/Middleware/InvokeDeferredCallbacks->handle(Object(Illuminate/Http/Request), Object(Closure))
#56 C:/Users/Rahmat Eka/Peta-Interaktif/vendor/laravel/framework/src/Illuminate/Http/Middleware/ValidatePathEncoding.php(26): Illuminate/Pipeline/Pipeline->Illuminate/Pipeline/{closure}(Object(Illuminate/Http/Request))
#57 C:/Users/Rahmat Eka/Peta-Interaktif/vendor/laravel/framework/src/Illuminate/Pipeline/Pipeline.php(219): Illuminate/Http/Middleware/ValidatePathEncoding->handle(Object(Illuminate/Http/Request), Object(Closure))
#58 C:/Users/Rahmat Eka/Peta-Interaktif/vendor/laravel/framework/src/Illuminate/Pipeline/Pipeline.php(137): Illuminate/Pipeline/Pipeline->Illuminate/Pipeline/{closure}(Object(Illuminate/Http/Request))
#59 C:/Users/Rahmat Eka/Peta-Interaktif/vendor/laravel/framework/src/Illuminate/Foundation/Http/Kernel.php(175): Illuminate/Pipeline/Pipeline->then(Object(Closure))
#60 C:/Users/Rahmat Eka/Peta-Interaktif/vendor/laravel/framework/src/Illuminate/Foundation/Http/Kernel.php(144): Illuminate/Foundation/Http/Kernel->sendRequestThroughRouter(Object(Illuminate/Http/Request))
#61 C:/Users/Rahmat Eka/Peta-Interaktif/vendor/laravel/framework/src/Illuminate/Foundation/Application.php(1220): Illuminate/Foundation/Http/Kernel->handle(Object(Illuminate/Http/Request))
#62 C:/Users/Rahmat Eka/Peta-Interaktif/public/index.php(18): Illuminate/Foundation/Application->handleRequest(Object(Illuminate/Http/Request))
#63 C:/Users/Rahmat Eka/Peta-Interaktif/vendor/laravel/framework/src/Illuminate/Foundation/resources/server.php(23): require_once('C://Users//Rahmat...')
#64 {main}
"} 
[2026-06-17 11:59:58] laravel.WARNING: Since symfony/http-foundation 7.4: Request::get() is deprecated, use properties ->attributes, query or request directly instead. in C:\Users\Rahmat Eka\Peta-Interaktif\vendor\symfony\deprecation-contracts\function.php on line 25  
[2026-06-17 11:59:58] laravel.EMERGENCY: Unable to create configured logger. Using emergency logger. {"exception":"[object] (InvalidArgumentException(code: 0): NullHandler must be an instance of Monolog\\Handler\\HandlerInterface at C:/Users/Rahmat Eka/Peta-Interaktif/vendor/laravel/framework/src/Illuminate/Log/LogManager.php:398)
[stacktrace]
#0 C:/Users/Rahmat Eka/Peta-Interaktif/vendor/laravel/framework/src/Illuminate/Log/LogManager.php(232): Illuminate/Log/LogManager->createMonologDriver(Array)
#1 C:/Users/Rahmat Eka/Peta-Interaktif/vendor/laravel/framework/src/Illuminate/Log/LogManager.php(138): Illuminate/Log/LogManager->resolve('deprecations', Array)
#2 C:/Users/Rahmat Eka/Peta-Interaktif/vendor/laravel/framework/src/Illuminate/Log/LogManager.php(125): Illuminate/Log/LogManager->get('deprecations')
#3 C:/Users/Rahmat Eka/Peta-Interaktif/vendor/laravel/framework/src/Illuminate/Log/LogManager.php(114): Illuminate/Log/LogManager->driver('deprecations')
#4 C:/Users/Rahmat Eka/Peta-Interaktif/vendor/laravel/framework/src/Illuminate/Foundation/Bootstrap/HandleExceptions.php(109): Illuminate/Log/LogManager->channel('deprecations')
#5 C:/Users/Rahmat Eka/Peta-Interaktif/vendor/laravel/framework/src/Illuminate/Foundation/Bootstrap/HandleExceptions.php(74): Illuminate/Foundation/Bootstrap/HandleExceptions->handleDeprecationError('Since symfony/h...', 'C://Users//Rahmat...', 25, 16384)
#6 C:/Users/Rahmat Eka/Peta-Interaktif/vendor/laravel/framework/src/Illuminate/Foundation/Bootstrap/HandleExceptions.php(262): Illuminate/Foundation/Bootstrap/HandleExceptions->handleError(16384, 'Since symfony/h...', 'C://Users//Rahmat...', 25)
#7 [internal function]: Illuminate/Foundation/Bootstrap/HandleExceptions->Illuminate/Foundation/Bootstrap/{closure}(16384, 'Since symfony/h...', 'C://Users//Rahmat...', 25)
#8 C:/Users/Rahmat Eka/Peta-Interaktif/vendor/symfony/deprecation-contracts/function.php(25): trigger_error('Since symfony/h...', 16384)
#9 C:/Users/Rahmat Eka/Peta-Interaktif/vendor/symfony/http-foundation/Request.php(754): trigger_deprecation('symfony/http-fo...', '7.4', 'Request::get() ...')
#10 C:/Users/Rahmat Eka/Peta-Interaktif/vendor/laravel/framework/src/Illuminate/Http/Request.php(441): Symfony/Component/HttpFoundation/Request->get('search', NULL)
#11 C:/Users/Rahmat Eka/Peta-Interaktif/app/Http/Controllers/Admin/ManageUsersController.php(16): Illuminate/Http/Request->get('search')
#12 C:/Users/Rahmat Eka/Peta-Interaktif/vendor/laravel/framework/src/Illuminate/Routing/Controller.php(54): App/Http/Controllers/Admin/ManageUsersController->index(Object(Illuminate/Http/Request))
#13 C:/Users/Rahmat Eka/Peta-Interaktif/vendor/laravel/framework/src/Illuminate/Routing/ControllerDispatcher.php(43): Illuminate/Routing/Controller->callAction('index', Array)
#14 C:/Users/Rahmat Eka/Peta-Interaktif/vendor/laravel/framework/src/Illuminate/Routing/Route.php(265): Illuminate/Routing/ControllerDispatcher->dispatch(Object(Illuminate/Routing/Route), Object(App/Http/Controllers/Admin/ManageUsersController), 'index')
#15 C:/Users/Rahmat Eka/Peta-Interaktif/vendor/laravel/framework/src/Illuminate/Routing/Route.php(211): Illuminate/Routing/Route->runController()
#16 C:/Users/Rahmat Eka/Peta-Interaktif/vendor/laravel/framework/src/Illuminate/Routing/Router.php(822): Illuminate/Routing/Route->run()
#17 C:/Users/Rahmat Eka/Peta-Interaktif/vendor/laravel/framework/src/Illuminate/Pipeline/Pipeline.php(180): Illuminate/Routing/Router->Illuminate/Routing/{closure}(Object(Illuminate/Http/Request))
#18 C:/Users/Rahmat Eka/Peta-Interaktif/vendor/laravel/framework/src/Illuminate/Routing/Middleware/SubstituteBindings.php(50): Illuminate/Pipeline/Pipeline->Illuminate/Pipeline/{closure}(Object(Illuminate/Http/Request))
#19 C:/Users/Rahmat Eka/Peta-Interaktif/vendor/laravel/framework/src/Illuminate/Pipeline/Pipeline.php(219): Illuminate/Routing/Middleware/SubstituteBindings->handle(Object(Illuminate/Http/Request), Object(Closure))
#20 C:/Users/Rahmat Eka/Peta-Interaktif/vendor/laravel/framework/src/Illuminate/Auth/Middleware/Authenticate.php(63): Illuminate/Pipeline/Pipeline->Illuminate/Pipeline/{closure}(Object(Illuminate/Http/Request))
#21 C:/Users/Rahmat Eka/Peta-Interaktif/vendor/laravel/framework/src/Illuminate/Pipeline/Pipeline.php(219): Illuminate/Auth/Middleware/Authenticate->handle(Object(Illuminate/Http/Request), Object(Closure), 'admin')
#22 C:/Users/Rahmat Eka/Peta-Interaktif/vendor/laravel/framework/src/Illuminate/Foundation/Http/Middleware/VerifyCsrfToken.php(87): Illuminate/Pipeline/Pipeline->Illuminate/Pipeline/{closure}(Object(Illuminate/Http/Request))
#23 C:/Users/Rahmat Eka/Peta-Interaktif/vendor/laravel/framework/src/Illuminate/Pipeline/Pipeline.php(219): Illuminate/Foundation/Http/Middleware/VerifyCsrfToken->handle(Object(Illuminate/Http/Request), Object(Closure))
#24 C:/Users/Rahmat Eka/Peta-Interaktif/vendor/laravel/framework/src/Illuminate/View/Middleware/ShareErrorsFromSession.php(48): Illuminate/Pipeline/Pipeline->Illuminate/Pipeline/{closure}(Object(Illuminate/Http/Request))
#25 C:/Users/Rahmat Eka/Peta-Interaktif/vendor/laravel/framework/src/Illuminate/Pipeline/Pipeline.php(219): Illuminate/View/Middleware/ShareErrorsFromSession->handle(Object(Illuminate/Http/Request), Object(Closure))
#26 C:/Users/Rahmat Eka/Peta-Interaktif/vendor/laravel/framework/src/Illuminate/Session/Middleware/StartSession.php(120): Illuminate/Pipeline/Pipeline->Illuminate/Pipeline/{closure}(Object(Illuminate/Http/Request))
#27 C:/Users/Rahmat Eka/Peta-Interaktif/vendor/laravel/framework/src/Illuminate/Session/Middleware/StartSession.php(63): Illuminate/Session/Middleware/StartSession->handleStatefulRequest(Object(Illuminate/Http/Request), Object(Illuminate/Session/Store), Object(Closure))
#28 C:/Users/Rahmat Eka/Peta-Interaktif/vendor/laravel/framework/src/Illuminate/Pipeline/Pipeline.php(219): Illuminate/Session/Middleware/StartSession->handle(Object(Illuminate/Http/Request), Object(Closure))
#29 C:/Users/Rahmat Eka/Peta-Interaktif/vendor/laravel/framework/src/Illuminate/Cookie/Middleware/AddQueuedCookiesToResponse.php(36): Illuminate/Pipeline/Pipeline->Illuminate/Pipeline/{closure}(Object(Illuminate/Http/Request))
#30 C:/Users/Rahmat Eka/Peta-Interaktif/vendor/laravel/framework/src/Illuminate/Pipeline/Pipeline.php(219): Illuminate/Cookie/Middleware/AddQueuedCookiesToResponse->handle(Object(Illuminate/Http/Request), Object(Closure))
#31 C:/Users/Rahmat Eka/Peta-Interaktif/vendor/laravel/framework/src/Illuminate/Cookie/Middleware/EncryptCookies.php(74): Illuminate/Pipeline/Pipeline->Illuminate/Pipeline/{closure}(Object(Illuminate/Http/Request))
#32 C:/Users/Rahmat Eka/Peta-Interaktif/vendor/laravel/framework/src/Illuminate/Pipeline/Pipeline.php(219): Illuminate/Cookie/Middleware/EncryptCookies->handle(Object(Illuminate/Http/Request), Object(Closure))
#33 C:/Users/Rahmat Eka/Peta-Interaktif/vendor/laravel/framework/src/Illuminate/Pipeline/Pipeline.php(137): Illuminate/Pipeline/Pipeline->Illuminate/Pipeline/{closure}(Object(Illuminate/Http/Request))
#34 C:/Users/Rahmat Eka/Peta-Interaktif/vendor/laravel/framework/src/Illuminate/Routing/Router.php(821): Illuminate/Pipeline/Pipeline->then(Object(Closure))
#35 C:/Users/Rahmat Eka/Peta-Interaktif/vendor/laravel/framework/src/Illuminate/Routing/Router.php(800): Illuminate/Routing/Router->runRouteWithinStack(Object(Illuminate/Routing/Route), Object(Illuminate/Http/Request))
#36 C:/Users/Rahmat Eka/Peta-Interaktif/vendor/laravel/framework/src/Illuminate/Routing/Router.php(764): Illuminate/Routing/Router->runRoute(Object(Illuminate/Http/Request), Object(Illuminate/Routing/Route))
#37 C:/Users/Rahmat Eka/Peta-Interaktif/vendor/laravel/framework/src/Illuminate/Routing/Router.php(753): Illuminate/Routing/Router->dispatchToRoute(Object(Illuminate/Http/Request))
#38 C:/Users/Rahmat Eka/Peta-Interaktif/vendor/laravel/framework/src/Illuminate/Foundation/Http/Kernel.php(200): Illuminate/Routing/Router->dispatch(Object(Illuminate/Http/Request))
#39 C:/Users/Rahmat Eka/Peta-Interaktif/vendor/laravel/framework/src/Illuminate/Pipeline/Pipeline.php(180): Illuminate/Foundation/Http/Kernel->Illuminate/Foundation/Http/{closure}(Object(Illuminate/Http/Request))
#40 C:/Users/Rahmat Eka/Peta-Interaktif/vendor/laravel/framework/src/Illuminate/Foundation/Http/Middleware/TransformsRequest.php(21): Illuminate/Pipeline/Pipeline->Illuminate/Pipeline/{closure}(Object(Illuminate/Http/Request))
#41 C:/Users/Rahmat Eka/Peta-Interaktif/vendor/laravel/framework/src/Illuminate/Foundation/Http/Middleware/ConvertEmptyStringsToNull.php(31): Illuminate/Foundation/Http/Middleware/TransformsRequest->handle(Object(Illuminate/Http/Request), Object(Closure))
#42 C:/Users/Rahmat Eka/Peta-Interaktif/vendor/laravel/framework/src/Illuminate/Pipeline/Pipeline.php(219): Illuminate/Foundation/Http/Middleware/ConvertEmptyStringsToNull->handle(Object(Illuminate/Http/Request), Object(Closure))
#43 C:/Users/Rahmat Eka/Peta-Interaktif/vendor/laravel/framework/src/Illuminate/Foundation/Http/Middleware/TransformsRequest.php(21): Illuminate/Pipeline/Pipeline->Illuminate/Pipeline/{closure}(Object(Illuminate/Http/Request))
#44 C:/Users/Rahmat Eka/Peta-Interaktif/vendor/laravel/framework/src/Illuminate/Foundation/Http/Middleware/TrimStrings.php(51): Illuminate/Foundation/Http/Middleware/TransformsRequest->handle(Object(Illuminate/Http/Request), Object(Closure))
#45 C:/Users/Rahmat Eka/Peta-Interaktif/vendor/laravel/framework/src/Illuminate/Pipeline/Pipeline.php(219): Illuminate/Foundation/Http/Middleware/TrimStrings->handle(Object(Illuminate/Http/Request), Object(Closure))
#46 C:/Users/Rahmat Eka/Peta-Interaktif/vendor/laravel/framework/src/Illuminate/Http/Middleware/ValidatePostSize.php(27): Illuminate/Pipeline/Pipeline->Illuminate/Pipeline/{closure}(Object(Illuminate/Http/Request))
#47 C:/Users/Rahmat Eka/Peta-Interaktif/vendor/laravel/framework/src/Illuminate/Pipeline/Pipeline.php(219): Illuminate/Http/Middleware/ValidatePostSize->handle(Object(Illuminate/Http/Request), Object(Closure))
#48 C:/Users/Rahmat Eka/Peta-Interaktif/vendor/laravel/framework/src/Illuminate/Foundation/Http/Middleware/PreventRequestsDuringMaintenance.php(109): Illuminate/Pipeline/Pipeline->Illuminate/Pipeline/{closure}(Object(Illuminate/Http/Request))
#49 C:/Users/Rahmat Eka/Peta-Interaktif/vendor/laravel/framework/src/Illuminate/Pipeline/Pipeline.php(219): Illuminate/Foundation/Http/Middleware/PreventRequestsDuringMaintenance->handle(Object(Illuminate/Http/Request), Object(Closure))
#50 C:/Users/Rahmat Eka/Peta-Interaktif/vendor/laravel/framework/src/Illuminate/Http/Middleware/HandleCors.php(61): Illuminate/Pipeline/Pipeline->Illuminate/Pipeline/{closure}(Object(Illuminate/Http/Request))
#51 C:/Users/Rahmat Eka/Peta-Interaktif/vendor/laravel/framework/src/Illuminate/Pipeline/Pipeline.php(219): Illuminate/Http/Middleware/HandleCors->handle(Object(Illuminate/Http/Request), Object(Closure))
#52 C:/Users/Rahmat Eka/Peta-Interaktif/vendor/laravel/framework/src/Illuminate/Http/Middleware/TrustProxies.php(58): Illuminate/Pipeline/Pipeline->Illuminate/Pipeline/{closure}(Object(Illuminate/Http/Request))
#53 C:/Users/Rahmat Eka/Peta-Interaktif/vendor/laravel/framework/src/Illuminate/Pipeline/Pipeline.php(219): Illuminate/Http/Middleware/TrustProxies->handle(Object(Illuminate/Http/Request), Object(Closure))
#54 C:/Users/Rahmat Eka/Peta-Interaktif/vendor/laravel/framework/src/Illuminate/Foundation/Http/Middleware/InvokeDeferredCallbacks.php(22): Illuminate/Pipeline/Pipeline->Illuminate/Pipeline/{closure}(Object(Illuminate/Http/Request))
#55 C:/Users/Rahmat Eka/Peta-Interaktif/vendor/laravel/framework/src/Illuminate/Pipeline/Pipeline.php(219): Illuminate/Foundation/Http/Middleware/InvokeDeferredCallbacks->handle(Object(Illuminate/Http/Request), Object(Closure))
#56 C:/Users/Rahmat Eka/Peta-Interaktif/vendor/laravel/framework/src/Illuminate/Http/Middleware/ValidatePathEncoding.php(26): Illuminate/Pipeline/Pipeline->Illuminate/Pipeline/{closure}(Object(Illuminate/Http/Request))
#57 C:/Users/Rahmat Eka/Peta-Interaktif/vendor/laravel/framework/src/Illuminate/Pipeline/Pipeline.php(219): Illuminate/Http/Middleware/ValidatePathEncoding->handle(Object(Illuminate/Http/Request), Object(Closure))
#58 C:/Users/Rahmat Eka/Peta-Interaktif/vendor/laravel/framework/src/Illuminate/Pipeline/Pipeline.php(137): Illuminate/Pipeline/Pipeline->Illuminate/Pipeline/{closure}(Object(Illuminate/Http/Request))
#59 C:/Users/Rahmat Eka/Peta-Interaktif/vendor/laravel/framework/src/Illuminate/Foundation/Http/Kernel.php(175): Illuminate/Pipeline/Pipeline->then(Object(Closure))
#60 C:/Users/Rahmat Eka/Peta-Interaktif/vendor/laravel/framework/src/Illuminate/Foundation/Http/Kernel.php(144): Illuminate/Foundation/Http/Kernel->sendRequestThroughRouter(Object(Illuminate/Http/Request))
#61 C:/Users/Rahmat Eka/Peta-Interaktif/vendor/laravel/framework/src/Illuminate/Foundation/Application.php(1220): Illuminate/Foundation/Http/Kernel->handle(Object(Illuminate/Http/Request))
#62 C:/Users/Rahmat Eka/Peta-Interaktif/public/index.php(18): Illuminate/Foundation/Application->handleRequest(Object(Illuminate/Http/Request))
#63 C:/Users/Rahmat Eka/Peta-Interaktif/vendor/laravel/framework/src/Illuminate/Foundation/resources/server.php(23): require_once('C://Users//Rahmat...')
#64 {main}
"} 
[2026-06-17 11:59:58] laravel.WARNING: Since symfony/http-foundation 7.4: Request::get() is deprecated, use properties ->attributes, query or request directly instead. in C:\Users\Rahmat Eka\Peta-Interaktif\vendor\symfony\deprecation-contracts\function.php on line 25  
[2026-06-17 12:03:14] laravel.EMERGENCY: Unable to create configured logger. Using emergency logger. {"exception":"[object] (InvalidArgumentException(code: 0): NullHandler must be an instance of Monolog\\Handler\\HandlerInterface at C:/Users/Rahmat Eka/Peta-Interaktif/vendor/laravel/framework/src/Illuminate/Log/LogManager.php:398)
[stacktrace]
#0 C:/Users/Rahmat Eka/Peta-Interaktif/vendor/laravel/framework/src/Illuminate/Log/LogManager.php(232): Illuminate/Log/LogManager->createMonologDriver(Array)
#1 C:/Users/Rahmat Eka/Peta-Interaktif/vendor/laravel/framework/src/Illuminate/Log/LogManager.php(138): Illuminate/Log/LogManager->resolve('deprecations', Array)
#2 C:/Users/Rahmat Eka/Peta-Interaktif/vendor/laravel/framework/src/Illuminate/Log/LogManager.php(125): Illuminate/Log/LogManager->get('deprecations')
#3 C:/Users/Rahmat Eka/Peta-Interaktif/vendor/laravel/framework/src/Illuminate/Log/LogManager.php(114): Illuminate/Log/LogManager->driver('deprecations')
#4 C:/Users/Rahmat Eka/Peta-Interaktif/vendor/laravel/framework/src/Illuminate/Foundation/Bootstrap/HandleExceptions.php(109): Illuminate/Log/LogManager->channel('deprecations')
#5 C:/Users/Rahmat Eka/Peta-Interaktif/vendor/laravel/framework/src/Illuminate/Foundation/Bootstrap/HandleExceptions.php(74): Illuminate/Foundation/Bootstrap/HandleExceptions->handleDeprecationError('Since symfony/h...', 'C://Users//Rahmat...', 25, 16384)
#6 C:/Users/Rahmat Eka/Peta-Interaktif/vendor/laravel/framework/src/Illuminate/Foundation/Bootstrap/HandleExceptions.php(262): Illuminate/Foundation/Bootstrap/HandleExceptions->handleError(16384, 'Since symfony/h...', 'C://Users//Rahmat...', 25)
#7 [internal function]: Illuminate/Foundation/Bootstrap/HandleExceptions->Illuminate/Foundation/Bootstrap/{closure}(16384, 'Since symfony/h...', 'C://Users//Rahmat...', 25)
#8 C:/Users/Rahmat Eka/Peta-Interaktif/vendor/symfony/deprecation-contracts/function.php(25): trigger_error('Since symfony/h...', 16384)
#9 C:/Users/Rahmat Eka/Peta-Interaktif/vendor/symfony/http-foundation/Request.php(754): trigger_deprecation('symfony/http-fo...', '7.4', 'Request::get() ...')
#10 C:/Users/Rahmat Eka/Peta-Interaktif/vendor/laravel/framework/src/Illuminate/Http/Request.php(441): Symfony/Component/HttpFoundation/Request->get('tab', 'masyarakat')
#11 C:/Users/Rahmat Eka/Peta-Interaktif/app/Http/Controllers/Admin/ManageUsersController.php(15): Illuminate/Http/Request->get('tab', 'masyarakat')
#12 C:/Users/Rahmat Eka/Peta-Interaktif/vendor/laravel/framework/src/Illuminate/Routing/Controller.php(54): App/Http/Controllers/Admin/ManageUsersController->index(Object(Illuminate/Http/Request))
#13 C:/Users/Rahmat Eka/Peta-Interaktif/vendor/laravel/framework/src/Illuminate/Routing/ControllerDispatcher.php(43): Illuminate/Routing/Controller->callAction('index', Array)
#14 C:/Users/Rahmat Eka/Peta-Interaktif/vendor/laravel/framework/src/Illuminate/Routing/Route.php(265): Illuminate/Routing/ControllerDispatcher->dispatch(Object(Illuminate/Routing/Route), Object(App/Http/Controllers/Admin/ManageUsersController), 'index')
#15 C:/Users/Rahmat Eka/Peta-Interaktif/vendor/laravel/framework/src/Illuminate/Routing/Route.php(211): Illuminate/Routing/Route->runController()
#16 C:/Users/Rahmat Eka/Peta-Interaktif/vendor/laravel/framework/src/Illuminate/Routing/Router.php(822): Illuminate/Routing/Route->run()
#17 C:/Users/Rahmat Eka/Peta-Interaktif/vendor/laravel/framework/src/Illuminate/Pipeline/Pipeline.php(180): Illuminate/Routing/Router->Illuminate/Routing/{closure}(Object(Illuminate/Http/Request))
#18 C:/Users/Rahmat Eka/Peta-Interaktif/vendor/laravel/framework/src/Illuminate/Routing/Middleware/SubstituteBindings.php(50): Illuminate/Pipeline/Pipeline->Illuminate/Pipeline/{closure}(Object(Illuminate/Http/Request))
#19 C:/Users/Rahmat Eka/Peta-Interaktif/vendor/laravel/framework/src/Illuminate/Pipeline/Pipeline.php(219): Illuminate/Routing/Middleware/SubstituteBindings->handle(Object(Illuminate/Http/Request), Object(Closure))
#20 C:/Users/Rahmat Eka/Peta-Interaktif/vendor/laravel/framework/src/Illuminate/Auth/Middleware/Authenticate.php(63): Illuminate/Pipeline/Pipeline->Illuminate/Pipeline/{closure}(Object(Illuminate/Http/Request))
#21 C:/Users/Rahmat Eka/Peta-Interaktif/vendor/laravel/framework/src/Illuminate/Pipeline/Pipeline.php(219): Illuminate/Auth/Middleware/Authenticate->handle(Object(Illuminate/Http/Request), Object(Closure), 'admin')
#22 C:/Users/Rahmat Eka/Peta-Interaktif/vendor/laravel/framework/src/Illuminate/Foundation/Http/Middleware/VerifyCsrfToken.php(87): Illuminate/Pipeline/Pipeline->Illuminate/Pipeline/{closure}(Object(Illuminate/Http/Request))
#23 C:/Users/Rahmat Eka/Peta-Interaktif/vendor/laravel/framework/src/Illuminate/Pipeline/Pipeline.php(219): Illuminate/Foundation/Http/Middleware/VerifyCsrfToken->handle(Object(Illuminate/Http/Request), Object(Closure))
#24 C:/Users/Rahmat Eka/Peta-Interaktif/vendor/laravel/framework/src/Illuminate/View/Middleware/ShareErrorsFromSession.php(48): Illuminate/Pipeline/Pipeline->Illuminate/Pipeline/{closure}(Object(Illuminate/Http/Request))
#25 C:/Users/Rahmat Eka/Peta-Interaktif/vendor/laravel/framework/src/Illuminate/Pipeline/Pipeline.php(219): Illuminate/View/Middleware/ShareErrorsFromSession->handle(Object(Illuminate/Http/Request), Object(Closure))
#26 C:/Users/Rahmat Eka/Peta-Interaktif/vendor/laravel/framework/src/Illuminate/Session/Middleware/StartSession.php(120): Illuminate/Pipeline/Pipeline->Illuminate/Pipeline/{closure}(Object(Illuminate/Http/Request))
#27 C:/Users/Rahmat Eka/Peta-Interaktif/vendor/laravel/framework/src/Illuminate/Session/Middleware/StartSession.php(63): Illuminate/Session/Middleware/StartSession->handleStatefulRequest(Object(Illuminate/Http/Request), Object(Illuminate/Session/Store), Object(Closure))
#28 C:/Users/Rahmat Eka/Peta-Interaktif/vendor/laravel/framework/src/Illuminate/Pipeline/Pipeline.php(219): Illuminate/Session/Middleware/StartSession->handle(Object(Illuminate/Http/Request), Object(Closure))
#29 C:/Users/Rahmat Eka/Peta-Interaktif/vendor/laravel/framework/src/Illuminate/Cookie/Middleware/AddQueuedCookiesToResponse.php(36): Illuminate/Pipeline/Pipeline->Illuminate/Pipeline/{closure}(Object(Illuminate/Http/Request))
#30 C:/Users/Rahmat Eka/Peta-Interaktif/vendor/laravel/framework/src/Illuminate/Pipeline/Pipeline.php(219): Illuminate/Cookie/Middleware/AddQueuedCookiesToResponse->handle(Object(Illuminate/Http/Request), Object(Closure))
#31 C:/Users/Rahmat Eka/Peta-Interaktif/vendor/laravel/framework/src/Illuminate/Cookie/Middleware/EncryptCookies.php(74): Illuminate/Pipeline/Pipeline->Illuminate/Pipeline/{closure}(Object(Illuminate/Http/Request))
#32 C:/Users/Rahmat Eka/Peta-Interaktif/vendor/laravel/framework/src/Illuminate/Pipeline/Pipeline.php(219): Illuminate/Cookie/Middleware/EncryptCookies->handle(Object(Illuminate/Http/Request), Object(Closure))
#33 C:/Users/Rahmat Eka/Peta-Interaktif/vendor/laravel/framework/src/Illuminate/Pipeline/Pipeline.php(137): Illuminate/Pipeline/Pipeline->Illuminate/Pipeline/{closure}(Object(Illuminate/Http/Request))
#34 C:/Users/Rahmat Eka/Peta-Interaktif/vendor/laravel/framework/src/Illuminate/Routing/Router.php(821): Illuminate/Pipeline/Pipeline->then(Object(Closure))
#35 C:/Users/Rahmat Eka/Peta-Interaktif/vendor/laravel/framework/src/Illuminate/Routing/Router.php(800): Illuminate/Routing/Router->runRouteWithinStack(Object(Illuminate/Routing/Route), Object(Illuminate/Http/Request))
#36 C:/Users/Rahmat Eka/Peta-Interaktif/vendor/laravel/framework/src/Illuminate/Routing/Router.php(764): Illuminate/Routing/Router->runRoute(Object(Illuminate/Http/Request), Object(Illuminate/Routing/Route))
#37 C:/Users/Rahmat Eka/Peta-Interaktif/vendor/laravel/framework/src/Illuminate/Routing/Router.php(753): Illuminate/Routing/Router->dispatchToRoute(Object(Illuminate/Http/Request))
#38 C:/Users/Rahmat Eka/Peta-Interaktif/vendor/laravel/framework/src/Illuminate/Foundation/Http/Kernel.php(200): Illuminate/Routing/Router->dispatch(Object(Illuminate/Http/Request))
#39 C:/Users/Rahmat Eka/Peta-Interaktif/vendor/laravel/framework/src/Illuminate/Pipeline/Pipeline.php(180): Illuminate/Foundation/Http/Kernel->Illuminate/Foundation/Http/{closure}(Object(Illuminate/Http/Request))
#40 C:/Users/Rahmat Eka/Peta-Interaktif/vendor/laravel/framework/src/Illuminate/Foundation/Http/Middleware/TransformsRequest.php(21): Illuminate/Pipeline/Pipeline->Illuminate/Pipeline/{closure}(Object(Illuminate/Http/Request))
#41 C:/Users/Rahmat Eka/Peta-Interaktif/vendor/laravel/framework/src/Illuminate/Foundation/Http/Middleware/ConvertEmptyStringsToNull.php(31): Illuminate/Foundation/Http/Middleware/TransformsRequest->handle(Object(Illuminate/Http/Request), Object(Closure))
#42 C:/Users/Rahmat Eka/Peta-Interaktif/vendor/laravel/framework/src/Illuminate/Pipeline/Pipeline.php(219): Illuminate/Foundation/Http/Middleware/ConvertEmptyStringsToNull->handle(Object(Illuminate/Http/Request), Object(Closure))
#43 C:/Users/Rahmat Eka/Peta-Interaktif/vendor/laravel/framework/src/Illuminate/Foundation/Http/Middleware/TransformsRequest.php(21): Illuminate/Pipeline/Pipeline->Illuminate/Pipeline/{closure}(Object(Illuminate/Http/Request))
#44 C:/Users/Rahmat Eka/Peta-Interaktif/vendor/laravel/framework/src/Illuminate/Foundation/Http/Middleware/TrimStrings.php(51): Illuminate/Foundation/Http/Middleware/TransformsRequest->handle(Object(Illuminate/Http/Request), Object(Closure))
#45 C:/Users/Rahmat Eka/Peta-Interaktif/vendor/laravel/framework/src/Illuminate/Pipeline/Pipeline.php(219): Illuminate/Foundation/Http/Middleware/TrimStrings->handle(Object(Illuminate/Http/Request), Object(Closure))
#46 C:/Users/Rahmat Eka/Peta-Interaktif/vendor/laravel/framework/src/Illuminate/Http/Middleware/ValidatePostSize.php(27): Illuminate/Pipeline/Pipeline->Illuminate/Pipeline/{closure}(Object(Illuminate/Http/Request))
#47 C:/Users/Rahmat Eka/Peta-Interaktif/vendor/laravel/framework/src/Illuminate/Pipeline/Pipeline.php(219): Illuminate/Http/Middleware/ValidatePostSize->handle(Object(Illuminate/Http/Request), Object(Closure))
#48 C:/Users/Rahmat Eka/Peta-Interaktif/vendor/laravel/framework/src/Illuminate/Foundation/Http/Middleware/PreventRequestsDuringMaintenance.php(109): Illuminate/Pipeline/Pipeline->Illuminate/Pipeline/{closure}(Object(Illuminate/Http/Request))
#49 C:/Users/Rahmat Eka/Peta-Interaktif/vendor/laravel/framework/src/Illuminate/Pipeline/Pipeline.php(219): Illuminate/Foundation/Http/Middleware/PreventRequestsDuringMaintenance->handle(Object(Illuminate/Http/Request), Object(Closure))
#50 C:/Users/Rahmat Eka/Peta-Interaktif/vendor/laravel/framework/src/Illuminate/Http/Middleware/HandleCors.php(61): Illuminate/Pipeline/Pipeline->Illuminate/Pipeline/{closure}(Object(Illuminate/Http/Request))
#51 C:/Users/Rahmat Eka/Peta-Interaktif/vendor/laravel/framework/src/Illuminate/Pipeline/Pipeline.php(219): Illuminate/Http/Middleware/HandleCors->handle(Object(Illuminate/Http/Request), Object(Closure))
#52 C:/Users/Rahmat Eka/Peta-Interaktif/vendor/laravel/framework/src/Illuminate/Http/Middleware/TrustProxies.php(58): Illuminate/Pipeline/Pipeline->Illuminate/Pipeline/{closure}(Object(Illuminate/Http/Request))
#53 C:/Users/Rahmat Eka/Peta-Interaktif/vendor/laravel/framework/src/Illuminate/Pipeline/Pipeline.php(219): Illuminate/Http/Middleware/TrustProxies->handle(Object(Illuminate/Http/Request), Object(Closure))
#54 C:/Users/Rahmat Eka/Peta-Interaktif/vendor/laravel/framework/src/Illuminate/Foundation/Http/Middleware/InvokeDeferredCallbacks.php(22): Illuminate/Pipeline/Pipeline->Illuminate/Pipeline/{closure}(Object(Illuminate/Http/Request))
#55 C:/Users/Rahmat Eka/Peta-Interaktif/vendor/laravel/framework/src/Illuminate/Pipeline/Pipeline.php(219): Illuminate/Foundation/Http/Middleware/InvokeDeferredCallbacks->handle(Object(Illuminate/Http/Request), Object(Closure))
#56 C:/Users/Rahmat Eka/Peta-Interaktif/vendor/laravel/framework/src/Illuminate/Http/Middleware/ValidatePathEncoding.php(26): Illuminate/Pipeline/Pipeline->Illuminate/Pipeline/{closure}(Object(Illuminate/Http/Request))
#57 C:/Users/Rahmat Eka/Peta-Interaktif/vendor/laravel/framework/src/Illuminate/Pipeline/Pipeline.php(219): Illuminate/Http/Middleware/ValidatePathEncoding->handle(Object(Illuminate/Http/Request), Object(Closure))
#58 C:/Users/Rahmat Eka/Peta-Interaktif/vendor/laravel/framework/src/Illuminate/Pipeline/Pipeline.php(137): Illuminate/Pipeline/Pipeline->Illuminate/Pipeline/{closure}(Object(Illuminate/Http/Request))
#59 C:/Users/Rahmat Eka/Peta-Interaktif/vendor/laravel/framework/src/Illuminate/Foundation/Http/Kernel.php(175): Illuminate/Pipeline/Pipeline->then(Object(Closure))
#60 C:/Users/Rahmat Eka/Peta-Interaktif/vendor/laravel/framework/src/Illuminate/Foundation/Http/Kernel.php(144): Illuminate/Foundation/Http/Kernel->sendRequestThroughRouter(Object(Illuminate/Http/Request))
#61 C:/Users/Rahmat Eka/Peta-Interaktif/vendor/laravel/framework/src/Illuminate/Foundation/Application.php(1220): Illuminate/Foundation/Http/Kernel->handle(Object(Illuminate/Http/Request))
#62 C:/Users/Rahmat Eka/Peta-Interaktif/public/index.php(18): Illuminate/Foundation/Application->handleRequest(Object(Illuminate/Http/Request))
#63 C:/Users/Rahmat Eka/Peta-Interaktif/vendor/laravel/framework/src/Illuminate/Foundation/resources/server.php(23): require_once('C://Users//Rahmat...')
#64 {main}
"} 
[2026-06-17 12:03:14] laravel.WARNING: Since symfony/http-foundation 7.4: Request::get() is deprecated, use properties ->attributes, query or request directly instead. in C:\Users\Rahmat Eka\Peta-Interaktif\vendor\symfony\deprecation-contracts\function.php on line 25  
[2026-06-17 12:03:14] laravel.EMERGENCY: Unable to create configured logger. Using emergency logger. {"exception":"[object] (InvalidArgumentException(code: 0): NullHandler must be an instance of Monolog\\Handler\\HandlerInterface at C:/Users/Rahmat Eka/Peta-Interaktif/vendor/laravel/framework/src/Illuminate/Log/LogManager.php:398)
[stacktrace]
#0 C:/Users/Rahmat Eka/Peta-Interaktif/vendor/laravel/framework/src/Illuminate/Log/LogManager.php(232): Illuminate/Log/LogManager->createMonologDriver(Array)
#1 C:/Users/Rahmat Eka/Peta-Interaktif/vendor/laravel/framework/src/Illuminate/Log/LogManager.php(138): Illuminate/Log/LogManager->resolve('deprecations', Array)
#2 C:/Users/Rahmat Eka/Peta-Interaktif/vendor/laravel/framework/src/Illuminate/Log/LogManager.php(125): Illuminate/Log/LogManager->get('deprecations')
#3 C:/Users/Rahmat Eka/Peta-Interaktif/vendor/laravel/framework/src/Illuminate/Log/LogManager.php(114): Illuminate/Log/LogManager->driver('deprecations')
#4 C:/Users/Rahmat Eka/Peta-Interaktif/vendor/laravel/framework/src/Illuminate/Foundation/Bootstrap/HandleExceptions.php(109): Illuminate/Log/LogManager->channel('deprecations')
#5 C:/Users/Rahmat Eka/Peta-Interaktif/vendor/laravel/framework/src/Illuminate/Foundation/Bootstrap/HandleExceptions.php(74): Illuminate/Foundation/Bootstrap/HandleExceptions->handleDeprecationError('Since symfony/h...', 'C://Users//Rahmat...', 25, 16384)
#6 C:/Users/Rahmat Eka/Peta-Interaktif/vendor/laravel/framework/src/Illuminate/Foundation/Bootstrap/HandleExceptions.php(262): Illuminate/Foundation/Bootstrap/HandleExceptions->handleError(16384, 'Since symfony/h...', 'C://Users//Rahmat...', 25)
#7 [internal function]: Illuminate/Foundation/Bootstrap/HandleExceptions->Illuminate/Foundation/Bootstrap/{closure}(16384, 'Since symfony/h...', 'C://Users//Rahmat...', 25)
#8 C:/Users/Rahmat Eka/Peta-Interaktif/vendor/symfony/deprecation-contracts/function.php(25): trigger_error('Since symfony/h...', 16384)
#9 C:/Users/Rahmat Eka/Peta-Interaktif/vendor/symfony/http-foundation/Request.php(754): trigger_deprecation('symfony/http-fo...', '7.4', 'Request::get() ...')
#10 C:/Users/Rahmat Eka/Peta-Interaktif/vendor/laravel/framework/src/Illuminate/Http/Request.php(441): Symfony/Component/HttpFoundation/Request->get('search', NULL)
#11 C:/Users/Rahmat Eka/Peta-Interaktif/app/Http/Controllers/Admin/ManageUsersController.php(16): Illuminate/Http/Request->get('search')
#12 C:/Users/Rahmat Eka/Peta-Interaktif/vendor/laravel/framework/src/Illuminate/Routing/Controller.php(54): App/Http/Controllers/Admin/ManageUsersController->index(Object(Illuminate/Http/Request))
#13 C:/Users/Rahmat Eka/Peta-Interaktif/vendor/laravel/framework/src/Illuminate/Routing/ControllerDispatcher.php(43): Illuminate/Routing/Controller->callAction('index', Array)
#14 C:/Users/Rahmat Eka/Peta-Interaktif/vendor/laravel/framework/src/Illuminate/Routing/Route.php(265): Illuminate/Routing/ControllerDispatcher->dispatch(Object(Illuminate/Routing/Route), Object(App/Http/Controllers/Admin/ManageUsersController), 'index')
#15 C:/Users/Rahmat Eka/Peta-Interaktif/vendor/laravel/framework/src/Illuminate/Routing/Route.php(211): Illuminate/Routing/Route->runController()
#16 C:/Users/Rahmat Eka/Peta-Interaktif/vendor/laravel/framework/src/Illuminate/Routing/Router.php(822): Illuminate/Routing/Route->run()
#17 C:/Users/Rahmat Eka/Peta-Interaktif/vendor/laravel/framework/src/Illuminate/Pipeline/Pipeline.php(180): Illuminate/Routing/Router->Illuminate/Routing/{closure}(Object(Illuminate/Http/Request))
#18 C:/Users/Rahmat Eka/Peta-Interaktif/vendor/laravel/framework/src/Illuminate/Routing/Middleware/SubstituteBindings.php(50): Illuminate/Pipeline/Pipeline->Illuminate/Pipeline/{closure}(Object(Illuminate/Http/Request))
#19 C:/Users/Rahmat Eka/Peta-Interaktif/vendor/laravel/framework/src/Illuminate/Pipeline/Pipeline.php(219): Illuminate/Routing/Middleware/SubstituteBindings->handle(Object(Illuminate/Http/Request), Object(Closure))
#20 C:/Users/Rahmat Eka/Peta-Interaktif/vendor/laravel/framework/src/Illuminate/Auth/Middleware/Authenticate.php(63): Illuminate/Pipeline/Pipeline->Illuminate/Pipeline/{closure}(Object(Illuminate/Http/Request))
#21 C:/Users/Rahmat Eka/Peta-Interaktif/vendor/laravel/framework/src/Illuminate/Pipeline/Pipeline.php(219): Illuminate/Auth/Middleware/Authenticate->handle(Object(Illuminate/Http/Request), Object(Closure), 'admin')
#22 C:/Users/Rahmat Eka/Peta-Interaktif/vendor/laravel/framework/src/Illuminate/Foundation/Http/Middleware/VerifyCsrfToken.php(87): Illuminate/Pipeline/Pipeline->Illuminate/Pipeline/{closure}(Object(Illuminate/Http/Request))
#23 C:/Users/Rahmat Eka/Peta-Interaktif/vendor/laravel/framework/src/Illuminate/Pipeline/Pipeline.php(219): Illuminate/Foundation/Http/Middleware/VerifyCsrfToken->handle(Object(Illuminate/Http/Request), Object(Closure))
#24 C:/Users/Rahmat Eka/Peta-Interaktif/vendor/laravel/framework/src/Illuminate/View/Middleware/ShareErrorsFromSession.php(48): Illuminate/Pipeline/Pipeline->Illuminate/Pipeline/{closure}(Object(Illuminate/Http/Request))
#25 C:/Users/Rahmat Eka/Peta-Interaktif/vendor/laravel/framework/src/Illuminate/Pipeline/Pipeline.php(219): Illuminate/View/Middleware/ShareErrorsFromSession->handle(Object(Illuminate/Http/Request), Object(Closure))
#26 C:/Users/Rahmat Eka/Peta-Interaktif/vendor/laravel/framework/src/Illuminate/Session/Middleware/StartSession.php(120): Illuminate/Pipeline/Pipeline->Illuminate/Pipeline/{closure}(Object(Illuminate/Http/Request))
#27 C:/Users/Rahmat Eka/Peta-Interaktif/vendor/laravel/framework/src/Illuminate/Session/Middleware/StartSession.php(63): Illuminate/Session/Middleware/StartSession->handleStatefulRequest(Object(Illuminate/Http/Request), Object(Illuminate/Session/Store), Object(Closure))
#28 C:/Users/Rahmat Eka/Peta-Interaktif/vendor/laravel/framework/src/Illuminate/Pipeline/Pipeline.php(219): Illuminate/Session/Middleware/StartSession->handle(Object(Illuminate/Http/Request), Object(Closure))
#29 C:/Users/Rahmat Eka/Peta-Interaktif/vendor/laravel/framework/src/Illuminate/Cookie/Middleware/AddQueuedCookiesToResponse.php(36): Illuminate/Pipeline/Pipeline->Illuminate/Pipeline/{closure}(Object(Illuminate/Http/Request))
#30 C:/Users/Rahmat Eka/Peta-Interaktif/vendor/laravel/framework/src/Illuminate/Pipeline/Pipeline.php(219): Illuminate/Cookie/Middleware/AddQueuedCookiesToResponse->handle(Object(Illuminate/Http/Request), Object(Closure))
#31 C:/Users/Rahmat Eka/Peta-Interaktif/vendor/laravel/framework/src/Illuminate/Cookie/Middleware/EncryptCookies.php(74): Illuminate/Pipeline/Pipeline->Illuminate/Pipeline/{closure}(Object(Illuminate/Http/Request))
#32 C:/Users/Rahmat Eka/Peta-Interaktif/vendor/laravel/framework/src/Illuminate/Pipeline/Pipeline.php(219): Illuminate/Cookie/Middleware/EncryptCookies->handle(Object(Illuminate/Http/Request), Object(Closure))
#33 C:/Users/Rahmat Eka/Peta-Interaktif/vendor/laravel/framework/src/Illuminate/Pipeline/Pipeline.php(137): Illuminate/Pipeline/Pipeline->Illuminate/Pipeline/{closure}(Object(Illuminate/Http/Request))
#34 C:/Users/Rahmat Eka/Peta-Interaktif/vendor/laravel/framework/src/Illuminate/Routing/Router.php(821): Illuminate/Pipeline/Pipeline->then(Object(Closure))
#35 C:/Users/Rahmat Eka/Peta-Interaktif/vendor/laravel/framework/src/Illuminate/Routing/Router.php(800): Illuminate/Routing/Router->runRouteWithinStack(Object(Illuminate/Routing/Route), Object(Illuminate/Http/Request))
#36 C:/Users/Rahmat Eka/Peta-Interaktif/vendor/laravel/framework/src/Illuminate/Routing/Router.php(764): Illuminate/Routing/Router->runRoute(Object(Illuminate/Http/Request), Object(Illuminate/Routing/Route))
#37 C:/Users/Rahmat Eka/Peta-Interaktif/vendor/laravel/framework/src/Illuminate/Routing/Router.php(753): Illuminate/Routing/Router->dispatchToRoute(Object(Illuminate/Http/Request))
#38 C:/Users/Rahmat Eka/Peta-Interaktif/vendor/laravel/framework/src/Illuminate/Foundation/Http/Kernel.php(200): Illuminate/Routing/Router->dispatch(Object(Illuminate/Http/Request))
#39 C:/Users/Rahmat Eka/Peta-Interaktif/vendor/laravel/framework/src/Illuminate/Pipeline/Pipeline.php(180): Illuminate/Foundation/Http/Kernel->Illuminate/Foundation/Http/{closure}(Object(Illuminate/Http/Request))
#40 C:/Users/Rahmat Eka/Peta-Interaktif/vendor/laravel/framework/src/Illuminate/Foundation/Http/Middleware/TransformsRequest.php(21): Illuminate/Pipeline/Pipeline->Illuminate/Pipeline/{closure}(Object(Illuminate/Http/Request))
#41 C:/Users/Rahmat Eka/Peta-Interaktif/vendor/laravel/framework/src/Illuminate/Foundation/Http/Middleware/ConvertEmptyStringsToNull.php(31): Illuminate/Foundation/Http/Middleware/TransformsRequest->handle(Object(Illuminate/Http/Request), Object(Closure))
#42 C:/Users/Rahmat Eka/Peta-Interaktif/vendor/laravel/framework/src/Illuminate/Pipeline/Pipeline.php(219): Illuminate/Foundation/Http/Middleware/ConvertEmptyStringsToNull->handle(Object(Illuminate/Http/Request), Object(Closure))
#43 C:/Users/Rahmat Eka/Peta-Interaktif/vendor/laravel/framework/src/Illuminate/Foundation/Http/Middleware/TransformsRequest.php(21): Illuminate/Pipeline/Pipeline->Illuminate/Pipeline/{closure}(Object(Illuminate/Http/Request))
#44 C:/Users/Rahmat Eka/Peta-Interaktif/vendor/laravel/framework/src/Illuminate/Foundation/Http/Middleware/TrimStrings.php(51): Illuminate/Foundation/Http/Middleware/TransformsRequest->handle(Object(Illuminate/Http/Request), Object(Closure))
#45 C:/Users/Rahmat Eka/Peta-Interaktif/vendor/laravel/framework/src/Illuminate/Pipeline/Pipeline.php(219): Illuminate/Foundation/Http/Middleware/TrimStrings->handle(Object(Illuminate/Http/Request), Object(Closure))
#46 C:/Users/Rahmat Eka/Peta-Interaktif/vendor/laravel/framework/src/Illuminate/Http/Middleware/ValidatePostSize.php(27): Illuminate/Pipeline/Pipeline->Illuminate/Pipeline/{closure}(Object(Illuminate/Http/Request))
#47 C:/Users/Rahmat Eka/Peta-Interaktif/vendor/laravel/framework/src/Illuminate/Pipeline/Pipeline.php(219): Illuminate/Http/Middleware/ValidatePostSize->handle(Object(Illuminate/Http/Request), Object(Closure))
#48 C:/Users/Rahmat Eka/Peta-Interaktif/vendor/laravel/framework/src/Illuminate/Foundation/Http/Middleware/PreventRequestsDuringMaintenance.php(109): Illuminate/Pipeline/Pipeline->Illuminate/Pipeline/{closure}(Object(Illuminate/Http/Request))
#49 C:/Users/Rahmat Eka/Peta-Interaktif/vendor/laravel/framework/src/Illuminate/Pipeline/Pipeline.php(219): Illuminate/Foundation/Http/Middleware/PreventRequestsDuringMaintenance->handle(Object(Illuminate/Http/Request), Object(Closure))
#50 C:/Users/Rahmat Eka/Peta-Interaktif/vendor/laravel/framework/src/Illuminate/Http/Middleware/HandleCors.php(61): Illuminate/Pipeline/Pipeline->Illuminate/Pipeline/{closure}(Object(Illuminate/Http/Request))
#51 C:/Users/Rahmat Eka/Peta-Interaktif/vendor/laravel/framework/src/Illuminate/Pipeline/Pipeline.php(219): Illuminate/Http/Middleware/HandleCors->handle(Object(Illuminate/Http/Request), Object(Closure))
#52 C:/Users/Rahmat Eka/Peta-Interaktif/vendor/laravel/framework/src/Illuminate/Http/Middleware/TrustProxies.php(58): Illuminate/Pipeline/Pipeline->Illuminate/Pipeline/{closure}(Object(Illuminate/Http/Request))
#53 C:/Users/Rahmat Eka/Peta-Interaktif/vendor/laravel/framework/src/Illuminate/Pipeline/Pipeline.php(219): Illuminate/Http/Middleware/TrustProxies->handle(Object(Illuminate/Http/Request), Object(Closure))
#54 C:/Users/Rahmat Eka/Peta-Interaktif/vendor/laravel/framework/src/Illuminate/Foundation/Http/Middleware/InvokeDeferredCallbacks.php(22): Illuminate/Pipeline/Pipeline->Illuminate/Pipeline/{closure}(Object(Illuminate/Http/Request))
#55 C:/Users/Rahmat Eka/Peta-Interaktif/vendor/laravel/framework/src/Illuminate/Pipeline/Pipeline.php(219): Illuminate/Foundation/Http/Middleware/InvokeDeferredCallbacks->handle(Object(Illuminate/Http/Request), Object(Closure))
#56 C:/Users/Rahmat Eka/Peta-Interaktif/vendor/laravel/framework/src/Illuminate/Http/Middleware/ValidatePathEncoding.php(26): Illuminate/Pipeline/Pipeline->Illuminate/Pipeline/{closure}(Object(Illuminate/Http/Request))
#57 C:/Users/Rahmat Eka/Peta-Interaktif/vendor/laravel/framework/src/Illuminate/Pipeline/Pipeline.php(219): Illuminate/Http/Middleware/ValidatePathEncoding->handle(Object(Illuminate/Http/Request), Object(Closure))
#58 C:/Users/Rahmat Eka/Peta-Interaktif/vendor/laravel/framework/src/Illuminate/Pipeline/Pipeline.php(137): Illuminate/Pipeline/Pipeline->Illuminate/Pipeline/{closure}(Object(Illuminate/Http/Request))
#59 C:/Users/Rahmat Eka/Peta-Interaktif/vendor/laravel/framework/src/Illuminate/Foundation/Http/Kernel.php(175): Illuminate/Pipeline/Pipeline->then(Object(Closure))
#60 C:/Users/Rahmat Eka/Peta-Interaktif/vendor/laravel/framework/src/Illuminate/Foundation/Http/Kernel.php(144): Illuminate/Foundation/Http/Kernel->sendRequestThroughRouter(Object(Illuminate/Http/Request))
#61 C:/Users/Rahmat Eka/Peta-Interaktif/vendor/laravel/framework/src/Illuminate/Foundation/Application.php(1220): Illuminate/Foundation/Http/Kernel->handle(Object(Illuminate/Http/Request))
#62 C:/Users/Rahmat Eka/Peta-Interaktif/public/index.php(18): Illuminate/Foundation/Application->handleRequest(Object(Illuminate/Http/Request))
#63 C:/Users/Rahmat Eka/Peta-Interaktif/vendor/laravel/framework/src/Illuminate/Foundation/resources/server.php(23): require_once('C://Users//Rahmat...')
#64 {main}
"} 
[2026-06-17 12:03:14] laravel.WARNING: Since symfony/http-foundation 7.4: Request::get() is deprecated, use properties ->attributes, query or request directly instead. in C:\Users\Rahmat Eka\Peta-Interaktif\vendor\symfony\deprecation-contracts\function.php on line 25  
[2026-06-17 12:03:50] laravel.EMERGENCY: Unable to create configured logger. Using emergency logger. {"exception":"[object] (InvalidArgumentException(code: 0): NullHandler must be an instance of Monolog\\Handler\\HandlerInterface at C:/Users/Rahmat Eka/Peta-Interaktif/vendor/laravel/framework/src/Illuminate/Log/LogManager.php:398)
[stacktrace]
#0 C:/Users/Rahmat Eka/Peta-Interaktif/vendor/laravel/framework/src/Illuminate/Log/LogManager.php(232): Illuminate/Log/LogManager->createMonologDriver(Array)
#1 C:/Users/Rahmat Eka/Peta-Interaktif/vendor/laravel/framework/src/Illuminate/Log/LogManager.php(138): Illuminate/Log/LogManager->resolve('deprecations', Array)
#2 C:/Users/Rahmat Eka/Peta-Interaktif/vendor/laravel/framework/src/Illuminate/Log/LogManager.php(125): Illuminate/Log/LogManager->get('deprecations')
#3 C:/Users/Rahmat Eka/Peta-Interaktif/vendor/laravel/framework/src/Illuminate/Log/LogManager.php(114): Illuminate/Log/LogManager->driver('deprecations')
#4 C:/Users/Rahmat Eka/Peta-Interaktif/vendor/laravel/framework/src/Illuminate/Foundation/Bootstrap/HandleExceptions.php(109): Illuminate/Log/LogManager->channel('deprecations')
#5 C:/Users/Rahmat Eka/Peta-Interaktif/vendor/laravel/framework/src/Illuminate/Foundation/Bootstrap/HandleExceptions.php(74): Illuminate/Foundation/Bootstrap/HandleExceptions->handleDeprecationError('Since symfony/h...', 'C://Users//Rahmat...', 25, 16384)
#6 C:/Users/Rahmat Eka/Peta-Interaktif/vendor/laravel/framework/src/Illuminate/Foundation/Bootstrap/HandleExceptions.php(262): Illuminate/Foundation/Bootstrap/HandleExceptions->handleError(16384, 'Since symfony/h...', 'C://Users//Rahmat...', 25)
#7 [internal function]: Illuminate/Foundation/Bootstrap/HandleExceptions->Illuminate/Foundation/Bootstrap/{closure}(16384, 'Since symfony/h...', 'C://Users//Rahmat...', 25)
#8 C:/Users/Rahmat Eka/Peta-Interaktif/vendor/symfony/deprecation-contracts/function.php(25): trigger_error('Since symfony/h...', 16384)
#9 C:/Users/Rahmat Eka/Peta-Interaktif/vendor/symfony/http-foundation/Request.php(754): trigger_deprecation('symfony/http-fo...', '7.4', 'Request::get() ...')
#10 C:/Users/Rahmat Eka/Peta-Interaktif/vendor/laravel/framework/src/Illuminate/Http/Request.php(441): Symfony/Component/HttpFoundation/Request->get('tab', 'masyarakat')
#11 C:/Users/Rahmat Eka/Peta-Interaktif/app/Http/Controllers/Admin/ManageUsersController.php(15): Illuminate/Http/Request->get('tab', 'masyarakat')
#12 C:/Users/Rahmat Eka/Peta-Interaktif/vendor/laravel/framework/src/Illuminate/Routing/Controller.php(54): App/Http/Controllers/Admin/ManageUsersController->index(Object(Illuminate/Http/Request))
#13 C:/Users/Rahmat Eka/Peta-Interaktif/vendor/laravel/framework/src/Illuminate/Routing/ControllerDispatcher.php(43): Illuminate/Routing/Controller->callAction('index', Array)
#14 C:/Users/Rahmat Eka/Peta-Interaktif/vendor/laravel/framework/src/Illuminate/Routing/Route.php(265): Illuminate/Routing/ControllerDispatcher->dispatch(Object(Illuminate/Routing/Route), Object(App/Http/Controllers/Admin/ManageUsersController), 'index')
#15 C:/Users/Rahmat Eka/Peta-Interaktif/vendor/laravel/framework/src/Illuminate/Routing/Route.php(211): Illuminate/Routing/Route->runController()
#16 C:/Users/Rahmat Eka/Peta-Interaktif/vendor/laravel/framework/src/Illuminate/Routing/Router.php(822): Illuminate/Routing/Route->run()
#17 C:/Users/Rahmat Eka/Peta-Interaktif/vendor/laravel/framework/src/Illuminate/Pipeline/Pipeline.php(180): Illuminate/Routing/Router->Illuminate/Routing/{closure}(Object(Illuminate/Http/Request))
#18 C:/Users/Rahmat Eka/Peta-Interaktif/vendor/laravel/framework/src/Illuminate/Routing/Middleware/SubstituteBindings.php(50): Illuminate/Pipeline/Pipeline->Illuminate/Pipeline/{closure}(Object(Illuminate/Http/Request))
#19 C:/Users/Rahmat Eka/Peta-Interaktif/vendor/laravel/framework/src/Illuminate/Pipeline/Pipeline.php(219): Illuminate/Routing/Middleware/SubstituteBindings->handle(Object(Illuminate/Http/Request), Object(Closure))
#20 C:/Users/Rahmat Eka/Peta-Interaktif/vendor/laravel/framework/src/Illuminate/Auth/Middleware/Authenticate.php(63): Illuminate/Pipeline/Pipeline->Illuminate/Pipeline/{closure}(Object(Illuminate/Http/Request))
#21 C:/Users/Rahmat Eka/Peta-Interaktif/vendor/laravel/framework/src/Illuminate/Pipeline/Pipeline.php(219): Illuminate/Auth/Middleware/Authenticate->handle(Object(Illuminate/Http/Request), Object(Closure), 'admin')
#22 C:/Users/Rahmat Eka/Peta-Interaktif/vendor/laravel/framework/src/Illuminate/Foundation/Http/Middleware/VerifyCsrfToken.php(87): Illuminate/Pipeline/Pipeline->Illuminate/Pipeline/{closure}(Object(Illuminate/Http/Request))
#23 C:/Users/Rahmat Eka/Peta-Interaktif/vendor/laravel/framework/src/Illuminate/Pipeline/Pipeline.php(219): Illuminate/Foundation/Http/Middleware/VerifyCsrfToken->handle(Object(Illuminate/Http/Request), Object(Closure))
#24 C:/Users/Rahmat Eka/Peta-Interaktif/vendor/laravel/framework/src/Illuminate/View/Middleware/ShareErrorsFromSession.php(48): Illuminate/Pipeline/Pipeline->Illuminate/Pipeline/{closure}(Object(Illuminate/Http/Request))
#25 C:/Users/Rahmat Eka/Peta-Interaktif/vendor/laravel/framework/src/Illuminate/Pipeline/Pipeline.php(219): Illuminate/View/Middleware/ShareErrorsFromSession->handle(Object(Illuminate/Http/Request), Object(Closure))
#26 C:/Users/Rahmat Eka/Peta-Interaktif/vendor/laravel/framework/src/Illuminate/Session/Middleware/StartSession.php(120): Illuminate/Pipeline/Pipeline->Illuminate/Pipeline/{closure}(Object(Illuminate/Http/Request))
#27 C:/Users/Rahmat Eka/Peta-Interaktif/vendor/laravel/framework/src/Illuminate/Session/Middleware/StartSession.php(63): Illuminate/Session/Middleware/StartSession->handleStatefulRequest(Object(Illuminate/Http/Request), Object(Illuminate/Session/Store), Object(Closure))
#28 C:/Users/Rahmat Eka/Peta-Interaktif/vendor/laravel/framework/src/Illuminate/Pipeline/Pipeline.php(219): Illuminate/Session/Middleware/StartSession->handle(Object(Illuminate/Http/Request), Object(Closure))
#29 C:/Users/Rahmat Eka/Peta-Interaktif/vendor/laravel/framework/src/Illuminate/Cookie/Middleware/AddQueuedCookiesToResponse.php(36): Illuminate/Pipeline/Pipeline->Illuminate/Pipeline/{closure}(Object(Illuminate/Http/Request))
#30 C:/Users/Rahmat Eka/Peta-Interaktif/vendor/laravel/framework/src/Illuminate/Pipeline/Pipeline.php(219): Illuminate/Cookie/Middleware/AddQueuedCookiesToResponse->handle(Object(Illuminate/Http/Request), Object(Closure))
#31 C:/Users/Rahmat Eka/Peta-Interaktif/vendor/laravel/framework/src/Illuminate/Cookie/Middleware/EncryptCookies.php(74): Illuminate/Pipeline/Pipeline->Illuminate/Pipeline/{closure}(Object(Illuminate/Http/Request))
#32 C:/Users/Rahmat Eka/Peta-Interaktif/vendor/laravel/framework/src/Illuminate/Pipeline/Pipeline.php(219): Illuminate/Cookie/Middleware/EncryptCookies->handle(Object(Illuminate/Http/Request), Object(Closure))
#33 C:/Users/Rahmat Eka/Peta-Interaktif/vendor/laravel/framework/src/Illuminate/Pipeline/Pipeline.php(137): Illuminate/Pipeline/Pipeline->Illuminate/Pipeline/{closure}(Object(Illuminate/Http/Request))
#34 C:/Users/Rahmat Eka/Peta-Interaktif/vendor/laravel/framework/src/Illuminate/Routing/Router.php(821): Illuminate/Pipeline/Pipeline->then(Object(Closure))
#35 C:/Users/Rahmat Eka/Peta-Interaktif/vendor/laravel/framework/src/Illuminate/Routing/Router.php(800): Illuminate/Routing/Router->runRouteWithinStack(Object(Illuminate/Routing/Route), Object(Illuminate/Http/Request))
#36 C:/Users/Rahmat Eka/Peta-Interaktif/vendor/laravel/framework/src/Illuminate/Routing/Router.php(764): Illuminate/Routing/Router->runRoute(Object(Illuminate/Http/Request), Object(Illuminate/Routing/Route))
#37 C:/Users/Rahmat Eka/Peta-Interaktif/vendor/laravel/framework/src/Illuminate/Routing/Router.php(753): Illuminate/Routing/Router->dispatchToRoute(Object(Illuminate/Http/Request))
#38 C:/Users/Rahmat Eka/Peta-Interaktif/vendor/laravel/framework/src/Illuminate/Foundation/Http/Kernel.php(200): Illuminate/Routing/Router->dispatch(Object(Illuminate/Http/Request))
#39 C:/Users/Rahmat Eka/Peta-Interaktif/vendor/laravel/framework/src/Illuminate/Pipeline/Pipeline.php(180): Illuminate/Foundation/Http/Kernel->Illuminate/Foundation/Http/{closure}(Object(Illuminate/Http/Request))
#40 C:/Users/Rahmat Eka/Peta-Interaktif/vendor/laravel/framework/src/Illuminate/Foundation/Http/Middleware/TransformsRequest.php(21): Illuminate/Pipeline/Pipeline->Illuminate/Pipeline/{closure}(Object(Illuminate/Http/Request))
#41 C:/Users/Rahmat Eka/Peta-Interaktif/vendor/laravel/framework/src/Illuminate/Foundation/Http/Middleware/ConvertEmptyStringsToNull.php(31): Illuminate/Foundation/Http/Middleware/TransformsRequest->handle(Object(Illuminate/Http/Request), Object(Closure))
#42 C:/Users/Rahmat Eka/Peta-Interaktif/vendor/laravel/framework/src/Illuminate/Pipeline/Pipeline.php(219): Illuminate/Foundation/Http/Middleware/ConvertEmptyStringsToNull->handle(Object(Illuminate/Http/Request), Object(Closure))
#43 C:/Users/Rahmat Eka/Peta-Interaktif/vendor/laravel/framework/src/Illuminate/Foundation/Http/Middleware/TransformsRequest.php(21): Illuminate/Pipeline/Pipeline->Illuminate/Pipeline/{closure}(Object(Illuminate/Http/Request))
#44 C:/Users/Rahmat Eka/Peta-Interaktif/vendor/laravel/framework/src/Illuminate/Foundation/Http/Middleware/TrimStrings.php(51): Illuminate/Foundation/Http/Middleware/TransformsRequest->handle(Object(Illuminate/Http/Request), Object(Closure))
#45 C:/Users/Rahmat Eka/Peta-Interaktif/vendor/laravel/framework/src/Illuminate/Pipeline/Pipeline.php(219): Illuminate/Foundation/Http/Middleware/TrimStrings->handle(Object(Illuminate/Http/Request), Object(Closure))
#46 C:/Users/Rahmat Eka/Peta-Interaktif/vendor/laravel/framework/src/Illuminate/Http/Middleware/ValidatePostSize.php(27): Illuminate/Pipeline/Pipeline->Illuminate/Pipeline/{closure}(Object(Illuminate/Http/Request))
#47 C:/Users/Rahmat Eka/Peta-Interaktif/vendor/laravel/framework/src/Illuminate/Pipeline/Pipeline.php(219): Illuminate/Http/Middleware/ValidatePostSize->handle(Object(Illuminate/Http/Request), Object(Closure))
#48 C:/Users/Rahmat Eka/Peta-Interaktif/vendor/laravel/framework/src/Illuminate/Foundation/Http/Middleware/PreventRequestsDuringMaintenance.php(109): Illuminate/Pipeline/Pipeline->Illuminate/Pipeline/{closure}(Object(Illuminate/Http/Request))
#49 C:/Users/Rahmat Eka/Peta-Interaktif/vendor/laravel/framework/src/Illuminate/Pipeline/Pipeline.php(219): Illuminate/Foundation/Http/Middleware/PreventRequestsDuringMaintenance->handle(Object(Illuminate/Http/Request), Object(Closure))
#50 C:/Users/Rahmat Eka/Peta-Interaktif/vendor/laravel/framework/src/Illuminate/Http/Middleware/HandleCors.php(61): Illuminate/Pipeline/Pipeline->Illuminate/Pipeline/{closure}(Object(Illuminate/Http/Request))
#51 C:/Users/Rahmat Eka/Peta-Interaktif/vendor/laravel/framework/src/Illuminate/Pipeline/Pipeline.php(219): Illuminate/Http/Middleware/HandleCors->handle(Object(Illuminate/Http/Request), Object(Closure))
#52 C:/Users/Rahmat Eka/Peta-Interaktif/vendor/laravel/framework/src/Illuminate/Http/Middleware/TrustProxies.php(58): Illuminate/Pipeline/Pipeline->Illuminate/Pipeline/{closure}(Object(Illuminate/Http/Request))
#53 C:/Users/Rahmat Eka/Peta-Interaktif/vendor/laravel/framework/src/Illuminate/Pipeline/Pipeline.php(219): Illuminate/Http/Middleware/TrustProxies->handle(Object(Illuminate/Http/Request), Object(Closure))
#54 C:/Users/Rahmat Eka/Peta-Interaktif/vendor/laravel/framework/src/Illuminate/Foundation/Http/Middleware/InvokeDeferredCallbacks.php(22): Illuminate/Pipeline/Pipeline->Illuminate/Pipeline/{closure}(Object(Illuminate/Http/Request))
#55 C:/Users/Rahmat Eka/Peta-Interaktif/vendor/laravel/framework/src/Illuminate/Pipeline/Pipeline.php(219): Illuminate/Foundation/Http/Middleware/InvokeDeferredCallbacks->handle(Object(Illuminate/Http/Request), Object(Closure))
#56 C:/Users/Rahmat Eka/Peta-Interaktif/vendor/laravel/framework/src/Illuminate/Http/Middleware/ValidatePathEncoding.php(26): Illuminate/Pipeline/Pipeline->Illuminate/Pipeline/{closure}(Object(Illuminate/Http/Request))
#57 C:/Users/Rahmat Eka/Peta-Interaktif/vendor/laravel/framework/src/Illuminate/Pipeline/Pipeline.php(219): Illuminate/Http/Middleware/ValidatePathEncoding->handle(Object(Illuminate/Http/Request), Object(Closure))
#58 C:/Users/Rahmat Eka/Peta-Interaktif/vendor/laravel/framework/src/Illuminate/Pipeline/Pipeline.php(137): Illuminate/Pipeline/Pipeline->Illuminate/Pipeline/{closure}(Object(Illuminate/Http/Request))
#59 C:/Users/Rahmat Eka/Peta-Interaktif/vendor/laravel/framework/src/Illuminate/Foundation/Http/Kernel.php(175): Illuminate/Pipeline/Pipeline->then(Object(Closure))
#60 C:/Users/Rahmat Eka/Peta-Interaktif/vendor/laravel/framework/src/Illuminate/Foundation/Http/Kernel.php(144): Illuminate/Foundation/Http/Kernel->sendRequestThroughRouter(Object(Illuminate/Http/Request))
#61 C:/Users/Rahmat Eka/Peta-Interaktif/vendor/laravel/framework/src/Illuminate/Foundation/Application.php(1220): Illuminate/Foundation/Http/Kernel->handle(Object(Illuminate/Http/Request))
#62 C:/Users/Rahmat Eka/Peta-Interaktif/public/index.php(18): Illuminate/Foundation/Application->handleRequest(Object(Illuminate/Http/Request))
#63 C:/Users/Rahmat Eka/Peta-Interaktif/vendor/laravel/framework/src/Illuminate/Foundation/resources/server.php(23): require_once('C://Users//Rahmat...')
#64 {main}
"} 
[2026-06-17 12:03:50] laravel.WARNING: Since symfony/http-foundation 7.4: Request::get() is deprecated, use properties ->attributes, query or request directly instead. in C:\Users\Rahmat Eka\Peta-Interaktif\vendor\symfony\deprecation-contracts\function.php on line 25  
[2026-06-17 12:03:50] laravel.EMERGENCY: Unable to create configured logger. Using emergency logger. {"exception":"[object] (InvalidArgumentException(code: 0): NullHandler must be an instance of Monolog\\Handler\\HandlerInterface at C:/Users/Rahmat Eka/Peta-Interaktif/vendor/laravel/framework/src/Illuminate/Log/LogManager.php:398)
[stacktrace]
#0 C:/Users/Rahmat Eka/Peta-Interaktif/vendor/laravel/framework/src/Illuminate/Log/LogManager.php(232): Illuminate/Log/LogManager->createMonologDriver(Array)
#1 C:/Users/Rahmat Eka/Peta-Interaktif/vendor/laravel/framework/src/Illuminate/Log/LogManager.php(138): Illuminate/Log/LogManager->resolve('deprecations', Array)
#2 C:/Users/Rahmat Eka/Peta-Interaktif/vendor/laravel/framework/src/Illuminate/Log/LogManager.php(125): Illuminate/Log/LogManager->get('deprecations')
#3 C:/Users/Rahmat Eka/Peta-Interaktif/vendor/laravel/framework/src/Illuminate/Log/LogManager.php(114): Illuminate/Log/LogManager->driver('deprecations')
#4 C:/Users/Rahmat Eka/Peta-Interaktif/vendor/laravel/framework/src/Illuminate/Foundation/Bootstrap/HandleExceptions.php(109): Illuminate/Log/LogManager->channel('deprecations')
#5 C:/Users/Rahmat Eka/Peta-Interaktif/vendor/laravel/framework/src/Illuminate/Foundation/Bootstrap/HandleExceptions.php(74): Illuminate/Foundation/Bootstrap/HandleExceptions->handleDeprecationError('Since symfony/h...', 'C://Users//Rahmat...', 25, 16384)
#6 C:/Users/Rahmat Eka/Peta-Interaktif/vendor/laravel/framework/src/Illuminate/Foundation/Bootstrap/HandleExceptions.php(262): Illuminate/Foundation/Bootstrap/HandleExceptions->handleError(16384, 'Since symfony/h...', 'C://Users//Rahmat...', 25)
#7 [internal function]: Illuminate/Foundation/Bootstrap/HandleExceptions->Illuminate/Foundation/Bootstrap/{closure}(16384, 'Since symfony/h...', 'C://Users//Rahmat...', 25)
#8 C:/Users/Rahmat Eka/Peta-Interaktif/vendor/symfony/deprecation-contracts/function.php(25): trigger_error('Since symfony/h...', 16384)
#9 C:/Users/Rahmat Eka/Peta-Interaktif/vendor/symfony/http-foundation/Request.php(754): trigger_deprecation('symfony/http-fo...', '7.4', 'Request::get() ...')
#10 C:/Users/Rahmat Eka/Peta-Interaktif/vendor/laravel/framework/src/Illuminate/Http/Request.php(441): Symfony/Component/HttpFoundation/Request->get('search', NULL)
#11 C:/Users/Rahmat Eka/Peta-Interaktif/app/Http/Controllers/Admin/ManageUsersController.php(16): Illuminate/Http/Request->get('search')
#12 C:/Users/Rahmat Eka/Peta-Interaktif/vendor/laravel/framework/src/Illuminate/Routing/Controller.php(54): App/Http/Controllers/Admin/ManageUsersController->index(Object(Illuminate/Http/Request))
#13 C:/Users/Rahmat Eka/Peta-Interaktif/vendor/laravel/framework/src/Illuminate/Routing/ControllerDispatcher.php(43): Illuminate/Routing/Controller->callAction('index', Array)
#14 C:/Users/Rahmat Eka/Peta-Interaktif/vendor/laravel/framework/src/Illuminate/Routing/Route.php(265): Illuminate/Routing/ControllerDispatcher->dispatch(Object(Illuminate/Routing/Route), Object(App/Http/Controllers/Admin/ManageUsersController), 'index')
#15 C:/Users/Rahmat Eka/Peta-Interaktif/vendor/laravel/framework/src/Illuminate/Routing/Route.php(211): Illuminate/Routing/Route->runController()
#16 C:/Users/Rahmat Eka/Peta-Interaktif/vendor/laravel/framework/src/Illuminate/Routing/Router.php(822): Illuminate/Routing/Route->run()
#17 C:/Users/Rahmat Eka/Peta-Interaktif/vendor/laravel/framework/src/Illuminate/Pipeline/Pipeline.php(180): Illuminate/Routing/Router->Illuminate/Routing/{closure}(Object(Illuminate/Http/Request))
#18 C:/Users/Rahmat Eka/Peta-Interaktif/vendor/laravel/framework/src/Illuminate/Routing/Middleware/SubstituteBindings.php(50): Illuminate/Pipeline/Pipeline->Illuminate/Pipeline/{closure}(Object(Illuminate/Http/Request))
#19 C:/Users/Rahmat Eka/Peta-Interaktif/vendor/laravel/framework/src/Illuminate/Pipeline/Pipeline.php(219): Illuminate/Routing/Middleware/SubstituteBindings->handle(Object(Illuminate/Http/Request), Object(Closure))
#20 C:/Users/Rahmat Eka/Peta-Interaktif/vendor/laravel/framework/src/Illuminate/Auth/Middleware/Authenticate.php(63): Illuminate/Pipeline/Pipeline->Illuminate/Pipeline/{closure}(Object(Illuminate/Http/Request))
#21 C:/Users/Rahmat Eka/Peta-Interaktif/vendor/laravel/framework/src/Illuminate/Pipeline/Pipeline.php(219): Illuminate/Auth/Middleware/Authenticate->handle(Object(Illuminate/Http/Request), Object(Closure), 'admin')
#22 C:/Users/Rahmat Eka/Peta-Interaktif/vendor/laravel/framework/src/Illuminate/Foundation/Http/Middleware/VerifyCsrfToken.php(87): Illuminate/Pipeline/Pipeline->Illuminate/Pipeline/{closure}(Object(Illuminate/Http/Request))
#23 C:/Users/Rahmat Eka/Peta-Interaktif/vendor/laravel/framework/src/Illuminate/Pipeline/Pipeline.php(219): Illuminate/Foundation/Http/Middleware/VerifyCsrfToken->handle(Object(Illuminate/Http/Request), Object(Closure))
#24 C:/Users/Rahmat Eka/Peta-Interaktif/vendor/laravel/framework/src/Illuminate/View/Middleware/ShareErrorsFromSession.php(48): Illuminate/Pipeline/Pipeline->Illuminate/Pipeline/{closure}(Object(Illuminate/Http/Request))
#25 C:/Users/Rahmat Eka/Peta-Interaktif/vendor/laravel/framework/src/Illuminate/Pipeline/Pipeline.php(219): Illuminate/View/Middleware/ShareErrorsFromSession->handle(Object(Illuminate/Http/Request), Object(Closure))
#26 C:/Users/Rahmat Eka/Peta-Interaktif/vendor/laravel/framework/src/Illuminate/Session/Middleware/StartSession.php(120): Illuminate/Pipeline/Pipeline->Illuminate/Pipeline/{closure}(Object(Illuminate/Http/Request))
#27 C:/Users/Rahmat Eka/Peta-Interaktif/vendor/laravel/framework/src/Illuminate/Session/Middleware/StartSession.php(63): Illuminate/Session/Middleware/StartSession->handleStatefulRequest(Object(Illuminate/Http/Request), Object(Illuminate/Session/Store), Object(Closure))
#28 C:/Users/Rahmat Eka/Peta-Interaktif/vendor/laravel/framework/src/Illuminate/Pipeline/Pipeline.php(219): Illuminate/Session/Middleware/StartSession->handle(Object(Illuminate/Http/Request), Object(Closure))
#29 C:/Users/Rahmat Eka/Peta-Interaktif/vendor/laravel/framework/src/Illuminate/Cookie/Middleware/AddQueuedCookiesToResponse.php(36): Illuminate/Pipeline/Pipeline->Illuminate/Pipeline/{closure}(Object(Illuminate/Http/Request))
#30 C:/Users/Rahmat Eka/Peta-Interaktif/vendor/laravel/framework/src/Illuminate/Pipeline/Pipeline.php(219): Illuminate/Cookie/Middleware/AddQueuedCookiesToResponse->handle(Object(Illuminate/Http/Request), Object(Closure))
#31 C:/Users/Rahmat Eka/Peta-Interaktif/vendor/laravel/framework/src/Illuminate/Cookie/Middleware/EncryptCookies.php(74): Illuminate/Pipeline/Pipeline->Illuminate/Pipeline/{closure}(Object(Illuminate/Http/Request))
#32 C:/Users/Rahmat Eka/Peta-Interaktif/vendor/laravel/framework/src/Illuminate/Pipeline/Pipeline.php(219): Illuminate/Cookie/Middleware/EncryptCookies->handle(Object(Illuminate/Http/Request), Object(Closure))
#33 C:/Users/Rahmat Eka/Peta-Interaktif/vendor/laravel/framework/src/Illuminate/Pipeline/Pipeline.php(137): Illuminate/Pipeline/Pipeline->Illuminate/Pipeline/{closure}(Object(Illuminate/Http/Request))
#34 C:/Users/Rahmat Eka/Peta-Interaktif/vendor/laravel/framework/src/Illuminate/Routing/Router.php(821): Illuminate/Pipeline/Pipeline->then(Object(Closure))
#35 C:/Users/Rahmat Eka/Peta-Interaktif/vendor/laravel/framework/src/Illuminate/Routing/Router.php(800): Illuminate/Routing/Router->runRouteWithinStack(Object(Illuminate/Routing/Route), Object(Illuminate/Http/Request))
#36 C:/Users/Rahmat Eka/Peta-Interaktif/vendor/laravel/framework/src/Illuminate/Routing/Router.php(764): Illuminate/Routing/Router->runRoute(Object(Illuminate/Http/Request), Object(Illuminate/Routing/Route))
#37 C:/Users/Rahmat Eka/Peta-Interaktif/vendor/laravel/framework/src/Illuminate/Routing/Router.php(753): Illuminate/Routing/Router->dispatchToRoute(Object(Illuminate/Http/Request))
#38 C:/Users/Rahmat Eka/Peta-Interaktif/vendor/laravel/framework/src/Illuminate/Foundation/Http/Kernel.php(200): Illuminate/Routing/Router->dispatch(Object(Illuminate/Http/Request))
#39 C:/Users/Rahmat Eka/Peta-Interaktif/vendor/laravel/framework/src/Illuminate/Pipeline/Pipeline.php(180): Illuminate/Foundation/Http/Kernel->Illuminate/Foundation/Http/{closure}(Object(Illuminate/Http/Request))
#40 C:/Users/Rahmat Eka/Peta-Interaktif/vendor/laravel/framework/src/Illuminate/Foundation/Http/Middleware/TransformsRequest.php(21): Illuminate/Pipeline/Pipeline->Illuminate/Pipeline/{closure}(Object(Illuminate/Http/Request))
#41 C:/Users/Rahmat Eka/Peta-Interaktif/vendor/laravel/framework/src/Illuminate/Foundation/Http/Middleware/ConvertEmptyStringsToNull.php(31): Illuminate/Foundation/Http/Middleware/TransformsRequest->handle(Object(Illuminate/Http/Request), Object(Closure))
#42 C:/Users/Rahmat Eka/Peta-Interaktif/vendor/laravel/framework/src/Illuminate/Pipeline/Pipeline.php(219): Illuminate/Foundation/Http/Middleware/ConvertEmptyStringsToNull->handle(Object(Illuminate/Http/Request), Object(Closure))
#43 C:/Users/Rahmat Eka/Peta-Interaktif/vendor/laravel/framework/src/Illuminate/Foundation/Http/Middleware/TransformsRequest.php(21): Illuminate/Pipeline/Pipeline->Illuminate/Pipeline/{closure}(Object(Illuminate/Http/Request))
#44 C:/Users/Rahmat Eka/Peta-Interaktif/vendor/laravel/framework/src/Illuminate/Foundation/Http/Middleware/TrimStrings.php(51): Illuminate/Foundation/Http/Middleware/TransformsRequest->handle(Object(Illuminate/Http/Request), Object(Closure))
#45 C:/Users/Rahmat Eka/Peta-Interaktif/vendor/laravel/framework/src/Illuminate/Pipeline/Pipeline.php(219): Illuminate/Foundation/Http/Middleware/TrimStrings->handle(Object(Illuminate/Http/Request), Object(Closure))
#46 C:/Users/Rahmat Eka/Peta-Interaktif/vendor/laravel/framework/src/Illuminate/Http/Middleware/ValidatePostSize.php(27): Illuminate/Pipeline/Pipeline->Illuminate/Pipeline/{closure}(Object(Illuminate/Http/Request))
#47 C:/Users/Rahmat Eka/Peta-Interaktif/vendor/laravel/framework/src/Illuminate/Pipeline/Pipeline.php(219): Illuminate/Http/Middleware/ValidatePostSize->handle(Object(Illuminate/Http/Request), Object(Closure))
#48 C:/Users/Rahmat Eka/Peta-Interaktif/vendor/laravel/framework/src/Illuminate/Foundation/Http/Middleware/PreventRequestsDuringMaintenance.php(109): Illuminate/Pipeline/Pipeline->Illuminate/Pipeline/{closure}(Object(Illuminate/Http/Request))
#49 C:/Users/Rahmat Eka/Peta-Interaktif/vendor/laravel/framework/src/Illuminate/Pipeline/Pipeline.php(219): Illuminate/Foundation/Http/Middleware/PreventRequestsDuringMaintenance->handle(Object(Illuminate/Http/Request), Object(Closure))
#50 C:/Users/Rahmat Eka/Peta-Interaktif/vendor/laravel/framework/src/Illuminate/Http/Middleware/HandleCors.php(61): Illuminate/Pipeline/Pipeline->Illuminate/Pipeline/{closure}(Object(Illuminate/Http/Request))
#51 C:/Users/Rahmat Eka/Peta-Interaktif/vendor/laravel/framework/src/Illuminate/Pipeline/Pipeline.php(219): Illuminate/Http/Middleware/HandleCors->handle(Object(Illuminate/Http/Request), Object(Closure))
#52 C:/Users/Rahmat Eka/Peta-Interaktif/vendor/laravel/framework/src/Illuminate/Http/Middleware/TrustProxies.php(58): Illuminate/Pipeline/Pipeline->Illuminate/Pipeline/{closure}(Object(Illuminate/Http/Request))
#53 C:/Users/Rahmat Eka/Peta-Interaktif/vendor/laravel/framework/src/Illuminate/Pipeline/Pipeline.php(219): Illuminate/Http/Middleware/TrustProxies->handle(Object(Illuminate/Http/Request), Object(Closure))
#54 C:/Users/Rahmat Eka/Peta-Interaktif/vendor/laravel/framework/src/Illuminate/Foundation/Http/Middleware/InvokeDeferredCallbacks.php(22): Illuminate/Pipeline/Pipeline->Illuminate/Pipeline/{closure}(Object(Illuminate/Http/Request))
#55 C:/Users/Rahmat Eka/Peta-Interaktif/vendor/laravel/framework/src/Illuminate/Pipeline/Pipeline.php(219): Illuminate/Foundation/Http/Middleware/InvokeDeferredCallbacks->handle(Object(Illuminate/Http/Request), Object(Closure))
#56 C:/Users/Rahmat Eka/Peta-Interaktif/vendor/laravel/framework/src/Illuminate/Http/Middleware/ValidatePathEncoding.php(26): Illuminate/Pipeline/Pipeline->Illuminate/Pipeline/{closure}(Object(Illuminate/Http/Request))
#57 C:/Users/Rahmat Eka/Peta-Interaktif/vendor/laravel/framework/src/Illuminate/Pipeline/Pipeline.php(219): Illuminate/Http/Middleware/ValidatePathEncoding->handle(Object(Illuminate/Http/Request), Object(Closure))
#58 C:/Users/Rahmat Eka/Peta-Interaktif/vendor/laravel/framework/src/Illuminate/Pipeline/Pipeline.php(137): Illuminate/Pipeline/Pipeline->Illuminate/Pipeline/{closure}(Object(Illuminate/Http/Request))
#59 C:/Users/Rahmat Eka/Peta-Interaktif/vendor/laravel/framework/src/Illuminate/Foundation/Http/Kernel.php(175): Illuminate/Pipeline/Pipeline->then(Object(Closure))
#60 C:/Users/Rahmat Eka/Peta-Interaktif/vendor/laravel/framework/src/Illuminate/Foundation/Http/Kernel.php(144): Illuminate/Foundation/Http/Kernel->sendRequestThroughRouter(Object(Illuminate/Http/Request))
#61 C:/Users/Rahmat Eka/Peta-Interaktif/vendor/laravel/framework/src/Illuminate/Foundation/Application.php(1220): Illuminate/Foundation/Http/Kernel->handle(Object(Illuminate/Http/Request))
#62 C:/Users/Rahmat Eka/Peta-Interaktif/public/index.php(18): Illuminate/Foundation/Application->handleRequest(Object(Illuminate/Http/Request))
#63 C:/Users/Rahmat Eka/Peta-Interaktif/vendor/laravel/framework/src/Illuminate/Foundation/resources/server.php(23): require_once('C://Users//Rahmat...')
#64 {main}
"} 
[2026-06-17 12:03:50] laravel.WARNING: Since symfony/http-foundation 7.4: Request::get() is deprecated, use properties ->attributes, query or request directly instead. in C:\Users\Rahmat Eka\Peta-Interaktif\vendor\symfony\deprecation-contracts\function.php on line 25  
[2026-06-17 12:18:52] laravel.EMERGENCY: Unable to create configured logger. Using emergency logger. {"exception":"[object] (InvalidArgumentException(code: 0): NullHandler must be an instance of Monolog\\Handler\\HandlerInterface at C:/Users/Rahmat Eka/Peta-Interaktif/vendor/laravel/framework/src/Illuminate/Log/LogManager.php:398)
[stacktrace]
#0 C:/Users/Rahmat Eka/Peta-Interaktif/vendor/laravel/framework/src/Illuminate/Log/LogManager.php(232): Illuminate/Log/LogManager->createMonologDriver(Array)
#1 C:/Users/Rahmat Eka/Peta-Interaktif/vendor/laravel/framework/src/Illuminate/Log/LogManager.php(138): Illuminate/Log/LogManager->resolve('deprecations', Array)
#2 C:/Users/Rahmat Eka/Peta-Interaktif/vendor/laravel/framework/src/Illuminate/Log/LogManager.php(125): Illuminate/Log/LogManager->get('deprecations')
#3 C:/Users/Rahmat Eka/Peta-Interaktif/vendor/laravel/framework/src/Illuminate/Log/LogManager.php(114): Illuminate/Log/LogManager->driver('deprecations')
#4 C:/Users/Rahmat Eka/Peta-Interaktif/vendor/laravel/framework/src/Illuminate/Foundation/Bootstrap/HandleExceptions.php(109): Illuminate/Log/LogManager->channel('deprecations')
#5 C:/Users/Rahmat Eka/Peta-Interaktif/vendor/laravel/framework/src/Illuminate/Foundation/Bootstrap/HandleExceptions.php(74): Illuminate/Foundation/Bootstrap/HandleExceptions->handleDeprecationError('Since symfony/h...', 'C://Users//Rahmat...', 25, 16384)
#6 C:/Users/Rahmat Eka/Peta-Interaktif/vendor/laravel/framework/src/Illuminate/Foundation/Bootstrap/HandleExceptions.php(262): Illuminate/Foundation/Bootstrap/HandleExceptions->handleError(16384, 'Since symfony/h...', 'C://Users//Rahmat...', 25)
#7 [internal function]: Illuminate/Foundation/Bootstrap/HandleExceptions->Illuminate/Foundation/Bootstrap/{closure}(16384, 'Since symfony/h...', 'C://Users//Rahmat...', 25)
#8 C:/Users/Rahmat Eka/Peta-Interaktif/vendor/symfony/deprecation-contracts/function.php(25): trigger_error('Since symfony/h...', 16384)
#9 C:/Users/Rahmat Eka/Peta-Interaktif/vendor/symfony/http-foundation/Request.php(754): trigger_deprecation('symfony/http-fo...', '7.4', 'Request::get() ...')
#10 C:/Users/Rahmat Eka/Peta-Interaktif/vendor/laravel/framework/src/Illuminate/Http/Request.php(441): Symfony/Component/HttpFoundation/Request->get('tab', 'masyarakat')
#11 C:/Users/Rahmat Eka/Peta-Interaktif/app/Http/Controllers/Admin/ManageUsersController.php(15): Illuminate/Http/Request->get('tab', 'masyarakat')
#12 C:/Users/Rahmat Eka/Peta-Interaktif/vendor/laravel/framework/src/Illuminate/Routing/Controller.php(54): App/Http/Controllers/Admin/ManageUsersController->index(Object(Illuminate/Http/Request))
#13 C:/Users/Rahmat Eka/Peta-Interaktif/vendor/laravel/framework/src/Illuminate/Routing/ControllerDispatcher.php(43): Illuminate/Routing/Controller->callAction('index', Array)
#14 C:/Users/Rahmat Eka/Peta-Interaktif/vendor/laravel/framework/src/Illuminate/Routing/Route.php(265): Illuminate/Routing/ControllerDispatcher->dispatch(Object(Illuminate/Routing/Route), Object(App/Http/Controllers/Admin/ManageUsersController), 'index')
#15 C:/Users/Rahmat Eka/Peta-Interaktif/vendor/laravel/framework/src/Illuminate/Routing/Route.php(211): Illuminate/Routing/Route->runController()
#16 C:/Users/Rahmat Eka/Peta-Interaktif/vendor/laravel/framework/src/Illuminate/Routing/Router.php(822): Illuminate/Routing/Route->run()
#17 C:/Users/Rahmat Eka/Peta-Interaktif/vendor/laravel/framework/src/Illuminate/Pipeline/Pipeline.php(180): Illuminate/Routing/Router->Illuminate/Routing/{closure}(Object(Illuminate/Http/Request))
#18 C:/Users/Rahmat Eka/Peta-Interaktif/vendor/laravel/framework/src/Illuminate/Routing/Middleware/SubstituteBindings.php(50): Illuminate/Pipeline/Pipeline->Illuminate/Pipeline/{closure}(Object(Illuminate/Http/Request))
#19 C:/Users/Rahmat Eka/Peta-Interaktif/vendor/laravel/framework/src/Illuminate/Pipeline/Pipeline.php(219): Illuminate/Routing/Middleware/SubstituteBindings->handle(Object(Illuminate/Http/Request), Object(Closure))
#20 C:/Users/Rahmat Eka/Peta-Interaktif/vendor/laravel/framework/src/Illuminate/Auth/Middleware/Authenticate.php(63): Illuminate/Pipeline/Pipeline->Illuminate/Pipeline/{closure}(Object(Illuminate/Http/Request))
#21 C:/Users/Rahmat Eka/Peta-Interaktif/vendor/laravel/framework/src/Illuminate/Pipeline/Pipeline.php(219): Illuminate/Auth/Middleware/Authenticate->handle(Object(Illuminate/Http/Request), Object(Closure), 'admin')
#22 C:/Users/Rahmat Eka/Peta-Interaktif/vendor/laravel/framework/src/Illuminate/Foundation/Http/Middleware/VerifyCsrfToken.php(87): Illuminate/Pipeline/Pipeline->Illuminate/Pipeline/{closure}(Object(Illuminate/Http/Request))
#23 C:/Users/Rahmat Eka/Peta-Interaktif/vendor/laravel/framework/src/Illuminate/Pipeline/Pipeline.php(219): Illuminate/Foundation/Http/Middleware/VerifyCsrfToken->handle(Object(Illuminate/Http/Request), Object(Closure))
#24 C:/Users/Rahmat Eka/Peta-Interaktif/vendor/laravel/framework/src/Illuminate/View/Middleware/ShareErrorsFromSession.php(48): Illuminate/Pipeline/Pipeline->Illuminate/Pipeline/{closure}(Object(Illuminate/Http/Request))
#25 C:/Users/Rahmat Eka/Peta-Interaktif/vendor/laravel/framework/src/Illuminate/Pipeline/Pipeline.php(219): Illuminate/View/Middleware/ShareErrorsFromSession->handle(Object(Illuminate/Http/Request), Object(Closure))
#26 C:/Users/Rahmat Eka/Peta-Interaktif/vendor/laravel/framework/src/Illuminate/Session/Middleware/StartSession.php(120): Illuminate/Pipeline/Pipeline->Illuminate/Pipeline/{closure}(Object(Illuminate/Http/Request))
#27 C:/Users/Rahmat Eka/Peta-Interaktif/vendor/laravel/framework/src/Illuminate/Session/Middleware/StartSession.php(63): Illuminate/Session/Middleware/StartSession->handleStatefulRequest(Object(Illuminate/Http/Request), Object(Illuminate/Session/Store), Object(Closure))
#28 C:/Users/Rahmat Eka/Peta-Interaktif/vendor/laravel/framework/src/Illuminate/Pipeline/Pipeline.php(219): Illuminate/Session/Middleware/StartSession->handle(Object(Illuminate/Http/Request), Object(Closure))
#29 C:/Users/Rahmat Eka/Peta-Interaktif/vendor/laravel/framework/src/Illuminate/Cookie/Middleware/AddQueuedCookiesToResponse.php(36): Illuminate/Pipeline/Pipeline->Illuminate/Pipeline/{closure}(Object(Illuminate/Http/Request))
#30 C:/Users/Rahmat Eka/Peta-Interaktif/vendor/laravel/framework/src/Illuminate/Pipeline/Pipeline.php(219): Illuminate/Cookie/Middleware/AddQueuedCookiesToResponse->handle(Object(Illuminate/Http/Request), Object(Closure))
#31 C:/Users/Rahmat Eka/Peta-Interaktif/vendor/laravel/framework/src/Illuminate/Cookie/Middleware/EncryptCookies.php(74): Illuminate/Pipeline/Pipeline->Illuminate/Pipeline/{closure}(Object(Illuminate/Http/Request))
#32 C:/Users/Rahmat Eka/Peta-Interaktif/vendor/laravel/framework/src/Illuminate/Pipeline/Pipeline.php(219): Illuminate/Cookie/Middleware/EncryptCookies->handle(Object(Illuminate/Http/Request), Object(Closure))
#33 C:/Users/Rahmat Eka/Peta-Interaktif/vendor/laravel/framework/src/Illuminate/Pipeline/Pipeline.php(137): Illuminate/Pipeline/Pipeline->Illuminate/Pipeline/{closure}(Object(Illuminate/Http/Request))
#34 C:/Users/Rahmat Eka/Peta-Interaktif/vendor/laravel/framework/src/Illuminate/Routing/Router.php(821): Illuminate/Pipeline/Pipeline->then(Object(Closure))
#35 C:/Users/Rahmat Eka/Peta-Interaktif/vendor/laravel/framework/src/Illuminate/Routing/Router.php(800): Illuminate/Routing/Router->runRouteWithinStack(Object(Illuminate/Routing/Route), Object(Illuminate/Http/Request))
#36 C:/Users/Rahmat Eka/Peta-Interaktif/vendor/laravel/framework/src/Illuminate/Routing/Router.php(764): Illuminate/Routing/Router->runRoute(Object(Illuminate/Http/Request), Object(Illuminate/Routing/Route))
#37 C:/Users/Rahmat Eka/Peta-Interaktif/vendor/laravel/framework/src/Illuminate/Routing/Router.php(753): Illuminate/Routing/Router->dispatchToRoute(Object(Illuminate/Http/Request))
#38 C:/Users/Rahmat Eka/Peta-Interaktif/vendor/laravel/framework/src/Illuminate/Foundation/Http/Kernel.php(200): Illuminate/Routing/Router->dispatch(Object(Illuminate/Http/Request))
#39 C:/Users/Rahmat Eka/Peta-Interaktif/vendor/laravel/framework/src/Illuminate/Pipeline/Pipeline.php(180): Illuminate/Foundation/Http/Kernel->Illuminate/Foundation/Http/{closure}(Object(Illuminate/Http/Request))
#40 C:/Users/Rahmat Eka/Peta-Interaktif/vendor/laravel/framework/src/Illuminate/Foundation/Http/Middleware/TransformsRequest.php(21): Illuminate/Pipeline/Pipeline->Illuminate/Pipeline/{closure}(Object(Illuminate/Http/Request))
#41 C:/Users/Rahmat Eka/Peta-Interaktif/vendor/laravel/framework/src/Illuminate/Foundation/Http/Middleware/ConvertEmptyStringsToNull.php(31): Illuminate/Foundation/Http/Middleware/TransformsRequest->handle(Object(Illuminate/Http/Request), Object(Closure))
#42 C:/Users/Rahmat Eka/Peta-Interaktif/vendor/laravel/framework/src/Illuminate/Pipeline/Pipeline.php(219): Illuminate/Foundation/Http/Middleware/ConvertEmptyStringsToNull->handle(Object(Illuminate/Http/Request), Object(Closure))
#43 C:/Users/Rahmat Eka/Peta-Interaktif/vendor/laravel/framework/src/Illuminate/Foundation/Http/Middleware/TransformsRequest.php(21): Illuminate/Pipeline/Pipeline->Illuminate/Pipeline/{closure}(Object(Illuminate/Http/Request))
#44 C:/Users/Rahmat Eka/Peta-Interaktif/vendor/laravel/framework/src/Illuminate/Foundation/Http/Middleware/TrimStrings.php(51): Illuminate/Foundation/Http/Middleware/TransformsRequest->handle(Object(Illuminate/Http/Request), Object(Closure))
#45 C:/Users/Rahmat Eka/Peta-Interaktif/vendor/laravel/framework/src/Illuminate/Pipeline/Pipeline.php(219): Illuminate/Foundation/Http/Middleware/TrimStrings->handle(Object(Illuminate/Http/Request), Object(Closure))
#46 C:/Users/Rahmat Eka/Peta-Interaktif/vendor/laravel/framework/src/Illuminate/Http/Middleware/ValidatePostSize.php(27): Illuminate/Pipeline/Pipeline->Illuminate/Pipeline/{closure}(Object(Illuminate/Http/Request))
#47 C:/Users/Rahmat Eka/Peta-Interaktif/vendor/laravel/framework/src/Illuminate/Pipeline/Pipeline.php(219): Illuminate/Http/Middleware/ValidatePostSize->handle(Object(Illuminate/Http/Request), Object(Closure))
#48 C:/Users/Rahmat Eka/Peta-Interaktif/vendor/laravel/framework/src/Illuminate/Foundation/Http/Middleware/PreventRequestsDuringMaintenance.php(109): Illuminate/Pipeline/Pipeline->Illuminate/Pipeline/{closure}(Object(Illuminate/Http/Request))
#49 C:/Users/Rahmat Eka/Peta-Interaktif/vendor/laravel/framework/src/Illuminate/Pipeline/Pipeline.php(219): Illuminate/Foundation/Http/Middleware/PreventRequestsDuringMaintenance->handle(Object(Illuminate/Http/Request), Object(Closure))
#50 C:/Users/Rahmat Eka/Peta-Interaktif/vendor/laravel/framework/src/Illuminate/Http/Middleware/HandleCors.php(61): Illuminate/Pipeline/Pipeline->Illuminate/Pipeline/{closure}(Object(Illuminate/Http/Request))
#51 C:/Users/Rahmat Eka/Peta-Interaktif/vendor/laravel/framework/src/Illuminate/Pipeline/Pipeline.php(219): Illuminate/Http/Middleware/HandleCors->handle(Object(Illuminate/Http/Request), Object(Closure))
#52 C:/Users/Rahmat Eka/Peta-Interaktif/vendor/laravel/framework/src/Illuminate/Http/Middleware/TrustProxies.php(58): Illuminate/Pipeline/Pipeline->Illuminate/Pipeline/{closure}(Object(Illuminate/Http/Request))
#53 C:/Users/Rahmat Eka/Peta-Interaktif/vendor/laravel/framework/src/Illuminate/Pipeline/Pipeline.php(219): Illuminate/Http/Middleware/TrustProxies->handle(Object(Illuminate/Http/Request), Object(Closure))
#54 C:/Users/Rahmat Eka/Peta-Interaktif/vendor/laravel/framework/src/Illuminate/Foundation/Http/Middleware/InvokeDeferredCallbacks.php(22): Illuminate/Pipeline/Pipeline->Illuminate/Pipeline/{closure}(Object(Illuminate/Http/Request))
#55 C:/Users/Rahmat Eka/Peta-Interaktif/vendor/laravel/framework/src/Illuminate/Pipeline/Pipeline.php(219): Illuminate/Foundation/Http/Middleware/InvokeDeferredCallbacks->handle(Object(Illuminate/Http/Request), Object(Closure))
#56 C:/Users/Rahmat Eka/Peta-Interaktif/vendor/laravel/framework/src/Illuminate/Http/Middleware/ValidatePathEncoding.php(26): Illuminate/Pipeline/Pipeline->Illuminate/Pipeline/{closure}(Object(Illuminate/Http/Request))
#57 C:/Users/Rahmat Eka/Peta-Interaktif/vendor/laravel/framework/src/Illuminate/Pipeline/Pipeline.php(219): Illuminate/Http/Middleware/ValidatePathEncoding->handle(Object(Illuminate/Http/Request), Object(Closure))
#58 C:/Users/Rahmat Eka/Peta-Interaktif/vendor/laravel/framework/src/Illuminate/Pipeline/Pipeline.php(137): Illuminate/Pipeline/Pipeline->Illuminate/Pipeline/{closure}(Object(Illuminate/Http/Request))
#59 C:/Users/Rahmat Eka/Peta-Interaktif/vendor/laravel/framework/src/Illuminate/Foundation/Http/Kernel.php(175): Illuminate/Pipeline/Pipeline->then(Object(Closure))
#60 C:/Users/Rahmat Eka/Peta-Interaktif/vendor/laravel/framework/src/Illuminate/Foundation/Http/Kernel.php(144): Illuminate/Foundation/Http/Kernel->sendRequestThroughRouter(Object(Illuminate/Http/Request))
#61 C:/Users/Rahmat Eka/Peta-Interaktif/vendor/laravel/framework/src/Illuminate/Foundation/Application.php(1220): Illuminate/Foundation/Http/Kernel->handle(Object(Illuminate/Http/Request))
#62 C:/Users/Rahmat Eka/Peta-Interaktif/public/index.php(18): Illuminate/Foundation/Application->handleRequest(Object(Illuminate/Http/Request))
#63 C:/Users/Rahmat Eka/Peta-Interaktif/vendor/laravel/framework/src/Illuminate/Foundation/resources/server.php(23): require_once('C://Users//Rahmat...')
#64 {main}
"} 
[2026-06-17 12:18:52] laravel.WARNING: Since symfony/http-foundation 7.4: Request::get() is deprecated, use properties ->attributes, query or request directly instead. in C:\Users\Rahmat Eka\Peta-Interaktif\vendor\symfony\deprecation-contracts\function.php on line 25  
[2026-06-17 12:18:52] laravel.EMERGENCY: Unable to create configured logger. Using emergency logger. {"exception":"[object] (InvalidArgumentException(code: 0): NullHandler must be an instance of Monolog\\Handler\\HandlerInterface at C:/Users/Rahmat Eka/Peta-Interaktif/vendor/laravel/framework/src/Illuminate/Log/LogManager.php:398)
[stacktrace]
#0 C:/Users/Rahmat Eka/Peta-Interaktif/vendor/laravel/framework/src/Illuminate/Log/LogManager.php(232): Illuminate/Log/LogManager->createMonologDriver(Array)
#1 C:/Users/Rahmat Eka/Peta-Interaktif/vendor/laravel/framework/src/Illuminate/Log/LogManager.php(138): Illuminate/Log/LogManager->resolve('deprecations', Array)
#2 C:/Users/Rahmat Eka/Peta-Interaktif/vendor/laravel/framework/src/Illuminate/Log/LogManager.php(125): Illuminate/Log/LogManager->get('deprecations')
#3 C:/Users/Rahmat Eka/Peta-Interaktif/vendor/laravel/framework/src/Illuminate/Log/LogManager.php(114): Illuminate/Log/LogManager->driver('deprecations')
#4 C:/Users/Rahmat Eka/Peta-Interaktif/vendor/laravel/framework/src/Illuminate/Foundation/Bootstrap/HandleExceptions.php(109): Illuminate/Log/LogManager->channel('deprecations')
#5 C:/Users/Rahmat Eka/Peta-Interaktif/vendor/laravel/framework/src/Illuminate/Foundation/Bootstrap/HandleExceptions.php(74): Illuminate/Foundation/Bootstrap/HandleExceptions->handleDeprecationError('Since symfony/h...', 'C://Users//Rahmat...', 25, 16384)
#6 C:/Users/Rahmat Eka/Peta-Interaktif/vendor/laravel/framework/src/Illuminate/Foundation/Bootstrap/HandleExceptions.php(262): Illuminate/Foundation/Bootstrap/HandleExceptions->handleError(16384, 'Since symfony/h...', 'C://Users//Rahmat...', 25)
#7 [internal function]: Illuminate/Foundation/Bootstrap/HandleExceptions->Illuminate/Foundation/Bootstrap/{closure}(16384, 'Since symfony/h...', 'C://Users//Rahmat...', 25)
#8 C:/Users/Rahmat Eka/Peta-Interaktif/vendor/symfony/deprecation-contracts/function.php(25): trigger_error('Since symfony/h...', 16384)
#9 C:/Users/Rahmat Eka/Peta-Interaktif/vendor/symfony/http-foundation/Request.php(754): trigger_deprecation('symfony/http-fo...', '7.4', 'Request::get() ...')
#10 C:/Users/Rahmat Eka/Peta-Interaktif/vendor/laravel/framework/src/Illuminate/Http/Request.php(441): Symfony/Component/HttpFoundation/Request->get('search', NULL)
#11 C:/Users/Rahmat Eka/Peta-Interaktif/app/Http/Controllers/Admin/ManageUsersController.php(16): Illuminate/Http/Request->get('search')
#12 C:/Users/Rahmat Eka/Peta-Interaktif/vendor/laravel/framework/src/Illuminate/Routing/Controller.php(54): App/Http/Controllers/Admin/ManageUsersController->index(Object(Illuminate/Http/Request))
#13 C:/Users/Rahmat Eka/Peta-Interaktif/vendor/laravel/framework/src/Illuminate/Routing/ControllerDispatcher.php(43): Illuminate/Routing/Controller->callAction('index', Array)
#14 C:/Users/Rahmat Eka/Peta-Interaktif/vendor/laravel/framework/src/Illuminate/Routing/Route.php(265): Illuminate/Routing/ControllerDispatcher->dispatch(Object(Illuminate/Routing/Route), Object(App/Http/Controllers/Admin/ManageUsersController), 'index')
#15 C:/Users/Rahmat Eka/Peta-Interaktif/vendor/laravel/framework/src/Illuminate/Routing/Route.php(211): Illuminate/Routing/Route->runController()
#16 C:/Users/Rahmat Eka/Peta-Interaktif/vendor/laravel/framework/src/Illuminate/Routing/Router.php(822): Illuminate/Routing/Route->run()
#17 C:/Users/Rahmat Eka/Peta-Interaktif/vendor/laravel/framework/src/Illuminate/Pipeline/Pipeline.php(180): Illuminate/Routing/Router->Illuminate/Routing/{closure}(Object(Illuminate/Http/Request))
#18 C:/Users/Rahmat Eka/Peta-Interaktif/vendor/laravel/framework/src/Illuminate/Routing/Middleware/SubstituteBindings.php(50): Illuminate/Pipeline/Pipeline->Illuminate/Pipeline/{closure}(Object(Illuminate/Http/Request))
#19 C:/Users/Rahmat Eka/Peta-Interaktif/vendor/laravel/framework/src/Illuminate/Pipeline/Pipeline.php(219): Illuminate/Routing/Middleware/SubstituteBindings->handle(Object(Illuminate/Http/Request), Object(Closure))
#20 C:/Users/Rahmat Eka/Peta-Interaktif/vendor/laravel/framework/src/Illuminate/Auth/Middleware/Authenticate.php(63): Illuminate/Pipeline/Pipeline->Illuminate/Pipeline/{closure}(Object(Illuminate/Http/Request))
#21 C:/Users/Rahmat Eka/Peta-Interaktif/vendor/laravel/framework/src/Illuminate/Pipeline/Pipeline.php(219): Illuminate/Auth/Middleware/Authenticate->handle(Object(Illuminate/Http/Request), Object(Closure), 'admin')
#22 C:/Users/Rahmat Eka/Peta-Interaktif/vendor/laravel/framework/src/Illuminate/Foundation/Http/Middleware/VerifyCsrfToken.php(87): Illuminate/Pipeline/Pipeline->Illuminate/Pipeline/{closure}(Object(Illuminate/Http/Request))
#23 C:/Users/Rahmat Eka/Peta-Interaktif/vendor/laravel/framework/src/Illuminate/Pipeline/Pipeline.php(219): Illuminate/Foundation/Http/Middleware/VerifyCsrfToken->handle(Object(Illuminate/Http/Request), Object(Closure))
#24 C:/Users/Rahmat Eka/Peta-Interaktif/vendor/laravel/framework/src/Illuminate/View/Middleware/ShareErrorsFromSession.php(48): Illuminate/Pipeline/Pipeline->Illuminate/Pipeline/{closure}(Object(Illuminate/Http/Request))
#25 C:/Users/Rahmat Eka/Peta-Interaktif/vendor/laravel/framework/src/Illuminate/Pipeline/Pipeline.php(219): Illuminate/View/Middleware/ShareErrorsFromSession->handle(Object(Illuminate/Http/Request), Object(Closure))
#26 C:/Users/Rahmat Eka/Peta-Interaktif/vendor/laravel/framework/src/Illuminate/Session/Middleware/StartSession.php(120): Illuminate/Pipeline/Pipeline->Illuminate/Pipeline/{closure}(Object(Illuminate/Http/Request))
#27 C:/Users/Rahmat Eka/Peta-Interaktif/vendor/laravel/framework/src/Illuminate/Session/Middleware/StartSession.php(63): Illuminate/Session/Middleware/StartSession->handleStatefulRequest(Object(Illuminate/Http/Request), Object(Illuminate/Session/Store), Object(Closure))
#28 C:/Users/Rahmat Eka/Peta-Interaktif/vendor/laravel/framework/src/Illuminate/Pipeline/Pipeline.php(219): Illuminate/Session/Middleware/StartSession->handle(Object(Illuminate/Http/Request), Object(Closure))
#29 C:/Users/Rahmat Eka/Peta-Interaktif/vendor/laravel/framework/src/Illuminate/Cookie/Middleware/AddQueuedCookiesToResponse.php(36): Illuminate/Pipeline/Pipeline->Illuminate/Pipeline/{closure}(Object(Illuminate/Http/Request))
#30 C:/Users/Rahmat Eka/Peta-Interaktif/vendor/laravel/framework/src/Illuminate/Pipeline/Pipeline.php(219): Illuminate/Cookie/Middleware/AddQueuedCookiesToResponse->handle(Object(Illuminate/Http/Request), Object(Closure))
#31 C:/Users/Rahmat Eka/Peta-Interaktif/vendor/laravel/framework/src/Illuminate/Cookie/Middleware/EncryptCookies.php(74): Illuminate/Pipeline/Pipeline->Illuminate/Pipeline/{closure}(Object(Illuminate/Http/Request))
#32 C:/Users/Rahmat Eka/Peta-Interaktif/vendor/laravel/framework/src/Illuminate/Pipeline/Pipeline.php(219): Illuminate/Cookie/Middleware/EncryptCookies->handle(Object(Illuminate/Http/Request), Object(Closure))
#33 C:/Users/Rahmat Eka/Peta-Interaktif/vendor/laravel/framework/src/Illuminate/Pipeline/Pipeline.php(137): Illuminate/Pipeline/Pipeline->Illuminate/Pipeline/{closure}(Object(Illuminate/Http/Request))
#34 C:/Users/Rahmat Eka/Peta-Interaktif/vendor/laravel/framework/src/Illuminate/Routing/Router.php(821): Illuminate/Pipeline/Pipeline->then(Object(Closure))
#35 C:/Users/Rahmat Eka/Peta-Interaktif/vendor/laravel/framework/src/Illuminate/Routing/Router.php(800): Illuminate/Routing/Router->runRouteWithinStack(Object(Illuminate/Routing/Route), Object(Illuminate/Http/Request))
#36 C:/Users/Rahmat Eka/Peta-Interaktif/vendor/laravel/framework/src/Illuminate/Routing/Router.php(764): Illuminate/Routing/Router->runRoute(Object(Illuminate/Http/Request), Object(Illuminate/Routing/Route))
#37 C:/Users/Rahmat Eka/Peta-Interaktif/vendor/laravel/framework/src/Illuminate/Routing/Router.php(753): Illuminate/Routing/Router->dispatchToRoute(Object(Illuminate/Http/Request))
#38 C:/Users/Rahmat Eka/Peta-Interaktif/vendor/laravel/framework/src/Illuminate/Foundation/Http/Kernel.php(200): Illuminate/Routing/Router->dispatch(Object(Illuminate/Http/Request))
#39 C:/Users/Rahmat Eka/Peta-Interaktif/vendor/laravel/framework/src/Illuminate/Pipeline/Pipeline.php(180): Illuminate/Foundation/Http/Kernel->Illuminate/Foundation/Http/{closure}(Object(Illuminate/Http/Request))
#40 C:/Users/Rahmat Eka/Peta-Interaktif/vendor/laravel/framework/src/Illuminate/Foundation/Http/Middleware/TransformsRequest.php(21): Illuminate/Pipeline/Pipeline->Illuminate/Pipeline/{closure}(Object(Illuminate/Http/Request))
#41 C:/Users/Rahmat Eka/Peta-Interaktif/vendor/laravel/framework/src/Illuminate/Foundation/Http/Middleware/ConvertEmptyStringsToNull.php(31): Illuminate/Foundation/Http/Middleware/TransformsRequest->handle(Object(Illuminate/Http/Request), Object(Closure))
#42 C:/Users/Rahmat Eka/Peta-Interaktif/vendor/laravel/framework/src/Illuminate/Pipeline/Pipeline.php(219): Illuminate/Foundation/Http/Middleware/ConvertEmptyStringsToNull->handle(Object(Illuminate/Http/Request), Object(Closure))
#43 C:/Users/Rahmat Eka/Peta-Interaktif/vendor/laravel/framework/src/Illuminate/Foundation/Http/Middleware/TransformsRequest.php(21): Illuminate/Pipeline/Pipeline->Illuminate/Pipeline/{closure}(Object(Illuminate/Http/Request))
#44 C:/Users/Rahmat Eka/Peta-Interaktif/vendor/laravel/framework/src/Illuminate/Foundation/Http/Middleware/TrimStrings.php(51): Illuminate/Foundation/Http/Middleware/TransformsRequest->handle(Object(Illuminate/Http/Request), Object(Closure))
#45 C:/Users/Rahmat Eka/Peta-Interaktif/vendor/laravel/framework/src/Illuminate/Pipeline/Pipeline.php(219): Illuminate/Foundation/Http/Middleware/TrimStrings->handle(Object(Illuminate/Http/Request), Object(Closure))
#46 C:/Users/Rahmat Eka/Peta-Interaktif/vendor/laravel/framework/src/Illuminate/Http/Middleware/ValidatePostSize.php(27): Illuminate/Pipeline/Pipeline->Illuminate/Pipeline/{closure}(Object(Illuminate/Http/Request))
#47 C:/Users/Rahmat Eka/Peta-Interaktif/vendor/laravel/framework/src/Illuminate/Pipeline/Pipeline.php(219): Illuminate/Http/Middleware/ValidatePostSize->handle(Object(Illuminate/Http/Request), Object(Closure))
#48 C:/Users/Rahmat Eka/Peta-Interaktif/vendor/laravel/framework/src/Illuminate/Foundation/Http/Middleware/PreventRequestsDuringMaintenance.php(109): Illuminate/Pipeline/Pipeline->Illuminate/Pipeline/{closure}(Object(Illuminate/Http/Request))
#49 C:/Users/Rahmat Eka/Peta-Interaktif/vendor/laravel/framework/src/Illuminate/Pipeline/Pipeline.php(219): Illuminate/Foundation/Http/Middleware/PreventRequestsDuringMaintenance->handle(Object(Illuminate/Http/Request), Object(Closure))
#50 C:/Users/Rahmat Eka/Peta-Interaktif/vendor/laravel/framework/src/Illuminate/Http/Middleware/HandleCors.php(61): Illuminate/Pipeline/Pipeline->Illuminate/Pipeline/{closure}(Object(Illuminate/Http/Request))
#51 C:/Users/Rahmat Eka/Peta-Interaktif/vendor/laravel/framework/src/Illuminate/Pipeline/Pipeline.php(219): Illuminate/Http/Middleware/HandleCors->handle(Object(Illuminate/Http/Request), Object(Closure))
#52 C:/Users/Rahmat Eka/Peta-Interaktif/vendor/laravel/framework/src/Illuminate/Http/Middleware/TrustProxies.php(58): Illuminate/Pipeline/Pipeline->Illuminate/Pipeline/{closure}(Object(Illuminate/Http/Request))
#53 C:/Users/Rahmat Eka/Peta-Interaktif/vendor/laravel/framework/src/Illuminate/Pipeline/Pipeline.php(219): Illuminate/Http/Middleware/TrustProxies->handle(Object(Illuminate/Http/Request), Object(Closure))
#54 C:/Users/Rahmat Eka/Peta-Interaktif/vendor/laravel/framework/src/Illuminate/Foundation/Http/Middleware/InvokeDeferredCallbacks.php(22): Illuminate/Pipeline/Pipeline->Illuminate/Pipeline/{closure}(Object(Illuminate/Http/Request))
#55 C:/Users/Rahmat Eka/Peta-Interaktif/vendor/laravel/framework/src/Illuminate/Pipeline/Pipeline.php(219): Illuminate/Foundation/Http/Middleware/InvokeDeferredCallbacks->handle(Object(Illuminate/Http/Request), Object(Closure))
#56 C:/Users/Rahmat Eka/Peta-Interaktif/vendor/laravel/framework/src/Illuminate/Http/Middleware/ValidatePathEncoding.php(26): Illuminate/Pipeline/Pipeline->Illuminate/Pipeline/{closure}(Object(Illuminate/Http/Request))
#57 C:/Users/Rahmat Eka/Peta-Interaktif/vendor/laravel/framework/src/Illuminate/Pipeline/Pipeline.php(219): Illuminate/Http/Middleware/ValidatePathEncoding->handle(Object(Illuminate/Http/Request), Object(Closure))
#58 C:/Users/Rahmat Eka/Peta-Interaktif/vendor/laravel/framework/src/Illuminate/Pipeline/Pipeline.php(137): Illuminate/Pipeline/Pipeline->Illuminate/Pipeline/{closure}(Object(Illuminate/Http/Request))
#59 C:/Users/Rahmat Eka/Peta-Interaktif/vendor/laravel/framework/src/Illuminate/Foundation/Http/Kernel.php(175): Illuminate/Pipeline/Pipeline->then(Object(Closure))
#60 C:/Users/Rahmat Eka/Peta-Interaktif/vendor/laravel/framework/src/Illuminate/Foundation/Http/Kernel.php(144): Illuminate/Foundation/Http/Kernel->sendRequestThroughRouter(Object(Illuminate/Http/Request))
#61 C:/Users/Rahmat Eka/Peta-Interaktif/vendor/laravel/framework/src/Illuminate/Foundation/Application.php(1220): Illuminate/Foundation/Http/Kernel->handle(Object(Illuminate/Http/Request))
#62 C:/Users/Rahmat Eka/Peta-Interaktif/public/index.php(18): Illuminate/Foundation/Application->handleRequest(Object(Illuminate/Http/Request))
#63 C:/Users/Rahmat Eka/Peta-Interaktif/vendor/laravel/framework/src/Illuminate/Foundation/resources/server.php(23): require_once('C://Users//Rahmat...')
#64 {main}
"} 
[2026-06-17 12:18:52] laravel.WARNING: Since symfony/http-foundation 7.4: Request::get() is deprecated, use properties ->attributes, query or request directly instead. in C:\Users\Rahmat Eka\Peta-Interaktif\vendor\symfony\deprecation-contracts\function.php on line 25  
[2026-06-17 12:20:33] laravel.EMERGENCY: Unable to create configured logger. Using emergency logger. {"exception":"[object] (InvalidArgumentException(code: 0): NullHandler must be an instance of Monolog\\Handler\\HandlerInterface at C:/Users/Rahmat Eka/Peta-Interaktif/vendor/laravel/framework/src/Illuminate/Log/LogManager.php:398)
[stacktrace]
#0 C:/Users/Rahmat Eka/Peta-Interaktif/vendor/laravel/framework/src/Illuminate/Log/LogManager.php(232): Illuminate/Log/LogManager->createMonologDriver(Array)
#1 C:/Users/Rahmat Eka/Peta-Interaktif/vendor/laravel/framework/src/Illuminate/Log/LogManager.php(138): Illuminate/Log/LogManager->resolve('deprecations', Array)
#2 C:/Users/Rahmat Eka/Peta-Interaktif/vendor/laravel/framework/src/Illuminate/Log/LogManager.php(125): Illuminate/Log/LogManager->get('deprecations')
#3 C:/Users/Rahmat Eka/Peta-Interaktif/vendor/laravel/framework/src/Illuminate/Log/LogManager.php(114): Illuminate/Log/LogManager->driver('deprecations')
#4 C:/Users/Rahmat Eka/Peta-Interaktif/vendor/laravel/framework/src/Illuminate/Foundation/Bootstrap/HandleExceptions.php(109): Illuminate/Log/LogManager->channel('deprecations')
#5 C:/Users/Rahmat Eka/Peta-Interaktif/vendor/laravel/framework/src/Illuminate/Foundation/Bootstrap/HandleExceptions.php(74): Illuminate/Foundation/Bootstrap/HandleExceptions->handleDeprecationError('Since symfony/h...', 'C://Users//Rahmat...', 25, 16384)
#6 C:/Users/Rahmat Eka/Peta-Interaktif/vendor/laravel/framework/src/Illuminate/Foundation/Bootstrap/HandleExceptions.php(262): Illuminate/Foundation/Bootstrap/HandleExceptions->handleError(16384, 'Since symfony/h...', 'C://Users//Rahmat...', 25)
#7 [internal function]: Illuminate/Foundation/Bootstrap/HandleExceptions->Illuminate/Foundation/Bootstrap/{closure}(16384, 'Since symfony/h...', 'C://Users//Rahmat...', 25)
#8 C:/Users/Rahmat Eka/Peta-Interaktif/vendor/symfony/deprecation-contracts/function.php(25): trigger_error('Since symfony/h...', 16384)
#9 C:/Users/Rahmat Eka/Peta-Interaktif/vendor/symfony/http-foundation/Request.php(754): trigger_deprecation('symfony/http-fo...', '7.4', 'Request::get() ...')
#10 C:/Users/Rahmat Eka/Peta-Interaktif/vendor/laravel/framework/src/Illuminate/Http/Request.php(441): Symfony/Component/HttpFoundation/Request->get('tab', 'masyarakat')
#11 C:/Users/Rahmat Eka/Peta-Interaktif/app/Http/Controllers/Admin/ManageUsersController.php(15): Illuminate/Http/Request->get('tab', 'masyarakat')
#12 C:/Users/Rahmat Eka/Peta-Interaktif/vendor/laravel/framework/src/Illuminate/Routing/Controller.php(54): App/Http/Controllers/Admin/ManageUsersController->index(Object(Illuminate/Http/Request))
#13 C:/Users/Rahmat Eka/Peta-Interaktif/vendor/laravel/framework/src/Illuminate/Routing/ControllerDispatcher.php(43): Illuminate/Routing/Controller->callAction('index', Array)
#14 C:/Users/Rahmat Eka/Peta-Interaktif/vendor/laravel/framework/src/Illuminate/Routing/Route.php(265): Illuminate/Routing/ControllerDispatcher->dispatch(Object(Illuminate/Routing/Route), Object(App/Http/Controllers/Admin/ManageUsersController), 'index')
#15 C:/Users/Rahmat Eka/Peta-Interaktif/vendor/laravel/framework/src/Illuminate/Routing/Route.php(211): Illuminate/Routing/Route->runController()
#16 C:/Users/Rahmat Eka/Peta-Interaktif/vendor/laravel/framework/src/Illuminate/Routing/Router.php(822): Illuminate/Routing/Route->run()
#17 C:/Users/Rahmat Eka/Peta-Interaktif/vendor/laravel/framework/src/Illuminate/Pipeline/Pipeline.php(180): Illuminate/Routing/Router->Illuminate/Routing/{closure}(Object(Illuminate/Http/Request))
#18 C:/Users/Rahmat Eka/Peta-Interaktif/vendor/laravel/framework/src/Illuminate/Routing/Middleware/SubstituteBindings.php(50): Illuminate/Pipeline/Pipeline->Illuminate/Pipeline/{closure}(Object(Illuminate/Http/Request))
#19 C:/Users/Rahmat Eka/Peta-Interaktif/vendor/laravel/framework/src/Illuminate/Pipeline/Pipeline.php(219): Illuminate/Routing/Middleware/SubstituteBindings->handle(Object(Illuminate/Http/Request), Object(Closure))
#20 C:/Users/Rahmat Eka/Peta-Interaktif/vendor/laravel/framework/src/Illuminate/Auth/Middleware/Authenticate.php(63): Illuminate/Pipeline/Pipeline->Illuminate/Pipeline/{closure}(Object(Illuminate/Http/Request))
#21 C:/Users/Rahmat Eka/Peta-Interaktif/vendor/laravel/framework/src/Illuminate/Pipeline/Pipeline.php(219): Illuminate/Auth/Middleware/Authenticate->handle(Object(Illuminate/Http/Request), Object(Closure), 'admin')
#22 C:/Users/Rahmat Eka/Peta-Interaktif/vendor/laravel/framework/src/Illuminate/Foundation/Http/Middleware/VerifyCsrfToken.php(87): Illuminate/Pipeline/Pipeline->Illuminate/Pipeline/{closure}(Object(Illuminate/Http/Request))
#23 C:/Users/Rahmat Eka/Peta-Interaktif/vendor/laravel/framework/src/Illuminate/Pipeline/Pipeline.php(219): Illuminate/Foundation/Http/Middleware/VerifyCsrfToken->handle(Object(Illuminate/Http/Request), Object(Closure))
#24 C:/Users/Rahmat Eka/Peta-Interaktif/vendor/laravel/framework/src/Illuminate/View/Middleware/ShareErrorsFromSession.php(48): Illuminate/Pipeline/Pipeline->Illuminate/Pipeline/{closure}(Object(Illuminate/Http/Request))
#25 C:/Users/Rahmat Eka/Peta-Interaktif/vendor/laravel/framework/src/Illuminate/Pipeline/Pipeline.php(219): Illuminate/View/Middleware/ShareErrorsFromSession->handle(Object(Illuminate/Http/Request), Object(Closure))
#26 C:/Users/Rahmat Eka/Peta-Interaktif/vendor/laravel/framework/src/Illuminate/Session/Middleware/StartSession.php(120): Illuminate/Pipeline/Pipeline->Illuminate/Pipeline/{closure}(Object(Illuminate/Http/Request))
#27 C:/Users/Rahmat Eka/Peta-Interaktif/vendor/laravel/framework/src/Illuminate/Session/Middleware/StartSession.php(63): Illuminate/Session/Middleware/StartSession->handleStatefulRequest(Object(Illuminate/Http/Request), Object(Illuminate/Session/Store), Object(Closure))
#28 C:/Users/Rahmat Eka/Peta-Interaktif/vendor/laravel/framework/src/Illuminate/Pipeline/Pipeline.php(219): Illuminate/Session/Middleware/StartSession->handle(Object(Illuminate/Http/Request), Object(Closure))
#29 C:/Users/Rahmat Eka/Peta-Interaktif/vendor/laravel/framework/src/Illuminate/Cookie/Middleware/AddQueuedCookiesToResponse.php(36): Illuminate/Pipeline/Pipeline->Illuminate/Pipeline/{closure}(Object(Illuminate/Http/Request))
#30 C:/Users/Rahmat Eka/Peta-Interaktif/vendor/laravel/framework/src/Illuminate/Pipeline/Pipeline.php(219): Illuminate/Cookie/Middleware/AddQueuedCookiesToResponse->handle(Object(Illuminate/Http/Request), Object(Closure))
#31 C:/Users/Rahmat Eka/Peta-Interaktif/vendor/laravel/framework/src/Illuminate/Cookie/Middleware/EncryptCookies.php(74): Illuminate/Pipeline/Pipeline->Illuminate/Pipeline/{closure}(Object(Illuminate/Http/Request))
#32 C:/Users/Rahmat Eka/Peta-Interaktif/vendor/laravel/framework/src/Illuminate/Pipeline/Pipeline.php(219): Illuminate/Cookie/Middleware/EncryptCookies->handle(Object(Illuminate/Http/Request), Object(Closure))
#33 C:/Users/Rahmat Eka/Peta-Interaktif/vendor/laravel/framework/src/Illuminate/Pipeline/Pipeline.php(137): Illuminate/Pipeline/Pipeline->Illuminate/Pipeline/{closure}(Object(Illuminate/Http/Request))
#34 C:/Users/Rahmat Eka/Peta-Interaktif/vendor/laravel/framework/src/Illuminate/Routing/Router.php(821): Illuminate/Pipeline/Pipeline->then(Object(Closure))
#35 C:/Users/Rahmat Eka/Peta-Interaktif/vendor/laravel/framework/src/Illuminate/Routing/Router.php(800): Illuminate/Routing/Router->runRouteWithinStack(Object(Illuminate/Routing/Route), Object(Illuminate/Http/Request))
#36 C:/Users/Rahmat Eka/Peta-Interaktif/vendor/laravel/framework/src/Illuminate/Routing/Router.php(764): Illuminate/Routing/Router->runRoute(Object(Illuminate/Http/Request), Object(Illuminate/Routing/Route))
#37 C:/Users/Rahmat Eka/Peta-Interaktif/vendor/laravel/framework/src/Illuminate/Routing/Router.php(753): Illuminate/Routing/Router->dispatchToRoute(Object(Illuminate/Http/Request))
#38 C:/Users/Rahmat Eka/Peta-Interaktif/vendor/laravel/framework/src/Illuminate/Foundation/Http/Kernel.php(200): Illuminate/Routing/Router->dispatch(Object(Illuminate/Http/Request))
#39 C:/Users/Rahmat Eka/Peta-Interaktif/vendor/laravel/framework/src/Illuminate/Pipeline/Pipeline.php(180): Illuminate/Foundation/Http/Kernel->Illuminate/Foundation/Http/{closure}(Object(Illuminate/Http/Request))
#40 C:/Users/Rahmat Eka/Peta-Interaktif/vendor/laravel/framework/src/Illuminate/Foundation/Http/Middleware/TransformsRequest.php(21): Illuminate/Pipeline/Pipeline->Illuminate/Pipeline/{closure}(Object(Illuminate/Http/Request))
#41 C:/Users/Rahmat Eka/Peta-Interaktif/vendor/laravel/framework/src/Illuminate/Foundation/Http/Middleware/ConvertEmptyStringsToNull.php(31): Illuminate/Foundation/Http/Middleware/TransformsRequest->handle(Object(Illuminate/Http/Request), Object(Closure))
#42 C:/Users/Rahmat Eka/Peta-Interaktif/vendor/laravel/framework/src/Illuminate/Pipeline/Pipeline.php(219): Illuminate/Foundation/Http/Middleware/ConvertEmptyStringsToNull->handle(Object(Illuminate/Http/Request), Object(Closure))
#43 C:/Users/Rahmat Eka/Peta-Interaktif/vendor/laravel/framework/src/Illuminate/Foundation/Http/Middleware/TransformsRequest.php(21): Illuminate/Pipeline/Pipeline->Illuminate/Pipeline/{closure}(Object(Illuminate/Http/Request))
#44 C:/Users/Rahmat Eka/Peta-Interaktif/vendor/laravel/framework/src/Illuminate/Foundation/Http/Middleware/TrimStrings.php(51): Illuminate/Foundation/Http/Middleware/TransformsRequest->handle(Object(Illuminate/Http/Request), Object(Closure))
#45 C:/Users/Rahmat Eka/Peta-Interaktif/vendor/laravel/framework/src/Illuminate/Pipeline/Pipeline.php(219): Illuminate/Foundation/Http/Middleware/TrimStrings->handle(Object(Illuminate/Http/Request), Object(Closure))
#46 C:/Users/Rahmat Eka/Peta-Interaktif/vendor/laravel/framework/src/Illuminate/Http/Middleware/ValidatePostSize.php(27): Illuminate/Pipeline/Pipeline->Illuminate/Pipeline/{closure}(Object(Illuminate/Http/Request))
#47 C:/Users/Rahmat Eka/Peta-Interaktif/vendor/laravel/framework/src/Illuminate/Pipeline/Pipeline.php(219): Illuminate/Http/Middleware/ValidatePostSize->handle(Object(Illuminate/Http/Request), Object(Closure))
#48 C:/Users/Rahmat Eka/Peta-Interaktif/vendor/laravel/framework/src/Illuminate/Foundation/Http/Middleware/PreventRequestsDuringMaintenance.php(109): Illuminate/Pipeline/Pipeline->Illuminate/Pipeline/{closure}(Object(Illuminate/Http/Request))
#49 C:/Users/Rahmat Eka/Peta-Interaktif/vendor/laravel/framework/src/Illuminate/Pipeline/Pipeline.php(219): Illuminate/Foundation/Http/Middleware/PreventRequestsDuringMaintenance->handle(Object(Illuminate/Http/Request), Object(Closure))
#50 C:/Users/Rahmat Eka/Peta-Interaktif/vendor/laravel/framework/src/Illuminate/Http/Middleware/HandleCors.php(61): Illuminate/Pipeline/Pipeline->Illuminate/Pipeline/{closure}(Object(Illuminate/Http/Request))
#51 C:/Users/Rahmat Eka/Peta-Interaktif/vendor/laravel/framework/src/Illuminate/Pipeline/Pipeline.php(219): Illuminate/Http/Middleware/HandleCors->handle(Object(Illuminate/Http/Request), Object(Closure))
#52 C:/Users/Rahmat Eka/Peta-Interaktif/vendor/laravel/framework/src/Illuminate/Http/Middleware/TrustProxies.php(58): Illuminate/Pipeline/Pipeline->Illuminate/Pipeline/{closure}(Object(Illuminate/Http/Request))
#53 C:/Users/Rahmat Eka/Peta-Interaktif/vendor/laravel/framework/src/Illuminate/Pipeline/Pipeline.php(219): Illuminate/Http/Middleware/TrustProxies->handle(Object(Illuminate/Http/Request), Object(Closure))
#54 C:/Users/Rahmat Eka/Peta-Interaktif/vendor/laravel/framework/src/Illuminate/Foundation/Http/Middleware/InvokeDeferredCallbacks.php(22): Illuminate/Pipeline/Pipeline->Illuminate/Pipeline/{closure}(Object(Illuminate/Http/Request))
#55 C:/Users/Rahmat Eka/Peta-Interaktif/vendor/laravel/framework/src/Illuminate/Pipeline/Pipeline.php(219): Illuminate/Foundation/Http/Middleware/InvokeDeferredCallbacks->handle(Object(Illuminate/Http/Request), Object(Closure))
#56 C:/Users/Rahmat Eka/Peta-Interaktif/vendor/laravel/framework/src/Illuminate/Http/Middleware/ValidatePathEncoding.php(26): Illuminate/Pipeline/Pipeline->Illuminate/Pipeline/{closure}(Object(Illuminate/Http/Request))
#57 C:/Users/Rahmat Eka/Peta-Interaktif/vendor/laravel/framework/src/Illuminate/Pipeline/Pipeline.php(219): Illuminate/Http/Middleware/ValidatePathEncoding->handle(Object(Illuminate/Http/Request), Object(Closure))
#58 C:/Users/Rahmat Eka/Peta-Interaktif/vendor/laravel/framework/src/Illuminate/Pipeline/Pipeline.php(137): Illuminate/Pipeline/Pipeline->Illuminate/Pipeline/{closure}(Object(Illuminate/Http/Request))
#59 C:/Users/Rahmat Eka/Peta-Interaktif/vendor/laravel/framework/src/Illuminate/Foundation/Http/Kernel.php(175): Illuminate/Pipeline/Pipeline->then(Object(Closure))
#60 C:/Users/Rahmat Eka/Peta-Interaktif/vendor/laravel/framework/src/Illuminate/Foundation/Http/Kernel.php(144): Illuminate/Foundation/Http/Kernel->sendRequestThroughRouter(Object(Illuminate/Http/Request))
#61 C:/Users/Rahmat Eka/Peta-Interaktif/vendor/laravel/framework/src/Illuminate/Foundation/Application.php(1220): Illuminate/Foundation/Http/Kernel->handle(Object(Illuminate/Http/Request))
#62 C:/Users/Rahmat Eka/Peta-Interaktif/public/index.php(18): Illuminate/Foundation/Application->handleRequest(Object(Illuminate/Http/Request))
#63 C:/Users/Rahmat Eka/Peta-Interaktif/vendor/laravel/framework/src/Illuminate/Foundation/resources/server.php(23): require_once('C://Users//Rahmat...')
#64 {main}
"} 
[2026-06-17 12:20:33] laravel.WARNING: Since symfony/http-foundation 7.4: Request::get() is deprecated, use properties ->attributes, query or request directly instead. in C:\Users\Rahmat Eka\Peta-Interaktif\vendor\symfony\deprecation-contracts\function.php on line 25  
[2026-06-17 12:20:33] laravel.EMERGENCY: Unable to create configured logger. Using emergency logger. {"exception":"[object] (InvalidArgumentException(code: 0): NullHandler must be an instance of Monolog\\Handler\\HandlerInterface at C:/Users/Rahmat Eka/Peta-Interaktif/vendor/laravel/framework/src/Illuminate/Log/LogManager.php:398)
[stacktrace]
#0 C:/Users/Rahmat Eka/Peta-Interaktif/vendor/laravel/framework/src/Illuminate/Log/LogManager.php(232): Illuminate/Log/LogManager->createMonologDriver(Array)
#1 C:/Users/Rahmat Eka/Peta-Interaktif/vendor/laravel/framework/src/Illuminate/Log/LogManager.php(138): Illuminate/Log/LogManager->resolve('deprecations', Array)
#2 C:/Users/Rahmat Eka/Peta-Interaktif/vendor/laravel/framework/src/Illuminate/Log/LogManager.php(125): Illuminate/Log/LogManager->get('deprecations')
#3 C:/Users/Rahmat Eka/Peta-Interaktif/vendor/laravel/framework/src/Illuminate/Log/LogManager.php(114): Illuminate/Log/LogManager->driver('deprecations')
#4 C:/Users/Rahmat Eka/Peta-Interaktif/vendor/laravel/framework/src/Illuminate/Foundation/Bootstrap/HandleExceptions.php(109): Illuminate/Log/LogManager->channel('deprecations')
#5 C:/Users/Rahmat Eka/Peta-Interaktif/vendor/laravel/framework/src/Illuminate/Foundation/Bootstrap/HandleExceptions.php(74): Illuminate/Foundation/Bootstrap/HandleExceptions->handleDeprecationError('Since symfony/h...', 'C://Users//Rahmat...', 25, 16384)
#6 C:/Users/Rahmat Eka/Peta-Interaktif/vendor/laravel/framework/src/Illuminate/Foundation/Bootstrap/HandleExceptions.php(262): Illuminate/Foundation/Bootstrap/HandleExceptions->handleError(16384, 'Since symfony/h...', 'C://Users//Rahmat...', 25)
#7 [internal function]: Illuminate/Foundation/Bootstrap/HandleExceptions->Illuminate/Foundation/Bootstrap/{closure}(16384, 'Since symfony/h...', 'C://Users//Rahmat...', 25)
#8 C:/Users/Rahmat Eka/Peta-Interaktif/vendor/symfony/deprecation-contracts/function.php(25): trigger_error('Since symfony/h...', 16384)
#9 C:/Users/Rahmat Eka/Peta-Interaktif/vendor/symfony/http-foundation/Request.php(754): trigger_deprecation('symfony/http-fo...', '7.4', 'Request::get() ...')
#10 C:/Users/Rahmat Eka/Peta-Interaktif/vendor/laravel/framework/src/Illuminate/Http/Request.php(441): Symfony/Component/HttpFoundation/Request->get('search', NULL)
#11 C:/Users/Rahmat Eka/Peta-Interaktif/app/Http/Controllers/Admin/ManageUsersController.php(16): Illuminate/Http/Request->get('search')
#12 C:/Users/Rahmat Eka/Peta-Interaktif/vendor/laravel/framework/src/Illuminate/Routing/Controller.php(54): App/Http/Controllers/Admin/ManageUsersController->index(Object(Illuminate/Http/Request))
#13 C:/Users/Rahmat Eka/Peta-Interaktif/vendor/laravel/framework/src/Illuminate/Routing/ControllerDispatcher.php(43): Illuminate/Routing/Controller->callAction('index', Array)
#14 C:/Users/Rahmat Eka/Peta-Interaktif/vendor/laravel/framework/src/Illuminate/Routing/Route.php(265): Illuminate/Routing/ControllerDispatcher->dispatch(Object(Illuminate/Routing/Route), Object(App/Http/Controllers/Admin/ManageUsersController), 'index')
#15 C:/Users/Rahmat Eka/Peta-Interaktif/vendor/laravel/framework/src/Illuminate/Routing/Route.php(211): Illuminate/Routing/Route->runController()
#16 C:/Users/Rahmat Eka/Peta-Interaktif/vendor/laravel/framework/src/Illuminate/Routing/Router.php(822): Illuminate/Routing/Route->run()
#17 C:/Users/Rahmat Eka/Peta-Interaktif/vendor/laravel/framework/src/Illuminate/Pipeline/Pipeline.php(180): Illuminate/Routing/Router->Illuminate/Routing/{closure}(Object(Illuminate/Http/Request))
#18 C:/Users/Rahmat Eka/Peta-Interaktif/vendor/laravel/framework/src/Illuminate/Routing/Middleware/SubstituteBindings.php(50): Illuminate/Pipeline/Pipeline->Illuminate/Pipeline/{closure}(Object(Illuminate/Http/Request))
#19 C:/Users/Rahmat Eka/Peta-Interaktif/vendor/laravel/framework/src/Illuminate/Pipeline/Pipeline.php(219): Illuminate/Routing/Middleware/SubstituteBindings->handle(Object(Illuminate/Http/Request), Object(Closure))
#20 C:/Users/Rahmat Eka/Peta-Interaktif/vendor/laravel/framework/src/Illuminate/Auth/Middleware/Authenticate.php(63): Illuminate/Pipeline/Pipeline->Illuminate/Pipeline/{closure}(Object(Illuminate/Http/Request))
#21 C:/Users/Rahmat Eka/Peta-Interaktif/vendor/laravel/framework/src/Illuminate/Pipeline/Pipeline.php(219): Illuminate/Auth/Middleware/Authenticate->handle(Object(Illuminate/Http/Request), Object(Closure), 'admin')
#22 C:/Users/Rahmat Eka/Peta-Interaktif/vendor/laravel/framework/src/Illuminate/Foundation/Http/Middleware/VerifyCsrfToken.php(87): Illuminate/Pipeline/Pipeline->Illuminate/Pipeline/{closure}(Object(Illuminate/Http/Request))
#23 C:/Users/Rahmat Eka/Peta-Interaktif/vendor/laravel/framework/src/Illuminate/Pipeline/Pipeline.php(219): Illuminate/Foundation/Http/Middleware/VerifyCsrfToken->handle(Object(Illuminate/Http/Request), Object(Closure))
#24 C:/Users/Rahmat Eka/Peta-Interaktif/vendor/laravel/framework/src/Illuminate/View/Middleware/ShareErrorsFromSession.php(48): Illuminate/Pipeline/Pipeline->Illuminate/Pipeline/{closure}(Object(Illuminate/Http/Request))
#25 C:/Users/Rahmat Eka/Peta-Interaktif/vendor/laravel/framework/src/Illuminate/Pipeline/Pipeline.php(219): Illuminate/View/Middleware/ShareErrorsFromSession->handle(Object(Illuminate/Http/Request), Object(Closure))
#26 C:/Users/Rahmat Eka/Peta-Interaktif/vendor/laravel/framework/src/Illuminate/Session/Middleware/StartSession.php(120): Illuminate/Pipeline/Pipeline->Illuminate/Pipeline/{closure}(Object(Illuminate/Http/Request))
#27 C:/Users/Rahmat Eka/Peta-Interaktif/vendor/laravel/framework/src/Illuminate/Session/Middleware/StartSession.php(63): Illuminate/Session/Middleware/StartSession->handleStatefulRequest(Object(Illuminate/Http/Request), Object(Illuminate/Session/Store), Object(Closure))
#28 C:/Users/Rahmat Eka/Peta-Interaktif/vendor/laravel/framework/src/Illuminate/Pipeline/Pipeline.php(219): Illuminate/Session/Middleware/StartSession->handle(Object(Illuminate/Http/Request), Object(Closure))
#29 C:/Users/Rahmat Eka/Peta-Interaktif/vendor/laravel/framework/src/Illuminate/Cookie/Middleware/AddQueuedCookiesToResponse.php(36): Illuminate/Pipeline/Pipeline->Illuminate/Pipeline/{closure}(Object(Illuminate/Http/Request))
#30 C:/Users/Rahmat Eka/Peta-Interaktif/vendor/laravel/framework/src/Illuminate/Pipeline/Pipeline.php(219): Illuminate/Cookie/Middleware/AddQueuedCookiesToResponse->handle(Object(Illuminate/Http/Request), Object(Closure))
#31 C:/Users/Rahmat Eka/Peta-Interaktif/vendor/laravel/framework/src/Illuminate/Cookie/Middleware/EncryptCookies.php(74): Illuminate/Pipeline/Pipeline->Illuminate/Pipeline/{closure}(Object(Illuminate/Http/Request))
#32 C:/Users/Rahmat Eka/Peta-Interaktif/vendor/laravel/framework/src/Illuminate/Pipeline/Pipeline.php(219): Illuminate/Cookie/Middleware/EncryptCookies->handle(Object(Illuminate/Http/Request), Object(Closure))
#33 C:/Users/Rahmat Eka/Peta-Interaktif/vendor/laravel/framework/src/Illuminate/Pipeline/Pipeline.php(137): Illuminate/Pipeline/Pipeline->Illuminate/Pipeline/{closure}(Object(Illuminate/Http/Request))
#34 C:/Users/Rahmat Eka/Peta-Interaktif/vendor/laravel/framework/src/Illuminate/Routing/Router.php(821): Illuminate/Pipeline/Pipeline->then(Object(Closure))
#35 C:/Users/Rahmat Eka/Peta-Interaktif/vendor/laravel/framework/src/Illuminate/Routing/Router.php(800): Illuminate/Routing/Router->runRouteWithinStack(Object(Illuminate/Routing/Route), Object(Illuminate/Http/Request))
#36 C:/Users/Rahmat Eka/Peta-Interaktif/vendor/laravel/framework/src/Illuminate/Routing/Router.php(764): Illuminate/Routing/Router->runRoute(Object(Illuminate/Http/Request), Object(Illuminate/Routing/Route))
#37 C:/Users/Rahmat Eka/Peta-Interaktif/vendor/laravel/framework/src/Illuminate/Routing/Router.php(753): Illuminate/Routing/Router->dispatchToRoute(Object(Illuminate/Http/Request))
#38 C:/Users/Rahmat Eka/Peta-Interaktif/vendor/laravel/framework/src/Illuminate/Foundation/Http/Kernel.php(200): Illuminate/Routing/Router->dispatch(Object(Illuminate/Http/Request))
#39 C:/Users/Rahmat Eka/Peta-Interaktif/vendor/laravel/framework/src/Illuminate/Pipeline/Pipeline.php(180): Illuminate/Foundation/Http/Kernel->Illuminate/Foundation/Http/{closure}(Object(Illuminate/Http/Request))
#40 C:/Users/Rahmat Eka/Peta-Interaktif/vendor/laravel/framework/src/Illuminate/Foundation/Http/Middleware/TransformsRequest.php(21): Illuminate/Pipeline/Pipeline->Illuminate/Pipeline/{closure}(Object(Illuminate/Http/Request))
#41 C:/Users/Rahmat Eka/Peta-Interaktif/vendor/laravel/framework/src/Illuminate/Foundation/Http/Middleware/ConvertEmptyStringsToNull.php(31): Illuminate/Foundation/Http/Middleware/TransformsRequest->handle(Object(Illuminate/Http/Request), Object(Closure))
#42 C:/Users/Rahmat Eka/Peta-Interaktif/vendor/laravel/framework/src/Illuminate/Pipeline/Pipeline.php(219): Illuminate/Foundation/Http/Middleware/ConvertEmptyStringsToNull->handle(Object(Illuminate/Http/Request), Object(Closure))
#43 C:/Users/Rahmat Eka/Peta-Interaktif/vendor/laravel/framework/src/Illuminate/Foundation/Http/Middleware/TransformsRequest.php(21): Illuminate/Pipeline/Pipeline->Illuminate/Pipeline/{closure}(Object(Illuminate/Http/Request))
#44 C:/Users/Rahmat Eka/Peta-Interaktif/vendor/laravel/framework/src/Illuminate/Foundation/Http/Middleware/TrimStrings.php(51): Illuminate/Foundation/Http/Middleware/TransformsRequest->handle(Object(Illuminate/Http/Request), Object(Closure))
#45 C:/Users/Rahmat Eka/Peta-Interaktif/vendor/laravel/framework/src/Illuminate/Pipeline/Pipeline.php(219): Illuminate/Foundation/Http/Middleware/TrimStrings->handle(Object(Illuminate/Http/Request), Object(Closure))
#46 C:/Users/Rahmat Eka/Peta-Interaktif/vendor/laravel/framework/src/Illuminate/Http/Middleware/ValidatePostSize.php(27): Illuminate/Pipeline/Pipeline->Illuminate/Pipeline/{closure}(Object(Illuminate/Http/Request))
#47 C:/Users/Rahmat Eka/Peta-Interaktif/vendor/laravel/framework/src/Illuminate/Pipeline/Pipeline.php(219): Illuminate/Http/Middleware/ValidatePostSize->handle(Object(Illuminate/Http/Request), Object(Closure))
#48 C:/Users/Rahmat Eka/Peta-Interaktif/vendor/laravel/framework/src/Illuminate/Foundation/Http/Middleware/PreventRequestsDuringMaintenance.php(109): Illuminate/Pipeline/Pipeline->Illuminate/Pipeline/{closure}(Object(Illuminate/Http/Request))
#49 C:/Users/Rahmat Eka/Peta-Interaktif/vendor/laravel/framework/src/Illuminate/Pipeline/Pipeline.php(219): Illuminate/Foundation/Http/Middleware/PreventRequestsDuringMaintenance->handle(Object(Illuminate/Http/Request), Object(Closure))
#50 C:/Users/Rahmat Eka/Peta-Interaktif/vendor/laravel/framework/src/Illuminate/Http/Middleware/HandleCors.php(61): Illuminate/Pipeline/Pipeline->Illuminate/Pipeline/{closure}(Object(Illuminate/Http/Request))
#51 C:/Users/Rahmat Eka/Peta-Interaktif/vendor/laravel/framework/src/Illuminate/Pipeline/Pipeline.php(219): Illuminate/Http/Middleware/HandleCors->handle(Object(Illuminate/Http/Request), Object(Closure))
#52 C:/Users/Rahmat Eka/Peta-Interaktif/vendor/laravel/framework/src/Illuminate/Http/Middleware/TrustProxies.php(58): Illuminate/Pipeline/Pipeline->Illuminate/Pipeline/{closure}(Object(Illuminate/Http/Request))
#53 C:/Users/Rahmat Eka/Peta-Interaktif/vendor/laravel/framework/src/Illuminate/Pipeline/Pipeline.php(219): Illuminate/Http/Middleware/TrustProxies->handle(Object(Illuminate/Http/Request), Object(Closure))
#54 C:/Users/Rahmat Eka/Peta-Interaktif/vendor/laravel/framework/src/Illuminate/Foundation/Http/Middleware/InvokeDeferredCallbacks.php(22): Illuminate/Pipeline/Pipeline->Illuminate/Pipeline/{closure}(Object(Illuminate/Http/Request))
#55 C:/Users/Rahmat Eka/Peta-Interaktif/vendor/laravel/framework/src/Illuminate/Pipeline/Pipeline.php(219): Illuminate/Foundation/Http/Middleware/InvokeDeferredCallbacks->handle(Object(Illuminate/Http/Request), Object(Closure))
#56 C:/Users/Rahmat Eka/Peta-Interaktif/vendor/laravel/framework/src/Illuminate/Http/Middleware/ValidatePathEncoding.php(26): Illuminate/Pipeline/Pipeline->Illuminate/Pipeline/{closure}(Object(Illuminate/Http/Request))
#57 C:/Users/Rahmat Eka/Peta-Interaktif/vendor/laravel/framework/src/Illuminate/Pipeline/Pipeline.php(219): Illuminate/Http/Middleware/ValidatePathEncoding->handle(Object(Illuminate/Http/Request), Object(Closure))
#58 C:/Users/Rahmat Eka/Peta-Interaktif/vendor/laravel/framework/src/Illuminate/Pipeline/Pipeline.php(137): Illuminate/Pipeline/Pipeline->Illuminate/Pipeline/{closure}(Object(Illuminate/Http/Request))
#59 C:/Users/Rahmat Eka/Peta-Interaktif/vendor/laravel/framework/src/Illuminate/Foundation/Http/Kernel.php(175): Illuminate/Pipeline/Pipeline->then(Object(Closure))
#60 C:/Users/Rahmat Eka/Peta-Interaktif/vendor/laravel/framework/src/Illuminate/Foundation/Http/Kernel.php(144): Illuminate/Foundation/Http/Kernel->sendRequestThroughRouter(Object(Illuminate/Http/Request))
#61 C:/Users/Rahmat Eka/Peta-Interaktif/vendor/laravel/framework/src/Illuminate/Foundation/Application.php(1220): Illuminate/Foundation/Http/Kernel->handle(Object(Illuminate/Http/Request))
#62 C:/Users/Rahmat Eka/Peta-Interaktif/public/index.php(18): Illuminate/Foundation/Application->handleRequest(Object(Illuminate/Http/Request))
#63 C:/Users/Rahmat Eka/Peta-Interaktif/vendor/laravel/framework/src/Illuminate/Foundation/resources/server.php(23): require_once('C://Users//Rahmat...')
#64 {main}
"} 
[2026-06-17 12:20:33] laravel.WARNING: Since symfony/http-foundation 7.4: Request::get() is deprecated, use properties ->attributes, query or request directly instead. in C:\Users\Rahmat Eka\Peta-Interaktif\vendor\symfony\deprecation-contracts\function.php on line 25  
[2026-06-18 20:27:40] laravel.EMERGENCY: Unable to create configured logger. Using emergency logger. {"exception":"[object] (InvalidArgumentException(code: 0): NullHandler must be an instance of Monolog\\Handler\\HandlerInterface at C:/Users/Rahmat Eka/Peta-Interaktif/vendor/laravel/framework/src/Illuminate/Log/LogManager.php:398)
[stacktrace]
#0 C:/Users/Rahmat Eka/Peta-Interaktif/vendor/laravel/framework/src/Illuminate/Log/LogManager.php(232): Illuminate/Log/LogManager->createMonologDriver(Array)
#1 C:/Users/Rahmat Eka/Peta-Interaktif/vendor/laravel/framework/src/Illuminate/Log/LogManager.php(138): Illuminate/Log/LogManager->resolve('deprecations', Array)
#2 C:/Users/Rahmat Eka/Peta-Interaktif/vendor/laravel/framework/src/Illuminate/Log/LogManager.php(125): Illuminate/Log/LogManager->get('deprecations')
#3 C:/Users/Rahmat Eka/Peta-Interaktif/vendor/laravel/framework/src/Illuminate/Log/LogManager.php(114): Illuminate/Log/LogManager->driver('deprecations')
#4 C:/Users/Rahmat Eka/Peta-Interaktif/vendor/laravel/framework/src/Illuminate/Foundation/Bootstrap/HandleExceptions.php(109): Illuminate/Log/LogManager->channel('deprecations')
#5 C:/Users/Rahmat Eka/Peta-Interaktif/vendor/laravel/framework/src/Illuminate/Foundation/Bootstrap/HandleExceptions.php(74): Illuminate/Foundation/Bootstrap/HandleExceptions->handleDeprecationError('Since symfony/h...', 'C://Users//Rahmat...', 25, 16384)
#6 C:/Users/Rahmat Eka/Peta-Interaktif/vendor/laravel/framework/src/Illuminate/Foundation/Bootstrap/HandleExceptions.php(262): Illuminate/Foundation/Bootstrap/HandleExceptions->handleError(16384, 'Since symfony/h...', 'C://Users//Rahmat...', 25)
#7 [internal function]: Illuminate/Foundation/Bootstrap/HandleExceptions->Illuminate/Foundation/Bootstrap/{closure}(16384, 'Since symfony/h...', 'C://Users//Rahmat...', 25)
#8 C:/Users/Rahmat Eka/Peta-Interaktif/vendor/symfony/deprecation-contracts/function.php(25): trigger_error('Since symfony/h...', 16384)
#9 C:/Users/Rahmat Eka/Peta-Interaktif/vendor/symfony/http-foundation/Request.php(754): trigger_deprecation('symfony/http-fo...', '7.4', 'Request::get() ...')
#10 C:/Users/Rahmat Eka/Peta-Interaktif/vendor/laravel/framework/src/Illuminate/Http/Request.php(441): Symfony/Component/HttpFoundation/Request->get('tab', 'masyarakat')
#11 C:/Users/Rahmat Eka/Peta-Interaktif/app/Http/Controllers/Admin/ManageUsersController.php(15): Illuminate/Http/Request->get('tab', 'masyarakat')
#12 C:/Users/Rahmat Eka/Peta-Interaktif/vendor/laravel/framework/src/Illuminate/Routing/Controller.php(54): App/Http/Controllers/Admin/ManageUsersController->index(Object(Illuminate/Http/Request))
#13 C:/Users/Rahmat Eka/Peta-Interaktif/vendor/laravel/framework/src/Illuminate/Routing/ControllerDispatcher.php(43): Illuminate/Routing/Controller->callAction('index', Array)
#14 C:/Users/Rahmat Eka/Peta-Interaktif/vendor/laravel/framework/src/Illuminate/Routing/Route.php(265): Illuminate/Routing/ControllerDispatcher->dispatch(Object(Illuminate/Routing/Route), Object(App/Http/Controllers/Admin/ManageUsersController), 'index')
#15 C:/Users/Rahmat Eka/Peta-Interaktif/vendor/laravel/framework/src/Illuminate/Routing/Route.php(211): Illuminate/Routing/Route->runController()
#16 C:/Users/Rahmat Eka/Peta-Interaktif/vendor/laravel/framework/src/Illuminate/Routing/Router.php(822): Illuminate/Routing/Route->run()
#17 C:/Users/Rahmat Eka/Peta-Interaktif/vendor/laravel/framework/src/Illuminate/Pipeline/Pipeline.php(180): Illuminate/Routing/Router->Illuminate/Routing/{closure}(Object(Illuminate/Http/Request))
#18 C:/Users/Rahmat Eka/Peta-Interaktif/vendor/laravel/framework/src/Illuminate/Routing/Middleware/SubstituteBindings.php(50): Illuminate/Pipeline/Pipeline->Illuminate/Pipeline/{closure}(Object(Illuminate/Http/Request))
#19 C:/Users/Rahmat Eka/Peta-Interaktif/vendor/laravel/framework/src/Illuminate/Pipeline/Pipeline.php(219): Illuminate/Routing/Middleware/SubstituteBindings->handle(Object(Illuminate/Http/Request), Object(Closure))
#20 C:/Users/Rahmat Eka/Peta-Interaktif/vendor/laravel/framework/src/Illuminate/Auth/Middleware/Authenticate.php(63): Illuminate/Pipeline/Pipeline->Illuminate/Pipeline/{closure}(Object(Illuminate/Http/Request))
#21 C:/Users/Rahmat Eka/Peta-Interaktif/vendor/laravel/framework/src/Illuminate/Pipeline/Pipeline.php(219): Illuminate/Auth/Middleware/Authenticate->handle(Object(Illuminate/Http/Request), Object(Closure), 'admin')
#22 C:/Users/Rahmat Eka/Peta-Interaktif/vendor/laravel/framework/src/Illuminate/Foundation/Http/Middleware/VerifyCsrfToken.php(87): Illuminate/Pipeline/Pipeline->Illuminate/Pipeline/{closure}(Object(Illuminate/Http/Request))
#23 C:/Users/Rahmat Eka/Peta-Interaktif/vendor/laravel/framework/src/Illuminate/Pipeline/Pipeline.php(219): Illuminate/Foundation/Http/Middleware/VerifyCsrfToken->handle(Object(Illuminate/Http/Request), Object(Closure))
#24 C:/Users/Rahmat Eka/Peta-Interaktif/vendor/laravel/framework/src/Illuminate/View/Middleware/ShareErrorsFromSession.php(48): Illuminate/Pipeline/Pipeline->Illuminate/Pipeline/{closure}(Object(Illuminate/Http/Request))
#25 C:/Users/Rahmat Eka/Peta-Interaktif/vendor/laravel/framework/src/Illuminate/Pipeline/Pipeline.php(219): Illuminate/View/Middleware/ShareErrorsFromSession->handle(Object(Illuminate/Http/Request), Object(Closure))
#26 C:/Users/Rahmat Eka/Peta-Interaktif/vendor/laravel/framework/src/Illuminate/Session/Middleware/StartSession.php(120): Illuminate/Pipeline/Pipeline->Illuminate/Pipeline/{closure}(Object(Illuminate/Http/Request))
#27 C:/Users/Rahmat Eka/Peta-Interaktif/vendor/laravel/framework/src/Illuminate/Session/Middleware/StartSession.php(63): Illuminate/Session/Middleware/StartSession->handleStatefulRequest(Object(Illuminate/Http/Request), Object(Illuminate/Session/Store), Object(Closure))
#28 C:/Users/Rahmat Eka/Peta-Interaktif/vendor/laravel/framework/src/Illuminate/Pipeline/Pipeline.php(219): Illuminate/Session/Middleware/StartSession->handle(Object(Illuminate/Http/Request), Object(Closure))
#29 C:/Users/Rahmat Eka/Peta-Interaktif/vendor/laravel/framework/src/Illuminate/Cookie/Middleware/AddQueuedCookiesToResponse.php(36): Illuminate/Pipeline/Pipeline->Illuminate/Pipeline/{closure}(Object(Illuminate/Http/Request))
#30 C:/Users/Rahmat Eka/Peta-Interaktif/vendor/laravel/framework/src/Illuminate/Pipeline/Pipeline.php(219): Illuminate/Cookie/Middleware/AddQueuedCookiesToResponse->handle(Object(Illuminate/Http/Request), Object(Closure))
#31 C:/Users/Rahmat Eka/Peta-Interaktif/vendor/laravel/framework/src/Illuminate/Cookie/Middleware/EncryptCookies.php(74): Illuminate/Pipeline/Pipeline->Illuminate/Pipeline/{closure}(Object(Illuminate/Http/Request))
#32 C:/Users/Rahmat Eka/Peta-Interaktif/vendor/laravel/framework/src/Illuminate/Pipeline/Pipeline.php(219): Illuminate/Cookie/Middleware/EncryptCookies->handle(Object(Illuminate/Http/Request), Object(Closure))
#33 C:/Users/Rahmat Eka/Peta-Interaktif/vendor/laravel/framework/src/Illuminate/Pipeline/Pipeline.php(137): Illuminate/Pipeline/Pipeline->Illuminate/Pipeline/{closure}(Object(Illuminate/Http/Request))
#34 C:/Users/Rahmat Eka/Peta-Interaktif/vendor/laravel/framework/src/Illuminate/Routing/Router.php(821): Illuminate/Pipeline/Pipeline->then(Object(Closure))
#35 C:/Users/Rahmat Eka/Peta-Interaktif/vendor/laravel/framework/src/Illuminate/Routing/Router.php(800): Illuminate/Routing/Router->runRouteWithinStack(Object(Illuminate/Routing/Route), Object(Illuminate/Http/Request))
#36 C:/Users/Rahmat Eka/Peta-Interaktif/vendor/laravel/framework/src/Illuminate/Routing/Router.php(764): Illuminate/Routing/Router->runRoute(Object(Illuminate/Http/Request), Object(Illuminate/Routing/Route))
#37 C:/Users/Rahmat Eka/Peta-Interaktif/vendor/laravel/framework/src/Illuminate/Routing/Router.php(753): Illuminate/Routing/Router->dispatchToRoute(Object(Illuminate/Http/Request))
#38 C:/Users/Rahmat Eka/Peta-Interaktif/vendor/laravel/framework/src/Illuminate/Foundation/Http/Kernel.php(200): Illuminate/Routing/Router->dispatch(Object(Illuminate/Http/Request))
#39 C:/Users/Rahmat Eka/Peta-Interaktif/vendor/laravel/framework/src/Illuminate/Pipeline/Pipeline.php(180): Illuminate/Foundation/Http/Kernel->Illuminate/Foundation/Http/{closure}(Object(Illuminate/Http/Request))
#40 C:/Users/Rahmat Eka/Peta-Interaktif/vendor/laravel/framework/src/Illuminate/Foundation/Http/Middleware/TransformsRequest.php(21): Illuminate/Pipeline/Pipeline->Illuminate/Pipeline/{closure}(Object(Illuminate/Http/Request))
#41 C:/Users/Rahmat Eka/Peta-Interaktif/vendor/laravel/framework/src/Illuminate/Foundation/Http/Middleware/ConvertEmptyStringsToNull.php(31): Illuminate/Foundation/Http/Middleware/TransformsRequest->handle(Object(Illuminate/Http/Request), Object(Closure))
#42 C:/Users/Rahmat Eka/Peta-Interaktif/vendor/laravel/framework/src/Illuminate/Pipeline/Pipeline.php(219): Illuminate/Foundation/Http/Middleware/ConvertEmptyStringsToNull->handle(Object(Illuminate/Http/Request), Object(Closure))
#43 C:/Users/Rahmat Eka/Peta-Interaktif/vendor/laravel/framework/src/Illuminate/Foundation/Http/Middleware/TransformsRequest.php(21): Illuminate/Pipeline/Pipeline->Illuminate/Pipeline/{closure}(Object(Illuminate/Http/Request))
#44 C:/Users/Rahmat Eka/Peta-Interaktif/vendor/laravel/framework/src/Illuminate/Foundation/Http/Middleware/TrimStrings.php(51): Illuminate/Foundation/Http/Middleware/TransformsRequest->handle(Object(Illuminate/Http/Request), Object(Closure))
#45 C:/Users/Rahmat Eka/Peta-Interaktif/vendor/laravel/framework/src/Illuminate/Pipeline/Pipeline.php(219): Illuminate/Foundation/Http/Middleware/TrimStrings->handle(Object(Illuminate/Http/Request), Object(Closure))
#46 C:/Users/Rahmat Eka/Peta-Interaktif/vendor/laravel/framework/src/Illuminate/Http/Middleware/ValidatePostSize.php(27): Illuminate/Pipeline/Pipeline->Illuminate/Pipeline/{closure}(Object(Illuminate/Http/Request))
#47 C:/Users/Rahmat Eka/Peta-Interaktif/vendor/laravel/framework/src/Illuminate/Pipeline/Pipeline.php(219): Illuminate/Http/Middleware/ValidatePostSize->handle(Object(Illuminate/Http/Request), Object(Closure))
#48 C:/Users/Rahmat Eka/Peta-Interaktif/vendor/laravel/framework/src/Illuminate/Foundation/Http/Middleware/PreventRequestsDuringMaintenance.php(109): Illuminate/Pipeline/Pipeline->Illuminate/Pipeline/{closure}(Object(Illuminate/Http/Request))
#49 C:/Users/Rahmat Eka/Peta-Interaktif/vendor/laravel/framework/src/Illuminate/Pipeline/Pipeline.php(219): Illuminate/Foundation/Http/Middleware/PreventRequestsDuringMaintenance->handle(Object(Illuminate/Http/Request), Object(Closure))
#50 C:/Users/Rahmat Eka/Peta-Interaktif/vendor/laravel/framework/src/Illuminate/Http/Middleware/HandleCors.php(61): Illuminate/Pipeline/Pipeline->Illuminate/Pipeline/{closure}(Object(Illuminate/Http/Request))
#51 C:/Users/Rahmat Eka/Peta-Interaktif/vendor/laravel/framework/src/Illuminate/Pipeline/Pipeline.php(219): Illuminate/Http/Middleware/HandleCors->handle(Object(Illuminate/Http/Request), Object(Closure))
#52 C:/Users/Rahmat Eka/Peta-Interaktif/vendor/laravel/framework/src/Illuminate/Http/Middleware/TrustProxies.php(58): Illuminate/Pipeline/Pipeline->Illuminate/Pipeline/{closure}(Object(Illuminate/Http/Request))
#53 C:/Users/Rahmat Eka/Peta-Interaktif/vendor/laravel/framework/src/Illuminate/Pipeline/Pipeline.php(219): Illuminate/Http/Middleware/TrustProxies->handle(Object(Illuminate/Http/Request), Object(Closure))
#54 C:/Users/Rahmat Eka/Peta-Interaktif/vendor/laravel/framework/src/Illuminate/Foundation/Http/Middleware/InvokeDeferredCallbacks.php(22): Illuminate/Pipeline/Pipeline->Illuminate/Pipeline/{closure}(Object(Illuminate/Http/Request))
#55 C:/Users/Rahmat Eka/Peta-Interaktif/vendor/laravel/framework/src/Illuminate/Pipeline/Pipeline.php(219): Illuminate/Foundation/Http/Middleware/InvokeDeferredCallbacks->handle(Object(Illuminate/Http/Request), Object(Closure))
#56 C:/Users/Rahmat Eka/Peta-Interaktif/vendor/laravel/framework/src/Illuminate/Http/Middleware/ValidatePathEncoding.php(26): Illuminate/Pipeline/Pipeline->Illuminate/Pipeline/{closure}(Object(Illuminate/Http/Request))
#57 C:/Users/Rahmat Eka/Peta-Interaktif/vendor/laravel/framework/src/Illuminate/Pipeline/Pipeline.php(219): Illuminate/Http/Middleware/ValidatePathEncoding->handle(Object(Illuminate/Http/Request), Object(Closure))
#58 C:/Users/Rahmat Eka/Peta-Interaktif/vendor/laravel/framework/src/Illuminate/Pipeline/Pipeline.php(137): Illuminate/Pipeline/Pipeline->Illuminate/Pipeline/{closure}(Object(Illuminate/Http/Request))
#59 C:/Users/Rahmat Eka/Peta-Interaktif/vendor/laravel/framework/src/Illuminate/Foundation/Http/Kernel.php(175): Illuminate/Pipeline/Pipeline->then(Object(Closure))
#60 C:/Users/Rahmat Eka/Peta-Interaktif/vendor/laravel/framework/src/Illuminate/Foundation/Http/Kernel.php(144): Illuminate/Foundation/Http/Kernel->sendRequestThroughRouter(Object(Illuminate/Http/Request))
#61 C:/Users/Rahmat Eka/Peta-Interaktif/vendor/laravel/framework/src/Illuminate/Foundation/Application.php(1220): Illuminate/Foundation/Http/Kernel->handle(Object(Illuminate/Http/Request))
#62 C:/Users/Rahmat Eka/Peta-Interaktif/public/index.php(18): Illuminate/Foundation/Application->handleRequest(Object(Illuminate/Http/Request))
#63 C:/Users/Rahmat Eka/Peta-Interaktif/vendor/laravel/framework/src/Illuminate/Foundation/resources/server.php(23): require_once('C://Users//Rahmat...')
#64 {main}
"} 
[2026-06-18 20:27:40] laravel.WARNING: Since symfony/http-foundation 7.4: Request::get() is deprecated, use properties ->attributes, query or request directly instead. in C:\Users\Rahmat Eka\Peta-Interaktif\vendor\symfony\deprecation-contracts\function.php on line 25  
[2026-06-18 20:27:40] laravel.EMERGENCY: Unable to create configured logger. Using emergency logger. {"exception":"[object] (InvalidArgumentException(code: 0): NullHandler must be an instance of Monolog\\Handler\\HandlerInterface at C:/Users/Rahmat Eka/Peta-Interaktif/vendor/laravel/framework/src/Illuminate/Log/LogManager.php:398)
[stacktrace]
#0 C:/Users/Rahmat Eka/Peta-Interaktif/vendor/laravel/framework/src/Illuminate/Log/LogManager.php(232): Illuminate/Log/LogManager->createMonologDriver(Array)
#1 C:/Users/Rahmat Eka/Peta-Interaktif/vendor/laravel/framework/src/Illuminate/Log/LogManager.php(138): Illuminate/Log/LogManager->resolve('deprecations', Array)
#2 C:/Users/Rahmat Eka/Peta-Interaktif/vendor/laravel/framework/src/Illuminate/Log/LogManager.php(125): Illuminate/Log/LogManager->get('deprecations')
#3 C:/Users/Rahmat Eka/Peta-Interaktif/vendor/laravel/framework/src/Illuminate/Log/LogManager.php(114): Illuminate/Log/LogManager->driver('deprecations')
#4 C:/Users/Rahmat Eka/Peta-Interaktif/vendor/laravel/framework/src/Illuminate/Foundation/Bootstrap/HandleExceptions.php(109): Illuminate/Log/LogManager->channel('deprecations')
#5 C:/Users/Rahmat Eka/Peta-Interaktif/vendor/laravel/framework/src/Illuminate/Foundation/Bootstrap/HandleExceptions.php(74): Illuminate/Foundation/Bootstrap/HandleExceptions->handleDeprecationError('Since symfony/h...', 'C://Users//Rahmat...', 25, 16384)
#6 C:/Users/Rahmat Eka/Peta-Interaktif/vendor/laravel/framework/src/Illuminate/Foundation/Bootstrap/HandleExceptions.php(262): Illuminate/Foundation/Bootstrap/HandleExceptions->handleError(16384, 'Since symfony/h...', 'C://Users//Rahmat...', 25)
#7 [internal function]: Illuminate/Foundation/Bootstrap/HandleExceptions->Illuminate/Foundation/Bootstrap/{closure}(16384, 'Since symfony/h...', 'C://Users//Rahmat...', 25)
#8 C:/Users/Rahmat Eka/Peta-Interaktif/vendor/symfony/deprecation-contracts/function.php(25): trigger_error('Since symfony/h...', 16384)
#9 C:/Users/Rahmat Eka/Peta-Interaktif/vendor/symfony/http-foundation/Request.php(754): trigger_deprecation('symfony/http-fo...', '7.4', 'Request::get() ...')
#10 C:/Users/Rahmat Eka/Peta-Interaktif/vendor/laravel/framework/src/Illuminate/Http/Request.php(441): Symfony/Component/HttpFoundation/Request->get('search', NULL)
#11 C:/Users/Rahmat Eka/Peta-Interaktif/app/Http/Controllers/Admin/ManageUsersController.php(16): Illuminate/Http/Request->get('search')
#12 C:/Users/Rahmat Eka/Peta-Interaktif/vendor/laravel/framework/src/Illuminate/Routing/Controller.php(54): App/Http/Controllers/Admin/ManageUsersController->index(Object(Illuminate/Http/Request))
#13 C:/Users/Rahmat Eka/Peta-Interaktif/vendor/laravel/framework/src/Illuminate/Routing/ControllerDispatcher.php(43): Illuminate/Routing/Controller->callAction('index', Array)
#14 C:/Users/Rahmat Eka/Peta-Interaktif/vendor/laravel/framework/src/Illuminate/Routing/Route.php(265): Illuminate/Routing/ControllerDispatcher->dispatch(Object(Illuminate/Routing/Route), Object(App/Http/Controllers/Admin/ManageUsersController), 'index')
#15 C:/Users/Rahmat Eka/Peta-Interaktif/vendor/laravel/framework/src/Illuminate/Routing/Route.php(211): Illuminate/Routing/Route->runController()
#16 C:/Users/Rahmat Eka/Peta-Interaktif/vendor/laravel/framework/src/Illuminate/Routing/Router.php(822): Illuminate/Routing/Route->run()
#17 C:/Users/Rahmat Eka/Peta-Interaktif/vendor/laravel/framework/src/Illuminate/Pipeline/Pipeline.php(180): Illuminate/Routing/Router->Illuminate/Routing/{closure}(Object(Illuminate/Http/Request))
#18 C:/Users/Rahmat Eka/Peta-Interaktif/vendor/laravel/framework/src/Illuminate/Routing/Middleware/SubstituteBindings.php(50): Illuminate/Pipeline/Pipeline->Illuminate/Pipeline/{closure}(Object(Illuminate/Http/Request))
#19 C:/Users/Rahmat Eka/Peta-Interaktif/vendor/laravel/framework/src/Illuminate/Pipeline/Pipeline.php(219): Illuminate/Routing/Middleware/SubstituteBindings->handle(Object(Illuminate/Http/Request), Object(Closure))
#20 C:/Users/Rahmat Eka/Peta-Interaktif/vendor/laravel/framework/src/Illuminate/Auth/Middleware/Authenticate.php(63): Illuminate/Pipeline/Pipeline->Illuminate/Pipeline/{closure}(Object(Illuminate/Http/Request))
#21 C:/Users/Rahmat Eka/Peta-Interaktif/vendor/laravel/framework/src/Illuminate/Pipeline/Pipeline.php(219): Illuminate/Auth/Middleware/Authenticate->handle(Object(Illuminate/Http/Request), Object(Closure), 'admin')
#22 C:/Users/Rahmat Eka/Peta-Interaktif/vendor/laravel/framework/src/Illuminate/Foundation/Http/Middleware/VerifyCsrfToken.php(87): Illuminate/Pipeline/Pipeline->Illuminate/Pipeline/{closure}(Object(Illuminate/Http/Request))
#23 C:/Users/Rahmat Eka/Peta-Interaktif/vendor/laravel/framework/src/Illuminate/Pipeline/Pipeline.php(219): Illuminate/Foundation/Http/Middleware/VerifyCsrfToken->handle(Object(Illuminate/Http/Request), Object(Closure))
#24 C:/Users/Rahmat Eka/Peta-Interaktif/vendor/laravel/framework/src/Illuminate/View/Middleware/ShareErrorsFromSession.php(48): Illuminate/Pipeline/Pipeline->Illuminate/Pipeline/{closure}(Object(Illuminate/Http/Request))
#25 C:/Users/Rahmat Eka/Peta-Interaktif/vendor/laravel/framework/src/Illuminate/Pipeline/Pipeline.php(219): Illuminate/View/Middleware/ShareErrorsFromSession->handle(Object(Illuminate/Http/Request), Object(Closure))
#26 C:/Users/Rahmat Eka/Peta-Interaktif/vendor/laravel/framework/src/Illuminate/Session/Middleware/StartSession.php(120): Illuminate/Pipeline/Pipeline->Illuminate/Pipeline/{closure}(Object(Illuminate/Http/Request))
#27 C:/Users/Rahmat Eka/Peta-Interaktif/vendor/laravel/framework/src/Illuminate/Session/Middleware/StartSession.php(63): Illuminate/Session/Middleware/StartSession->handleStatefulRequest(Object(Illuminate/Http/Request), Object(Illuminate/Session/Store), Object(Closure))
#28 C:/Users/Rahmat Eka/Peta-Interaktif/vendor/laravel/framework/src/Illuminate/Pipeline/Pipeline.php(219): Illuminate/Session/Middleware/StartSession->handle(Object(Illuminate/Http/Request), Object(Closure))
#29 C:/Users/Rahmat Eka/Peta-Interaktif/vendor/laravel/framework/src/Illuminate/Cookie/Middleware/AddQueuedCookiesToResponse.php(36): Illuminate/Pipeline/Pipeline->Illuminate/Pipeline/{closure}(Object(Illuminate/Http/Request))
#30 C:/Users/Rahmat Eka/Peta-Interaktif/vendor/laravel/framework/src/Illuminate/Pipeline/Pipeline.php(219): Illuminate/Cookie/Middleware/AddQueuedCookiesToResponse->handle(Object(Illuminate/Http/Request), Object(Closure))
#31 C:/Users/Rahmat Eka/Peta-Interaktif/vendor/laravel/framework/src/Illuminate/Cookie/Middleware/EncryptCookies.php(74): Illuminate/Pipeline/Pipeline->Illuminate/Pipeline/{closure}(Object(Illuminate/Http/Request))
#32 C:/Users/Rahmat Eka/Peta-Interaktif/vendor/laravel/framework/src/Illuminate/Pipeline/Pipeline.php(219): Illuminate/Cookie/Middleware/EncryptCookies->handle(Object(Illuminate/Http/Request), Object(Closure))
#33 C:/Users/Rahmat Eka/Peta-Interaktif/vendor/laravel/framework/src/Illuminate/Pipeline/Pipeline.php(137): Illuminate/Pipeline/Pipeline->Illuminate/Pipeline/{closure}(Object(Illuminate/Http/Request))
#34 C:/Users/Rahmat Eka/Peta-Interaktif/vendor/laravel/framework/src/Illuminate/Routing/Router.php(821): Illuminate/Pipeline/Pipeline->then(Object(Closure))
#35 C:/Users/Rahmat Eka/Peta-Interaktif/vendor/laravel/framework/src/Illuminate/Routing/Router.php(800): Illuminate/Routing/Router->runRouteWithinStack(Object(Illuminate/Routing/Route), Object(Illuminate/Http/Request))
#36 C:/Users/Rahmat Eka/Peta-Interaktif/vendor/laravel/framework/src/Illuminate/Routing/Router.php(764): Illuminate/Routing/Router->runRoute(Object(Illuminate/Http/Request), Object(Illuminate/Routing/Route))
#37 C:/Users/Rahmat Eka/Peta-Interaktif/vendor/laravel/framework/src/Illuminate/Routing/Router.php(753): Illuminate/Routing/Router->dispatchToRoute(Object(Illuminate/Http/Request))
#38 C:/Users/Rahmat Eka/Peta-Interaktif/vendor/laravel/framework/src/Illuminate/Foundation/Http/Kernel.php(200): Illuminate/Routing/Router->dispatch(Object(Illuminate/Http/Request))
#39 C:/Users/Rahmat Eka/Peta-Interaktif/vendor/laravel/framework/src/Illuminate/Pipeline/Pipeline.php(180): Illuminate/Foundation/Http/Kernel->Illuminate/Foundation/Http/{closure}(Object(Illuminate/Http/Request))
#40 C:/Users/Rahmat Eka/Peta-Interaktif/vendor/laravel/framework/src/Illuminate/Foundation/Http/Middleware/TransformsRequest.php(21): Illuminate/Pipeline/Pipeline->Illuminate/Pipeline/{closure}(Object(Illuminate/Http/Request))
#41 C:/Users/Rahmat Eka/Peta-Interaktif/vendor/laravel/framework/src/Illuminate/Foundation/Http/Middleware/ConvertEmptyStringsToNull.php(31): Illuminate/Foundation/Http/Middleware/TransformsRequest->handle(Object(Illuminate/Http/Request), Object(Closure))
#42 C:/Users/Rahmat Eka/Peta-Interaktif/vendor/laravel/framework/src/Illuminate/Pipeline/Pipeline.php(219): Illuminate/Foundation/Http/Middleware/ConvertEmptyStringsToNull->handle(Object(Illuminate/Http/Request), Object(Closure))
#43 C:/Users/Rahmat Eka/Peta-Interaktif/vendor/laravel/framework/src/Illuminate/Foundation/Http/Middleware/TransformsRequest.php(21): Illuminate/Pipeline/Pipeline->Illuminate/Pipeline/{closure}(Object(Illuminate/Http/Request))
#44 C:/Users/Rahmat Eka/Peta-Interaktif/vendor/laravel/framework/src/Illuminate/Foundation/Http/Middleware/TrimStrings.php(51): Illuminate/Foundation/Http/Middleware/TransformsRequest->handle(Object(Illuminate/Http/Request), Object(Closure))
#45 C:/Users/Rahmat Eka/Peta-Interaktif/vendor/laravel/framework/src/Illuminate/Pipeline/Pipeline.php(219): Illuminate/Foundation/Http/Middleware/TrimStrings->handle(Object(Illuminate/Http/Request), Object(Closure))
#46 C:/Users/Rahmat Eka/Peta-Interaktif/vendor/laravel/framework/src/Illuminate/Http/Middleware/ValidatePostSize.php(27): Illuminate/Pipeline/Pipeline->Illuminate/Pipeline/{closure}(Object(Illuminate/Http/Request))
#47 C:/Users/Rahmat Eka/Peta-Interaktif/vendor/laravel/framework/src/Illuminate/Pipeline/Pipeline.php(219): Illuminate/Http/Middleware/ValidatePostSize->handle(Object(Illuminate/Http/Request), Object(Closure))
#48 C:/Users/Rahmat Eka/Peta-Interaktif/vendor/laravel/framework/src/Illuminate/Foundation/Http/Middleware/PreventRequestsDuringMaintenance.php(109): Illuminate/Pipeline/Pipeline->Illuminate/Pipeline/{closure}(Object(Illuminate/Http/Request))
#49 C:/Users/Rahmat Eka/Peta-Interaktif/vendor/laravel/framework/src/Illuminate/Pipeline/Pipeline.php(219): Illuminate/Foundation/Http/Middleware/PreventRequestsDuringMaintenance->handle(Object(Illuminate/Http/Request), Object(Closure))
#50 C:/Users/Rahmat Eka/Peta-Interaktif/vendor/laravel/framework/src/Illuminate/Http/Middleware/HandleCors.php(61): Illuminate/Pipeline/Pipeline->Illuminate/Pipeline/{closure}(Object(Illuminate/Http/Request))
#51 C:/Users/Rahmat Eka/Peta-Interaktif/vendor/laravel/framework/src/Illuminate/Pipeline/Pipeline.php(219): Illuminate/Http/Middleware/HandleCors->handle(Object(Illuminate/Http/Request), Object(Closure))
#52 C:/Users/Rahmat Eka/Peta-Interaktif/vendor/laravel/framework/src/Illuminate/Http/Middleware/TrustProxies.php(58): Illuminate/Pipeline/Pipeline->Illuminate/Pipeline/{closure}(Object(Illuminate/Http/Request))
#53 C:/Users/Rahmat Eka/Peta-Interaktif/vendor/laravel/framework/src/Illuminate/Pipeline/Pipeline.php(219): Illuminate/Http/Middleware/TrustProxies->handle(Object(Illuminate/Http/Request), Object(Closure))
#54 C:/Users/Rahmat Eka/Peta-Interaktif/vendor/laravel/framework/src/Illuminate/Foundation/Http/Middleware/InvokeDeferredCallbacks.php(22): Illuminate/Pipeline/Pipeline->Illuminate/Pipeline/{closure}(Object(Illuminate/Http/Request))
#55 C:/Users/Rahmat Eka/Peta-Interaktif/vendor/laravel/framework/src/Illuminate/Pipeline/Pipeline.php(219): Illuminate/Foundation/Http/Middleware/InvokeDeferredCallbacks->handle(Object(Illuminate/Http/Request), Object(Closure))
#56 C:/Users/Rahmat Eka/Peta-Interaktif/vendor/laravel/framework/src/Illuminate/Http/Middleware/ValidatePathEncoding.php(26): Illuminate/Pipeline/Pipeline->Illuminate/Pipeline/{closure}(Object(Illuminate/Http/Request))
#57 C:/Users/Rahmat Eka/Peta-Interaktif/vendor/laravel/framework/src/Illuminate/Pipeline/Pipeline.php(219): Illuminate/Http/Middleware/ValidatePathEncoding->handle(Object(Illuminate/Http/Request), Object(Closure))
#58 C:/Users/Rahmat Eka/Peta-Interaktif/vendor/laravel/framework/src/Illuminate/Pipeline/Pipeline.php(137): Illuminate/Pipeline/Pipeline->Illuminate/Pipeline/{closure}(Object(Illuminate/Http/Request))
#59 C:/Users/Rahmat Eka/Peta-Interaktif/vendor/laravel/framework/src/Illuminate/Foundation/Http/Kernel.php(175): Illuminate/Pipeline/Pipeline->then(Object(Closure))
#60 C:/Users/Rahmat Eka/Peta-Interaktif/vendor/laravel/framework/src/Illuminate/Foundation/Http/Kernel.php(144): Illuminate/Foundation/Http/Kernel->sendRequestThroughRouter(Object(Illuminate/Http/Request))
#61 C:/Users/Rahmat Eka/Peta-Interaktif/vendor/laravel/framework/src/Illuminate/Foundation/Application.php(1220): Illuminate/Foundation/Http/Kernel->handle(Object(Illuminate/Http/Request))
#62 C:/Users/Rahmat Eka/Peta-Interaktif/public/index.php(18): Illuminate/Foundation/Application->handleRequest(Object(Illuminate/Http/Request))
#63 C:/Users/Rahmat Eka/Peta-Interaktif/vendor/laravel/framework/src/Illuminate/Foundation/resources/server.php(23): require_once('C://Users//Rahmat...')
#64 {main}
"} 
[2026-06-18 20:27:40] laravel.WARNING: Since symfony/http-foundation 7.4: Request::get() is deprecated, use properties ->attributes, query or request directly instead. in C:\Users\Rahmat Eka\Peta-Interaktif\vendor\symfony\deprecation-contracts\function.php on line 25  
[2026-06-18 20:28:38] laravel.EMERGENCY: Unable to create configured logger. Using emergency logger. {"exception":"[object] (InvalidArgumentException(code: 0): NullHandler must be an instance of Monolog\\Handler\\HandlerInterface at C:/Users/Rahmat Eka/Peta-Interaktif/vendor/laravel/framework/src/Illuminate/Log/LogManager.php:398)
[stacktrace]
#0 C:/Users/Rahmat Eka/Peta-Interaktif/vendor/laravel/framework/src/Illuminate/Log/LogManager.php(232): Illuminate/Log/LogManager->createMonologDriver(Array)
#1 C:/Users/Rahmat Eka/Peta-Interaktif/vendor/laravel/framework/src/Illuminate/Log/LogManager.php(138): Illuminate/Log/LogManager->resolve('deprecations', Array)
#2 C:/Users/Rahmat Eka/Peta-Interaktif/vendor/laravel/framework/src/Illuminate/Log/LogManager.php(125): Illuminate/Log/LogManager->get('deprecations')
#3 C:/Users/Rahmat Eka/Peta-Interaktif/vendor/laravel/framework/src/Illuminate/Log/LogManager.php(114): Illuminate/Log/LogManager->driver('deprecations')
#4 C:/Users/Rahmat Eka/Peta-Interaktif/vendor/laravel/framework/src/Illuminate/Foundation/Bootstrap/HandleExceptions.php(109): Illuminate/Log/LogManager->channel('deprecations')
#5 C:/Users/Rahmat Eka/Peta-Interaktif/vendor/laravel/framework/src/Illuminate/Foundation/Bootstrap/HandleExceptions.php(74): Illuminate/Foundation/Bootstrap/HandleExceptions->handleDeprecationError('Since symfony/h...', 'C://Users//Rahmat...', 25, 16384)
#6 C:/Users/Rahmat Eka/Peta-Interaktif/vendor/laravel/framework/src/Illuminate/Foundation/Bootstrap/HandleExceptions.php(262): Illuminate/Foundation/Bootstrap/HandleExceptions->handleError(16384, 'Since symfony/h...', 'C://Users//Rahmat...', 25)
#7 [internal function]: Illuminate/Foundation/Bootstrap/HandleExceptions->Illuminate/Foundation/Bootstrap/{closure}(16384, 'Since symfony/h...', 'C://Users//Rahmat...', 25)
#8 C:/Users/Rahmat Eka/Peta-Interaktif/vendor/symfony/deprecation-contracts/function.php(25): trigger_error('Since symfony/h...', 16384)
#9 C:/Users/Rahmat Eka/Peta-Interaktif/vendor/symfony/http-foundation/Request.php(754): trigger_deprecation('symfony/http-fo...', '7.4', 'Request::get() ...')
#10 C:/Users/Rahmat Eka/Peta-Interaktif/vendor/laravel/framework/src/Illuminate/Http/Request.php(441): Symfony/Component/HttpFoundation/Request->get('tab', 'masyarakat')
#11 C:/Users/Rahmat Eka/Peta-Interaktif/app/Http/Controllers/Admin/ManageUsersController.php(15): Illuminate/Http/Request->get('tab', 'masyarakat')
#12 C:/Users/Rahmat Eka/Peta-Interaktif/vendor/laravel/framework/src/Illuminate/Routing/Controller.php(54): App/Http/Controllers/Admin/ManageUsersController->index(Object(Illuminate/Http/Request))
#13 C:/Users/Rahmat Eka/Peta-Interaktif/vendor/laravel/framework/src/Illuminate/Routing/ControllerDispatcher.php(43): Illuminate/Routing/Controller->callAction('index', Array)
#14 C:/Users/Rahmat Eka/Peta-Interaktif/vendor/laravel/framework/src/Illuminate/Routing/Route.php(265): Illuminate/Routing/ControllerDispatcher->dispatch(Object(Illuminate/Routing/Route), Object(App/Http/Controllers/Admin/ManageUsersController), 'index')
#15 C:/Users/Rahmat Eka/Peta-Interaktif/vendor/laravel/framework/src/Illuminate/Routing/Route.php(211): Illuminate/Routing/Route->runController()
#16 C:/Users/Rahmat Eka/Peta-Interaktif/vendor/laravel/framework/src/Illuminate/Routing/Router.php(822): Illuminate/Routing/Route->run()
#17 C:/Users/Rahmat Eka/Peta-Interaktif/vendor/laravel/framework/src/Illuminate/Pipeline/Pipeline.php(180): Illuminate/Routing/Router->Illuminate/Routing/{closure}(Object(Illuminate/Http/Request))
#18 C:/Users/Rahmat Eka/Peta-Interaktif/vendor/laravel/framework/src/Illuminate/Routing/Middleware/SubstituteBindings.php(50): Illuminate/Pipeline/Pipeline->Illuminate/Pipeline/{closure}(Object(Illuminate/Http/Request))
#19 C:/Users/Rahmat Eka/Peta-Interaktif/vendor/laravel/framework/src/Illuminate/Pipeline/Pipeline.php(219): Illuminate/Routing/Middleware/SubstituteBindings->handle(Object(Illuminate/Http/Request), Object(Closure))
#20 C:/Users/Rahmat Eka/Peta-Interaktif/vendor/laravel/framework/src/Illuminate/Auth/Middleware/Authenticate.php(63): Illuminate/Pipeline/Pipeline->Illuminate/Pipeline/{closure}(Object(Illuminate/Http/Request))
#21 C:/Users/Rahmat Eka/Peta-Interaktif/vendor/laravel/framework/src/Illuminate/Pipeline/Pipeline.php(219): Illuminate/Auth/Middleware/Authenticate->handle(Object(Illuminate/Http/Request), Object(Closure), 'admin')
#22 C:/Users/Rahmat Eka/Peta-Interaktif/vendor/laravel/framework/src/Illuminate/Foundation/Http/Middleware/VerifyCsrfToken.php(87): Illuminate/Pipeline/Pipeline->Illuminate/Pipeline/{closure}(Object(Illuminate/Http/Request))
#23 C:/Users/Rahmat Eka/Peta-Interaktif/vendor/laravel/framework/src/Illuminate/Pipeline/Pipeline.php(219): Illuminate/Foundation/Http/Middleware/VerifyCsrfToken->handle(Object(Illuminate/Http/Request), Object(Closure))
#24 C:/Users/Rahmat Eka/Peta-Interaktif/vendor/laravel/framework/src/Illuminate/View/Middleware/ShareErrorsFromSession.php(48): Illuminate/Pipeline/Pipeline->Illuminate/Pipeline/{closure}(Object(Illuminate/Http/Request))
#25 C:/Users/Rahmat Eka/Peta-Interaktif/vendor/laravel/framework/src/Illuminate/Pipeline/Pipeline.php(219): Illuminate/View/Middleware/ShareErrorsFromSession->handle(Object(Illuminate/Http/Request), Object(Closure))
#26 C:/Users/Rahmat Eka/Peta-Interaktif/vendor/laravel/framework/src/Illuminate/Session/Middleware/StartSession.php(120): Illuminate/Pipeline/Pipeline->Illuminate/Pipeline/{closure}(Object(Illuminate/Http/Request))
#27 C:/Users/Rahmat Eka/Peta-Interaktif/vendor/laravel/framework/src/Illuminate/Session/Middleware/StartSession.php(63): Illuminate/Session/Middleware/StartSession->handleStatefulRequest(Object(Illuminate/Http/Request), Object(Illuminate/Session/Store), Object(Closure))
#28 C:/Users/Rahmat Eka/Peta-Interaktif/vendor/laravel/framework/src/Illuminate/Pipeline/Pipeline.php(219): Illuminate/Session/Middleware/StartSession->handle(Object(Illuminate/Http/Request), Object(Closure))
#29 C:/Users/Rahmat Eka/Peta-Interaktif/vendor/laravel/framework/src/Illuminate/Cookie/Middleware/AddQueuedCookiesToResponse.php(36): Illuminate/Pipeline/Pipeline->Illuminate/Pipeline/{closure}(Object(Illuminate/Http/Request))
#30 C:/Users/Rahmat Eka/Peta-Interaktif/vendor/laravel/framework/src/Illuminate/Pipeline/Pipeline.php(219): Illuminate/Cookie/Middleware/AddQueuedCookiesToResponse->handle(Object(Illuminate/Http/Request), Object(Closure))
#31 C:/Users/Rahmat Eka/Peta-Interaktif/vendor/laravel/framework/src/Illuminate/Cookie/Middleware/EncryptCookies.php(74): Illuminate/Pipeline/Pipeline->Illuminate/Pipeline/{closure}(Object(Illuminate/Http/Request))
#32 C:/Users/Rahmat Eka/Peta-Interaktif/vendor/laravel/framework/src/Illuminate/Pipeline/Pipeline.php(219): Illuminate/Cookie/Middleware/EncryptCookies->handle(Object(Illuminate/Http/Request), Object(Closure))
#33 C:/Users/Rahmat Eka/Peta-Interaktif/vendor/laravel/framework/src/Illuminate/Pipeline/Pipeline.php(137): Illuminate/Pipeline/Pipeline->Illuminate/Pipeline/{closure}(Object(Illuminate/Http/Request))
#34 C:/Users/Rahmat Eka/Peta-Interaktif/vendor/laravel/framework/src/Illuminate/Routing/Router.php(821): Illuminate/Pipeline/Pipeline->then(Object(Closure))
#35 C:/Users/Rahmat Eka/Peta-Interaktif/vendor/laravel/framework/src/Illuminate/Routing/Router.php(800): Illuminate/Routing/Router->runRouteWithinStack(Object(Illuminate/Routing/Route), Object(Illuminate/Http/Request))
#36 C:/Users/Rahmat Eka/Peta-Interaktif/vendor/laravel/framework/src/Illuminate/Routing/Router.php(764): Illuminate/Routing/Router->runRoute(Object(Illuminate/Http/Request), Object(Illuminate/Routing/Route))
#37 C:/Users/Rahmat Eka/Peta-Interaktif/vendor/laravel/framework/src/Illuminate/Routing/Router.php(753): Illuminate/Routing/Router->dispatchToRoute(Object(Illuminate/Http/Request))
#38 C:/Users/Rahmat Eka/Peta-Interaktif/vendor/laravel/framework/src/Illuminate/Foundation/Http/Kernel.php(200): Illuminate/Routing/Router->dispatch(Object(Illuminate/Http/Request))
#39 C:/Users/Rahmat Eka/Peta-Interaktif/vendor/laravel/framework/src/Illuminate/Pipeline/Pipeline.php(180): Illuminate/Foundation/Http/Kernel->Illuminate/Foundation/Http/{closure}(Object(Illuminate/Http/Request))
#40 C:/Users/Rahmat Eka/Peta-Interaktif/vendor/laravel/framework/src/Illuminate/Foundation/Http/Middleware/TransformsRequest.php(21): Illuminate/Pipeline/Pipeline->Illuminate/Pipeline/{closure}(Object(Illuminate/Http/Request))
#41 C:/Users/Rahmat Eka/Peta-Interaktif/vendor/laravel/framework/src/Illuminate/Foundation/Http/Middleware/ConvertEmptyStringsToNull.php(31): Illuminate/Foundation/Http/Middleware/TransformsRequest->handle(Object(Illuminate/Http/Request), Object(Closure))
#42 C:/Users/Rahmat Eka/Peta-Interaktif/vendor/laravel/framework/src/Illuminate/Pipeline/Pipeline.php(219): Illuminate/Foundation/Http/Middleware/ConvertEmptyStringsToNull->handle(Object(Illuminate/Http/Request), Object(Closure))
#43 C:/Users/Rahmat Eka/Peta-Interaktif/vendor/laravel/framework/src/Illuminate/Foundation/Http/Middleware/TransformsRequest.php(21): Illuminate/Pipeline/Pipeline->Illuminate/Pipeline/{closure}(Object(Illuminate/Http/Request))
#44 C:/Users/Rahmat Eka/Peta-Interaktif/vendor/laravel/framework/src/Illuminate/Foundation/Http/Middleware/TrimStrings.php(51): Illuminate/Foundation/Http/Middleware/TransformsRequest->handle(Object(Illuminate/Http/Request), Object(Closure))
#45 C:/Users/Rahmat Eka/Peta-Interaktif/vendor/laravel/framework/src/Illuminate/Pipeline/Pipeline.php(219): Illuminate/Foundation/Http/Middleware/TrimStrings->handle(Object(Illuminate/Http/Request), Object(Closure))
#46 C:/Users/Rahmat Eka/Peta-Interaktif/vendor/laravel/framework/src/Illuminate/Http/Middleware/ValidatePostSize.php(27): Illuminate/Pipeline/Pipeline->Illuminate/Pipeline/{closure}(Object(Illuminate/Http/Request))
#47 C:/Users/Rahmat Eka/Peta-Interaktif/vendor/laravel/framework/src/Illuminate/Pipeline/Pipeline.php(219): Illuminate/Http/Middleware/ValidatePostSize->handle(Object(Illuminate/Http/Request), Object(Closure))
#48 C:/Users/Rahmat Eka/Peta-Interaktif/vendor/laravel/framework/src/Illuminate/Foundation/Http/Middleware/PreventRequestsDuringMaintenance.php(109): Illuminate/Pipeline/Pipeline->Illuminate/Pipeline/{closure}(Object(Illuminate/Http/Request))
#49 C:/Users/Rahmat Eka/Peta-Interaktif/vendor/laravel/framework/src/Illuminate/Pipeline/Pipeline.php(219): Illuminate/Foundation/Http/Middleware/PreventRequestsDuringMaintenance->handle(Object(Illuminate/Http/Request), Object(Closure))
#50 C:/Users/Rahmat Eka/Peta-Interaktif/vendor/laravel/framework/src/Illuminate/Http/Middleware/HandleCors.php(61): Illuminate/Pipeline/Pipeline->Illuminate/Pipeline/{closure}(Object(Illuminate/Http/Request))
#51 C:/Users/Rahmat Eka/Peta-Interaktif/vendor/laravel/framework/src/Illuminate/Pipeline/Pipeline.php(219): Illuminate/Http/Middleware/HandleCors->handle(Object(Illuminate/Http/Request), Object(Closure))
#52 C:/Users/Rahmat Eka/Peta-Interaktif/vendor/laravel/framework/src/Illuminate/Http/Middleware/TrustProxies.php(58): Illuminate/Pipeline/Pipeline->Illuminate/Pipeline/{closure}(Object(Illuminate/Http/Request))
#53 C:/Users/Rahmat Eka/Peta-Interaktif/vendor/laravel/framework/src/Illuminate/Pipeline/Pipeline.php(219): Illuminate/Http/Middleware/TrustProxies->handle(Object(Illuminate/Http/Request), Object(Closure))
#54 C:/Users/Rahmat Eka/Peta-Interaktif/vendor/laravel/framework/src/Illuminate/Foundation/Http/Middleware/InvokeDeferredCallbacks.php(22): Illuminate/Pipeline/Pipeline->Illuminate/Pipeline/{closure}(Object(Illuminate/Http/Request))
#55 C:/Users/Rahmat Eka/Peta-Interaktif/vendor/laravel/framework/src/Illuminate/Pipeline/Pipeline.php(219): Illuminate/Foundation/Http/Middleware/InvokeDeferredCallbacks->handle(Object(Illuminate/Http/Request), Object(Closure))
#56 C:/Users/Rahmat Eka/Peta-Interaktif/vendor/laravel/framework/src/Illuminate/Http/Middleware/ValidatePathEncoding.php(26): Illuminate/Pipeline/Pipeline->Illuminate/Pipeline/{closure}(Object(Illuminate/Http/Request))
#57 C:/Users/Rahmat Eka/Peta-Interaktif/vendor/laravel/framework/src/Illuminate/Pipeline/Pipeline.php(219): Illuminate/Http/Middleware/ValidatePathEncoding->handle(Object(Illuminate/Http/Request), Object(Closure))
#58 C:/Users/Rahmat Eka/Peta-Interaktif/vendor/laravel/framework/src/Illuminate/Pipeline/Pipeline.php(137): Illuminate/Pipeline/Pipeline->Illuminate/Pipeline/{closure}(Object(Illuminate/Http/Request))
#59 C:/Users/Rahmat Eka/Peta-Interaktif/vendor/laravel/framework/src/Illuminate/Foundation/Http/Kernel.php(175): Illuminate/Pipeline/Pipeline->then(Object(Closure))
#60 C:/Users/Rahmat Eka/Peta-Interaktif/vendor/laravel/framework/src/Illuminate/Foundation/Http/Kernel.php(144): Illuminate/Foundation/Http/Kernel->sendRequestThroughRouter(Object(Illuminate/Http/Request))
#61 C:/Users/Rahmat Eka/Peta-Interaktif/vendor/laravel/framework/src/Illuminate/Foundation/Application.php(1220): Illuminate/Foundation/Http/Kernel->handle(Object(Illuminate/Http/Request))
#62 C:/Users/Rahmat Eka/Peta-Interaktif/public/index.php(18): Illuminate/Foundation/Application->handleRequest(Object(Illuminate/Http/Request))
#63 C:/Users/Rahmat Eka/Peta-Interaktif/vendor/laravel/framework/src/Illuminate/Foundation/resources/server.php(23): require_once('C://Users//Rahmat...')
#64 {main}
"} 
[2026-06-18 20:28:38] laravel.WARNING: Since symfony/http-foundation 7.4: Request::get() is deprecated, use properties ->attributes, query or request directly instead. in C:\Users\Rahmat Eka\Peta-Interaktif\vendor\symfony\deprecation-contracts\function.php on line 25  
[2026-06-18 20:28:38] laravel.EMERGENCY: Unable to create configured logger. Using emergency logger. {"exception":"[object] (InvalidArgumentException(code: 0): NullHandler must be an instance of Monolog\\Handler\\HandlerInterface at C:/Users/Rahmat Eka/Peta-Interaktif/vendor/laravel/framework/src/Illuminate/Log/LogManager.php:398)
[stacktrace]
#0 C:/Users/Rahmat Eka/Peta-Interaktif/vendor/laravel/framework/src/Illuminate/Log/LogManager.php(232): Illuminate/Log/LogManager->createMonologDriver(Array)
#1 C:/Users/Rahmat Eka/Peta-Interaktif/vendor/laravel/framework/src/Illuminate/Log/LogManager.php(138): Illuminate/Log/LogManager->resolve('deprecations', Array)
#2 C:/Users/Rahmat Eka/Peta-Interaktif/vendor/laravel/framework/src/Illuminate/Log/LogManager.php(125): Illuminate/Log/LogManager->get('deprecations')
#3 C:/Users/Rahmat Eka/Peta-Interaktif/vendor/laravel/framework/src/Illuminate/Log/LogManager.php(114): Illuminate/Log/LogManager->driver('deprecations')
#4 C:/Users/Rahmat Eka/Peta-Interaktif/vendor/laravel/framework/src/Illuminate/Foundation/Bootstrap/HandleExceptions.php(109): Illuminate/Log/LogManager->channel('deprecations')
#5 C:/Users/Rahmat Eka/Peta-Interaktif/vendor/laravel/framework/src/Illuminate/Foundation/Bootstrap/HandleExceptions.php(74): Illuminate/Foundation/Bootstrap/HandleExceptions->handleDeprecationError('Since symfony/h...', 'C://Users//Rahmat...', 25, 16384)
#6 C:/Users/Rahmat Eka/Peta-Interaktif/vendor/laravel/framework/src/Illuminate/Foundation/Bootstrap/HandleExceptions.php(262): Illuminate/Foundation/Bootstrap/HandleExceptions->handleError(16384, 'Since symfony/h...', 'C://Users//Rahmat...', 25)
#7 [internal function]: Illuminate/Foundation/Bootstrap/HandleExceptions->Illuminate/Foundation/Bootstrap/{closure}(16384, 'Since symfony/h...', 'C://Users//Rahmat...', 25)
#8 C:/Users/Rahmat Eka/Peta-Interaktif/vendor/symfony/deprecation-contracts/function.php(25): trigger_error('Since symfony/h...', 16384)
#9 C:/Users/Rahmat Eka/Peta-Interaktif/vendor/symfony/http-foundation/Request.php(754): trigger_deprecation('symfony/http-fo...', '7.4', 'Request::get() ...')
#10 C:/Users/Rahmat Eka/Peta-Interaktif/vendor/laravel/framework/src/Illuminate/Http/Request.php(441): Symfony/Component/HttpFoundation/Request->get('search', NULL)
#11 C:/Users/Rahmat Eka/Peta-Interaktif/app/Http/Controllers/Admin/ManageUsersController.php(16): Illuminate/Http/Request->get('search')
#12 C:/Users/Rahmat Eka/Peta-Interaktif/vendor/laravel/framework/src/Illuminate/Routing/Controller.php(54): App/Http/Controllers/Admin/ManageUsersController->index(Object(Illuminate/Http/Request))
#13 C:/Users/Rahmat Eka/Peta-Interaktif/vendor/laravel/framework/src/Illuminate/Routing/ControllerDispatcher.php(43): Illuminate/Routing/Controller->callAction('index', Array)
#14 C:/Users/Rahmat Eka/Peta-Interaktif/vendor/laravel/framework/src/Illuminate/Routing/Route.php(265): Illuminate/Routing/ControllerDispatcher->dispatch(Object(Illuminate/Routing/Route), Object(App/Http/Controllers/Admin/ManageUsersController), 'index')
#15 C:/Users/Rahmat Eka/Peta-Interaktif/vendor/laravel/framework/src/Illuminate/Routing/Route.php(211): Illuminate/Routing/Route->runController()
#16 C:/Users/Rahmat Eka/Peta-Interaktif/vendor/laravel/framework/src/Illuminate/Routing/Router.php(822): Illuminate/Routing/Route->run()
#17 C:/Users/Rahmat Eka/Peta-Interaktif/vendor/laravel/framework/src/Illuminate/Pipeline/Pipeline.php(180): Illuminate/Routing/Router->Illuminate/Routing/{closure}(Object(Illuminate/Http/Request))
#18 C:/Users/Rahmat Eka/Peta-Interaktif/vendor/laravel/framework/src/Illuminate/Routing/Middleware/SubstituteBindings.php(50): Illuminate/Pipeline/Pipeline->Illuminate/Pipeline/{closure}(Object(Illuminate/Http/Request))
#19 C:/Users/Rahmat Eka/Peta-Interaktif/vendor/laravel/framework/src/Illuminate/Pipeline/Pipeline.php(219): Illuminate/Routing/Middleware/SubstituteBindings->handle(Object(Illuminate/Http/Request), Object(Closure))
#20 C:/Users/Rahmat Eka/Peta-Interaktif/vendor/laravel/framework/src/Illuminate/Auth/Middleware/Authenticate.php(63): Illuminate/Pipeline/Pipeline->Illuminate/Pipeline/{closure}(Object(Illuminate/Http/Request))
#21 C:/Users/Rahmat Eka/Peta-Interaktif/vendor/laravel/framework/src/Illuminate/Pipeline/Pipeline.php(219): Illuminate/Auth/Middleware/Authenticate->handle(Object(Illuminate/Http/Request), Object(Closure), 'admin')
#22 C:/Users/Rahmat Eka/Peta-Interaktif/vendor/laravel/framework/src/Illuminate/Foundation/Http/Middleware/VerifyCsrfToken.php(87): Illuminate/Pipeline/Pipeline->Illuminate/Pipeline/{closure}(Object(Illuminate/Http/Request))
#23 C:/Users/Rahmat Eka/Peta-Interaktif/vendor/laravel/framework/src/Illuminate/Pipeline/Pipeline.php(219): Illuminate/Foundation/Http/Middleware/VerifyCsrfToken->handle(Object(Illuminate/Http/Request), Object(Closure))
#24 C:/Users/Rahmat Eka/Peta-Interaktif/vendor/laravel/framework/src/Illuminate/View/Middleware/ShareErrorsFromSession.php(48): Illuminate/Pipeline/Pipeline->Illuminate/Pipeline/{closure}(Object(Illuminate/Http/Request))
#25 C:/Users/Rahmat Eka/Peta-Interaktif/vendor/laravel/framework/src/Illuminate/Pipeline/Pipeline.php(219): Illuminate/View/Middleware/ShareErrorsFromSession->handle(Object(Illuminate/Http/Request), Object(Closure))
#26 C:/Users/Rahmat Eka/Peta-Interaktif/vendor/laravel/framework/src/Illuminate/Session/Middleware/StartSession.php(120): Illuminate/Pipeline/Pipeline->Illuminate/Pipeline/{closure}(Object(Illuminate/Http/Request))
#27 C:/Users/Rahmat Eka/Peta-Interaktif/vendor/laravel/framework/src/Illuminate/Session/Middleware/StartSession.php(63): Illuminate/Session/Middleware/StartSession->handleStatefulRequest(Object(Illuminate/Http/Request), Object(Illuminate/Session/Store), Object(Closure))
#28 C:/Users/Rahmat Eka/Peta-Interaktif/vendor/laravel/framework/src/Illuminate/Pipeline/Pipeline.php(219): Illuminate/Session/Middleware/StartSession->handle(Object(Illuminate/Http/Request), Object(Closure))
#29 C:/Users/Rahmat Eka/Peta-Interaktif/vendor/laravel/framework/src/Illuminate/Cookie/Middleware/AddQueuedCookiesToResponse.php(36): Illuminate/Pipeline/Pipeline->Illuminate/Pipeline/{closure}(Object(Illuminate/Http/Request))
#30 C:/Users/Rahmat Eka/Peta-Interaktif/vendor/laravel/framework/src/Illuminate/Pipeline/Pipeline.php(219): Illuminate/Cookie/Middleware/AddQueuedCookiesToResponse->handle(Object(Illuminate/Http/Request), Object(Closure))
#31 C:/Users/Rahmat Eka/Peta-Interaktif/vendor/laravel/framework/src/Illuminate/Cookie/Middleware/EncryptCookies.php(74): Illuminate/Pipeline/Pipeline->Illuminate/Pipeline/{closure}(Object(Illuminate/Http/Request))
#32 C:/Users/Rahmat Eka/Peta-Interaktif/vendor/laravel/framework/src/Illuminate/Pipeline/Pipeline.php(219): Illuminate/Cookie/Middleware/EncryptCookies->handle(Object(Illuminate/Http/Request), Object(Closure))
#33 C:/Users/Rahmat Eka/Peta-Interaktif/vendor/laravel/framework/src/Illuminate/Pipeline/Pipeline.php(137): Illuminate/Pipeline/Pipeline->Illuminate/Pipeline/{closure}(Object(Illuminate/Http/Request))
#34 C:/Users/Rahmat Eka/Peta-Interaktif/vendor/laravel/framework/src/Illuminate/Routing/Router.php(821): Illuminate/Pipeline/Pipeline->then(Object(Closure))
#35 C:/Users/Rahmat Eka/Peta-Interaktif/vendor/laravel/framework/src/Illuminate/Routing/Router.php(800): Illuminate/Routing/Router->runRouteWithinStack(Object(Illuminate/Routing/Route), Object(Illuminate/Http/Request))
#36 C:/Users/Rahmat Eka/Peta-Interaktif/vendor/laravel/framework/src/Illuminate/Routing/Router.php(764): Illuminate/Routing/Router->runRoute(Object(Illuminate/Http/Request), Object(Illuminate/Routing/Route))
#37 C:/Users/Rahmat Eka/Peta-Interaktif/vendor/laravel/framework/src/Illuminate/Routing/Router.php(753): Illuminate/Routing/Router->dispatchToRoute(Object(Illuminate/Http/Request))
#38 C:/Users/Rahmat Eka/Peta-Interaktif/vendor/laravel/framework/src/Illuminate/Foundation/Http/Kernel.php(200): Illuminate/Routing/Router->dispatch(Object(Illuminate/Http/Request))
#39 C:/Users/Rahmat Eka/Peta-Interaktif/vendor/laravel/framework/src/Illuminate/Pipeline/Pipeline.php(180): Illuminate/Foundation/Http/Kernel->Illuminate/Foundation/Http/{closure}(Object(Illuminate/Http/Request))
#40 C:/Users/Rahmat Eka/Peta-Interaktif/vendor/laravel/framework/src/Illuminate/Foundation/Http/Middleware/TransformsRequest.php(21): Illuminate/Pipeline/Pipeline->Illuminate/Pipeline/{closure}(Object(Illuminate/Http/Request))
#41 C:/Users/Rahmat Eka/Peta-Interaktif/vendor/laravel/framework/src/Illuminate/Foundation/Http/Middleware/ConvertEmptyStringsToNull.php(31): Illuminate/Foundation/Http/Middleware/TransformsRequest->handle(Object(Illuminate/Http/Request), Object(Closure))
#42 C:/Users/Rahmat Eka/Peta-Interaktif/vendor/laravel/framework/src/Illuminate/Pipeline/Pipeline.php(219): Illuminate/Foundation/Http/Middleware/ConvertEmptyStringsToNull->handle(Object(Illuminate/Http/Request), Object(Closure))
#43 C:/Users/Rahmat Eka/Peta-Interaktif/vendor/laravel/framework/src/Illuminate/Foundation/Http/Middleware/TransformsRequest.php(21): Illuminate/Pipeline/Pipeline->Illuminate/Pipeline/{closure}(Object(Illuminate/Http/Request))
#44 C:/Users/Rahmat Eka/Peta-Interaktif/vendor/laravel/framework/src/Illuminate/Foundation/Http/Middleware/TrimStrings.php(51): Illuminate/Foundation/Http/Middleware/TransformsRequest->handle(Object(Illuminate/Http/Request), Object(Closure))
#45 C:/Users/Rahmat Eka/Peta-Interaktif/vendor/laravel/framework/src/Illuminate/Pipeline/Pipeline.php(219): Illuminate/Foundation/Http/Middleware/TrimStrings->handle(Object(Illuminate/Http/Request), Object(Closure))
#46 C:/Users/Rahmat Eka/Peta-Interaktif/vendor/laravel/framework/src/Illuminate/Http/Middleware/ValidatePostSize.php(27): Illuminate/Pipeline/Pipeline->Illuminate/Pipeline/{closure}(Object(Illuminate/Http/Request))
#47 C:/Users/Rahmat Eka/Peta-Interaktif/vendor/laravel/framework/src/Illuminate/Pipeline/Pipeline.php(219): Illuminate/Http/Middleware/ValidatePostSize->handle(Object(Illuminate/Http/Request), Object(Closure))
#48 C:/Users/Rahmat Eka/Peta-Interaktif/vendor/laravel/framework/src/Illuminate/Foundation/Http/Middleware/PreventRequestsDuringMaintenance.php(109): Illuminate/Pipeline/Pipeline->Illuminate/Pipeline/{closure}(Object(Illuminate/Http/Request))
#49 C:/Users/Rahmat Eka/Peta-Interaktif/vendor/laravel/framework/src/Illuminate/Pipeline/Pipeline.php(219): Illuminate/Foundation/Http/Middleware/PreventRequestsDuringMaintenance->handle(Object(Illuminate/Http/Request), Object(Closure))
#50 C:/Users/Rahmat Eka/Peta-Interaktif/vendor/laravel/framework/src/Illuminate/Http/Middleware/HandleCors.php(61): Illuminate/Pipeline/Pipeline->Illuminate/Pipeline/{closure}(Object(Illuminate/Http/Request))
#51 C:/Users/Rahmat Eka/Peta-Interaktif/vendor/laravel/framework/src/Illuminate/Pipeline/Pipeline.php(219): Illuminate/Http/Middleware/HandleCors->handle(Object(Illuminate/Http/Request), Object(Closure))
#52 C:/Users/Rahmat Eka/Peta-Interaktif/vendor/laravel/framework/src/Illuminate/Http/Middleware/TrustProxies.php(58): Illuminate/Pipeline/Pipeline->Illuminate/Pipeline/{closure}(Object(Illuminate/Http/Request))
#53 C:/Users/Rahmat Eka/Peta-Interaktif/vendor/laravel/framework/src/Illuminate/Pipeline/Pipeline.php(219): Illuminate/Http/Middleware/TrustProxies->handle(Object(Illuminate/Http/Request), Object(Closure))
#54 C:/Users/Rahmat Eka/Peta-Interaktif/vendor/laravel/framework/src/Illuminate/Foundation/Http/Middleware/InvokeDeferredCallbacks.php(22): Illuminate/Pipeline/Pipeline->Illuminate/Pipeline/{closure}(Object(Illuminate/Http/Request))
#55 C:/Users/Rahmat Eka/Peta-Interaktif/vendor/laravel/framework/src/Illuminate/Pipeline/Pipeline.php(219): Illuminate/Foundation/Http/Middleware/InvokeDeferredCallbacks->handle(Object(Illuminate/Http/Request), Object(Closure))
#56 C:/Users/Rahmat Eka/Peta-Interaktif/vendor/laravel/framework/src/Illuminate/Http/Middleware/ValidatePathEncoding.php(26): Illuminate/Pipeline/Pipeline->Illuminate/Pipeline/{closure}(Object(Illuminate/Http/Request))
#57 C:/Users/Rahmat Eka/Peta-Interaktif/vendor/laravel/framework/src/Illuminate/Pipeline/Pipeline.php(219): Illuminate/Http/Middleware/ValidatePathEncoding->handle(Object(Illuminate/Http/Request), Object(Closure))
#58 C:/Users/Rahmat Eka/Peta-Interaktif/vendor/laravel/framework/src/Illuminate/Pipeline/Pipeline.php(137): Illuminate/Pipeline/Pipeline->Illuminate/Pipeline/{closure}(Object(Illuminate/Http/Request))
#59 C:/Users/Rahmat Eka/Peta-Interaktif/vendor/laravel/framework/src/Illuminate/Foundation/Http/Kernel.php(175): Illuminate/Pipeline/Pipeline->then(Object(Closure))
#60 C:/Users/Rahmat Eka/Peta-Interaktif/vendor/laravel/framework/src/Illuminate/Foundation/Http/Kernel.php(144): Illuminate/Foundation/Http/Kernel->sendRequestThroughRouter(Object(Illuminate/Http/Request))
#61 C:/Users/Rahmat Eka/Peta-Interaktif/vendor/laravel/framework/src/Illuminate/Foundation/Application.php(1220): Illuminate/Foundation/Http/Kernel->handle(Object(Illuminate/Http/Request))
#62 C:/Users/Rahmat Eka/Peta-Interaktif/public/index.php(18): Illuminate/Foundation/Application->handleRequest(Object(Illuminate/Http/Request))
#63 C:/Users/Rahmat Eka/Peta-Interaktif/vendor/laravel/framework/src/Illuminate/Foundation/resources/server.php(23): require_once('C://Users//Rahmat...')
#64 {main}
"} 
[2026-06-18 20:28:38] laravel.WARNING: Since symfony/http-foundation 7.4: Request::get() is deprecated, use properties ->attributes, query or request directly instead. in C:\Users\Rahmat Eka\Peta-Interaktif\vendor\symfony\deprecation-contracts\function.php on line 25  
[2026-06-18 20:30:52] laravel.EMERGENCY: Unable to create configured logger. Using emergency logger. {"exception":"[object] (InvalidArgumentException(code: 0): NullHandler must be an instance of Monolog\\Handler\\HandlerInterface at C:/Users/Rahmat Eka/Peta-Interaktif/vendor/laravel/framework/src/Illuminate/Log/LogManager.php:398)
[stacktrace]
#0 C:/Users/Rahmat Eka/Peta-Interaktif/vendor/laravel/framework/src/Illuminate/Log/LogManager.php(232): Illuminate/Log/LogManager->createMonologDriver(Array)
#1 C:/Users/Rahmat Eka/Peta-Interaktif/vendor/laravel/framework/src/Illuminate/Log/LogManager.php(138): Illuminate/Log/LogManager->resolve('deprecations', Array)
#2 C:/Users/Rahmat Eka/Peta-Interaktif/vendor/laravel/framework/src/Illuminate/Log/LogManager.php(125): Illuminate/Log/LogManager->get('deprecations')
#3 C:/Users/Rahmat Eka/Peta-Interaktif/vendor/laravel/framework/src/Illuminate/Log/LogManager.php(114): Illuminate/Log/LogManager->driver('deprecations')
#4 C:/Users/Rahmat Eka/Peta-Interaktif/vendor/laravel/framework/src/Illuminate/Foundation/Bootstrap/HandleExceptions.php(109): Illuminate/Log/LogManager->channel('deprecations')
#5 C:/Users/Rahmat Eka/Peta-Interaktif/vendor/laravel/framework/src/Illuminate/Foundation/Bootstrap/HandleExceptions.php(74): Illuminate/Foundation/Bootstrap/HandleExceptions->handleDeprecationError('Since symfony/h...', 'C://Users//Rahmat...', 25, 16384)
#6 C:/Users/Rahmat Eka/Peta-Interaktif/vendor/laravel/framework/src/Illuminate/Foundation/Bootstrap/HandleExceptions.php(262): Illuminate/Foundation/Bootstrap/HandleExceptions->handleError(16384, 'Since symfony/h...', 'C://Users//Rahmat...', 25)
#7 [internal function]: Illuminate/Foundation/Bootstrap/HandleExceptions->Illuminate/Foundation/Bootstrap/{closure}(16384, 'Since symfony/h...', 'C://Users//Rahmat...', 25)
#8 C:/Users/Rahmat Eka/Peta-Interaktif/vendor/symfony/deprecation-contracts/function.php(25): trigger_error('Since symfony/h...', 16384)
#9 C:/Users/Rahmat Eka/Peta-Interaktif/vendor/symfony/http-foundation/Request.php(754): trigger_deprecation('symfony/http-fo...', '7.4', 'Request::get() ...')
#10 C:/Users/Rahmat Eka/Peta-Interaktif/vendor/laravel/framework/src/Illuminate/Http/Request.php(441): Symfony/Component/HttpFoundation/Request->get('tab', 'masyarakat')
#11 C:/Users/Rahmat Eka/Peta-Interaktif/app/Http/Controllers/Admin/ManageUsersController.php(15): Illuminate/Http/Request->get('tab', 'masyarakat')
#12 C:/Users/Rahmat Eka/Peta-Interaktif/vendor/laravel/framework/src/Illuminate/Routing/Controller.php(54): App/Http/Controllers/Admin/ManageUsersController->index(Object(Illuminate/Http/Request))
#13 C:/Users/Rahmat Eka/Peta-Interaktif/vendor/laravel/framework/src/Illuminate/Routing/ControllerDispatcher.php(43): Illuminate/Routing/Controller->callAction('index', Array)
#14 C:/Users/Rahmat Eka/Peta-Interaktif/vendor/laravel/framework/src/Illuminate/Routing/Route.php(265): Illuminate/Routing/ControllerDispatcher->dispatch(Object(Illuminate/Routing/Route), Object(App/Http/Controllers/Admin/ManageUsersController), 'index')
#15 C:/Users/Rahmat Eka/Peta-Interaktif/vendor/laravel/framework/src/Illuminate/Routing/Route.php(211): Illuminate/Routing/Route->runController()
#16 C:/Users/Rahmat Eka/Peta-Interaktif/vendor/laravel/framework/src/Illuminate/Routing/Router.php(822): Illuminate/Routing/Route->run()
#17 C:/Users/Rahmat Eka/Peta-Interaktif/vendor/laravel/framework/src/Illuminate/Pipeline/Pipeline.php(180): Illuminate/Routing/Router->Illuminate/Routing/{closure}(Object(Illuminate/Http/Request))
#18 C:/Users/Rahmat Eka/Peta-Interaktif/vendor/laravel/framework/src/Illuminate/Routing/Middleware/SubstituteBindings.php(50): Illuminate/Pipeline/Pipeline->Illuminate/Pipeline/{closure}(Object(Illuminate/Http/Request))
#19 C:/Users/Rahmat Eka/Peta-Interaktif/vendor/laravel/framework/src/Illuminate/Pipeline/Pipeline.php(219): Illuminate/Routing/Middleware/SubstituteBindings->handle(Object(Illuminate/Http/Request), Object(Closure))
#20 C:/Users/Rahmat Eka/Peta-Interaktif/vendor/laravel/framework/src/Illuminate/Auth/Middleware/Authenticate.php(63): Illuminate/Pipeline/Pipeline->Illuminate/Pipeline/{closure}(Object(Illuminate/Http/Request))
#21 C:/Users/Rahmat Eka/Peta-Interaktif/vendor/laravel/framework/src/Illuminate/Pipeline/Pipeline.php(219): Illuminate/Auth/Middleware/Authenticate->handle(Object(Illuminate/Http/Request), Object(Closure), 'admin')
#22 C:/Users/Rahmat Eka/Peta-Interaktif/vendor/laravel/framework/src/Illuminate/Foundation/Http/Middleware/VerifyCsrfToken.php(87): Illuminate/Pipeline/Pipeline->Illuminate/Pipeline/{closure}(Object(Illuminate/Http/Request))
#23 C:/Users/Rahmat Eka/Peta-Interaktif/vendor/laravel/framework/src/Illuminate/Pipeline/Pipeline.php(219): Illuminate/Foundation/Http/Middleware/VerifyCsrfToken->handle(Object(Illuminate/Http/Request), Object(Closure))
#24 C:/Users/Rahmat Eka/Peta-Interaktif/vendor/laravel/framework/src/Illuminate/View/Middleware/ShareErrorsFromSession.php(48): Illuminate/Pipeline/Pipeline->Illuminate/Pipeline/{closure}(Object(Illuminate/Http/Request))
#25 C:/Users/Rahmat Eka/Peta-Interaktif/vendor/laravel/framework/src/Illuminate/Pipeline/Pipeline.php(219): Illuminate/View/Middleware/ShareErrorsFromSession->handle(Object(Illuminate/Http/Request), Object(Closure))
#26 C:/Users/Rahmat Eka/Peta-Interaktif/vendor/laravel/framework/src/Illuminate/Session/Middleware/StartSession.php(120): Illuminate/Pipeline/Pipeline->Illuminate/Pipeline/{closure}(Object(Illuminate/Http/Request))
#27 C:/Users/Rahmat Eka/Peta-Interaktif/vendor/laravel/framework/src/Illuminate/Session/Middleware/StartSession.php(63): Illuminate/Session/Middleware/StartSession->handleStatefulRequest(Object(Illuminate/Http/Request), Object(Illuminate/Session/Store), Object(Closure))
#28 C:/Users/Rahmat Eka/Peta-Interaktif/vendor/laravel/framework/src/Illuminate/Pipeline/Pipeline.php(219): Illuminate/Session/Middleware/StartSession->handle(Object(Illuminate/Http/Request), Object(Closure))
#29 C:/Users/Rahmat Eka/Peta-Interaktif/vendor/laravel/framework/src/Illuminate/Cookie/Middleware/AddQueuedCookiesToResponse.php(36): Illuminate/Pipeline/Pipeline->Illuminate/Pipeline/{closure}(Object(Illuminate/Http/Request))
#30 C:/Users/Rahmat Eka/Peta-Interaktif/vendor/laravel/framework/src/Illuminate/Pipeline/Pipeline.php(219): Illuminate/Cookie/Middleware/AddQueuedCookiesToResponse->handle(Object(Illuminate/Http/Request), Object(Closure))
#31 C:/Users/Rahmat Eka/Peta-Interaktif/vendor/laravel/framework/src/Illuminate/Cookie/Middleware/EncryptCookies.php(74): Illuminate/Pipeline/Pipeline->Illuminate/Pipeline/{closure}(Object(Illuminate/Http/Request))
#32 C:/Users/Rahmat Eka/Peta-Interaktif/vendor/laravel/framework/src/Illuminate/Pipeline/Pipeline.php(219): Illuminate/Cookie/Middleware/EncryptCookies->handle(Object(Illuminate/Http/Request), Object(Closure))
#33 C:/Users/Rahmat Eka/Peta-Interaktif/vendor/laravel/framework/src/Illuminate/Pipeline/Pipeline.php(137): Illuminate/Pipeline/Pipeline->Illuminate/Pipeline/{closure}(Object(Illuminate/Http/Request))
#34 C:/Users/Rahmat Eka/Peta-Interaktif/vendor/laravel/framework/src/Illuminate/Routing/Router.php(821): Illuminate/Pipeline/Pipeline->then(Object(Closure))
#35 C:/Users/Rahmat Eka/Peta-Interaktif/vendor/laravel/framework/src/Illuminate/Routing/Router.php(800): Illuminate/Routing/Router->runRouteWithinStack(Object(Illuminate/Routing/Route), Object(Illuminate/Http/Request))
#36 C:/Users/Rahmat Eka/Peta-Interaktif/vendor/laravel/framework/src/Illuminate/Routing/Router.php(764): Illuminate/Routing/Router->runRoute(Object(Illuminate/Http/Request), Object(Illuminate/Routing/Route))
#37 C:/Users/Rahmat Eka/Peta-Interaktif/vendor/laravel/framework/src/Illuminate/Routing/Router.php(753): Illuminate/Routing/Router->dispatchToRoute(Object(Illuminate/Http/Request))
#38 C:/Users/Rahmat Eka/Peta-Interaktif/vendor/laravel/framework/src/Illuminate/Foundation/Http/Kernel.php(200): Illuminate/Routing/Router->dispatch(Object(Illuminate/Http/Request))
#39 C:/Users/Rahmat Eka/Peta-Interaktif/vendor/laravel/framework/src/Illuminate/Pipeline/Pipeline.php(180): Illuminate/Foundation/Http/Kernel->Illuminate/Foundation/Http/{closure}(Object(Illuminate/Http/Request))
#40 C:/Users/Rahmat Eka/Peta-Interaktif/vendor/laravel/framework/src/Illuminate/Foundation/Http/Middleware/TransformsRequest.php(21): Illuminate/Pipeline/Pipeline->Illuminate/Pipeline/{closure}(Object(Illuminate/Http/Request))
#41 C:/Users/Rahmat Eka/Peta-Interaktif/vendor/laravel/framework/src/Illuminate/Foundation/Http/Middleware/ConvertEmptyStringsToNull.php(31): Illuminate/Foundation/Http/Middleware/TransformsRequest->handle(Object(Illuminate/Http/Request), Object(Closure))
#42 C:/Users/Rahmat Eka/Peta-Interaktif/vendor/laravel/framework/src/Illuminate/Pipeline/Pipeline.php(219): Illuminate/Foundation/Http/Middleware/ConvertEmptyStringsToNull->handle(Object(Illuminate/Http/Request), Object(Closure))
#43 C:/Users/Rahmat Eka/Peta-Interaktif/vendor/laravel/framework/src/Illuminate/Foundation/Http/Middleware/TransformsRequest.php(21): Illuminate/Pipeline/Pipeline->Illuminate/Pipeline/{closure}(Object(Illuminate/Http/Request))
#44 C:/Users/Rahmat Eka/Peta-Interaktif/vendor/laravel/framework/src/Illuminate/Foundation/Http/Middleware/TrimStrings.php(51): Illuminate/Foundation/Http/Middleware/TransformsRequest->handle(Object(Illuminate/Http/Request), Object(Closure))
#45 C:/Users/Rahmat Eka/Peta-Interaktif/vendor/laravel/framework/src/Illuminate/Pipeline/Pipeline.php(219): Illuminate/Foundation/Http/Middleware/TrimStrings->handle(Object(Illuminate/Http/Request), Object(Closure))
#46 C:/Users/Rahmat Eka/Peta-Interaktif/vendor/laravel/framework/src/Illuminate/Http/Middleware/ValidatePostSize.php(27): Illuminate/Pipeline/Pipeline->Illuminate/Pipeline/{closure}(Object(Illuminate/Http/Request))
#47 C:/Users/Rahmat Eka/Peta-Interaktif/vendor/laravel/framework/src/Illuminate/Pipeline/Pipeline.php(219): Illuminate/Http/Middleware/ValidatePostSize->handle(Object(Illuminate/Http/Request), Object(Closure))
#48 C:/Users/Rahmat Eka/Peta-Interaktif/vendor/laravel/framework/src/Illuminate/Foundation/Http/Middleware/PreventRequestsDuringMaintenance.php(109): Illuminate/Pipeline/Pipeline->Illuminate/Pipeline/{closure}(Object(Illuminate/Http/Request))
#49 C:/Users/Rahmat Eka/Peta-Interaktif/vendor/laravel/framework/src/Illuminate/Pipeline/Pipeline.php(219): Illuminate/Foundation/Http/Middleware/PreventRequestsDuringMaintenance->handle(Object(Illuminate/Http/Request), Object(Closure))
#50 C:/Users/Rahmat Eka/Peta-Interaktif/vendor/laravel/framework/src/Illuminate/Http/Middleware/HandleCors.php(61): Illuminate/Pipeline/Pipeline->Illuminate/Pipeline/{closure}(Object(Illuminate/Http/Request))
#51 C:/Users/Rahmat Eka/Peta-Interaktif/vendor/laravel/framework/src/Illuminate/Pipeline/Pipeline.php(219): Illuminate/Http/Middleware/HandleCors->handle(Object(Illuminate/Http/Request), Object(Closure))
#52 C:/Users/Rahmat Eka/Peta-Interaktif/vendor/laravel/framework/src/Illuminate/Http/Middleware/TrustProxies.php(58): Illuminate/Pipeline/Pipeline->Illuminate/Pipeline/{closure}(Object(Illuminate/Http/Request))
#53 C:/Users/Rahmat Eka/Peta-Interaktif/vendor/laravel/framework/src/Illuminate/Pipeline/Pipeline.php(219): Illuminate/Http/Middleware/TrustProxies->handle(Object(Illuminate/Http/Request), Object(Closure))
#54 C:/Users/Rahmat Eka/Peta-Interaktif/vendor/laravel/framework/src/Illuminate/Foundation/Http/Middleware/InvokeDeferredCallbacks.php(22): Illuminate/Pipeline/Pipeline->Illuminate/Pipeline/{closure}(Object(Illuminate/Http/Request))
#55 C:/Users/Rahmat Eka/Peta-Interaktif/vendor/laravel/framework/src/Illuminate/Pipeline/Pipeline.php(219): Illuminate/Foundation/Http/Middleware/InvokeDeferredCallbacks->handle(Object(Illuminate/Http/Request), Object(Closure))
#56 C:/Users/Rahmat Eka/Peta-Interaktif/vendor/laravel/framework/src/Illuminate/Http/Middleware/ValidatePathEncoding.php(26): Illuminate/Pipeline/Pipeline->Illuminate/Pipeline/{closure}(Object(Illuminate/Http/Request))
#57 C:/Users/Rahmat Eka/Peta-Interaktif/vendor/laravel/framework/src/Illuminate/Pipeline/Pipeline.php(219): Illuminate/Http/Middleware/ValidatePathEncoding->handle(Object(Illuminate/Http/Request), Object(Closure))
#58 C:/Users/Rahmat Eka/Peta-Interaktif/vendor/laravel/framework/src/Illuminate/Pipeline/Pipeline.php(137): Illuminate/Pipeline/Pipeline->Illuminate/Pipeline/{closure}(Object(Illuminate/Http/Request))
#59 C:/Users/Rahmat Eka/Peta-Interaktif/vendor/laravel/framework/src/Illuminate/Foundation/Http/Kernel.php(175): Illuminate/Pipeline/Pipeline->then(Object(Closure))
#60 C:/Users/Rahmat Eka/Peta-Interaktif/vendor/laravel/framework/src/Illuminate/Foundation/Http/Kernel.php(144): Illuminate/Foundation/Http/Kernel->sendRequestThroughRouter(Object(Illuminate/Http/Request))
#61 C:/Users/Rahmat Eka/Peta-Interaktif/vendor/laravel/framework/src/Illuminate/Foundation/Application.php(1220): Illuminate/Foundation/Http/Kernel->handle(Object(Illuminate/Http/Request))
#62 C:/Users/Rahmat Eka/Peta-Interaktif/public/index.php(18): Illuminate/Foundation/Application->handleRequest(Object(Illuminate/Http/Request))
#63 C:/Users/Rahmat Eka/Peta-Interaktif/vendor/laravel/framework/src/Illuminate/Foundation/resources/server.php(23): require_once('C://Users//Rahmat...')
#64 {main}
"} 
[2026-06-18 20:30:52] laravel.WARNING: Since symfony/http-foundation 7.4: Request::get() is deprecated, use properties ->attributes, query or request directly instead. in C:\Users\Rahmat Eka\Peta-Interaktif\vendor\symfony\deprecation-contracts\function.php on line 25  
[2026-06-18 20:30:52] laravel.EMERGENCY: Unable to create configured logger. Using emergency logger. {"exception":"[object] (InvalidArgumentException(code: 0): NullHandler must be an instance of Monolog\\Handler\\HandlerInterface at C:/Users/Rahmat Eka/Peta-Interaktif/vendor/laravel/framework/src/Illuminate/Log/LogManager.php:398)
[stacktrace]
#0 C:/Users/Rahmat Eka/Peta-Interaktif/vendor/laravel/framework/src/Illuminate/Log/LogManager.php(232): Illuminate/Log/LogManager->createMonologDriver(Array)
#1 C:/Users/Rahmat Eka/Peta-Interaktif/vendor/laravel/framework/src/Illuminate/Log/LogManager.php(138): Illuminate/Log/LogManager->resolve('deprecations', Array)
#2 C:/Users/Rahmat Eka/Peta-Interaktif/vendor/laravel/framework/src/Illuminate/Log/LogManager.php(125): Illuminate/Log/LogManager->get('deprecations')
#3 C:/Users/Rahmat Eka/Peta-Interaktif/vendor/laravel/framework/src/Illuminate/Log/LogManager.php(114): Illuminate/Log/LogManager->driver('deprecations')
#4 C:/Users/Rahmat Eka/Peta-Interaktif/vendor/laravel/framework/src/Illuminate/Foundation/Bootstrap/HandleExceptions.php(109): Illuminate/Log/LogManager->channel('deprecations')
#5 C:/Users/Rahmat Eka/Peta-Interaktif/vendor/laravel/framework/src/Illuminate/Foundation/Bootstrap/HandleExceptions.php(74): Illuminate/Foundation/Bootstrap/HandleExceptions->handleDeprecationError('Since symfony/h...', 'C://Users//Rahmat...', 25, 16384)
#6 C:/Users/Rahmat Eka/Peta-Interaktif/vendor/laravel/framework/src/Illuminate/Foundation/Bootstrap/HandleExceptions.php(262): Illuminate/Foundation/Bootstrap/HandleExceptions->handleError(16384, 'Since symfony/h...', 'C://Users//Rahmat...', 25)
#7 [internal function]: Illuminate/Foundation/Bootstrap/HandleExceptions->Illuminate/Foundation/Bootstrap/{closure}(16384, 'Since symfony/h...', 'C://Users//Rahmat...', 25)
#8 C:/Users/Rahmat Eka/Peta-Interaktif/vendor/symfony/deprecation-contracts/function.php(25): trigger_error('Since symfony/h...', 16384)
#9 C:/Users/Rahmat Eka/Peta-Interaktif/vendor/symfony/http-foundation/Request.php(754): trigger_deprecation('symfony/http-fo...', '7.4', 'Request::get() ...')
#10 C:/Users/Rahmat Eka/Peta-Interaktif/vendor/laravel/framework/src/Illuminate/Http/Request.php(441): Symfony/Component/HttpFoundation/Request->get('search', NULL)
#11 C:/Users/Rahmat Eka/Peta-Interaktif/app/Http/Controllers/Admin/ManageUsersController.php(16): Illuminate/Http/Request->get('search')
#12 C:/Users/Rahmat Eka/Peta-Interaktif/vendor/laravel/framework/src/Illuminate/Routing/Controller.php(54): App/Http/Controllers/Admin/ManageUsersController->index(Object(Illuminate/Http/Request))
#13 C:/Users/Rahmat Eka/Peta-Interaktif/vendor/laravel/framework/src/Illuminate/Routing/ControllerDispatcher.php(43): Illuminate/Routing/Controller->callAction('index', Array)
#14 C:/Users/Rahmat Eka/Peta-Interaktif/vendor/laravel/framework/src/Illuminate/Routing/Route.php(265): Illuminate/Routing/ControllerDispatcher->dispatch(Object(Illuminate/Routing/Route), Object(App/Http/Controllers/Admin/ManageUsersController), 'index')
#15 C:/Users/Rahmat Eka/Peta-Interaktif/vendor/laravel/framework/src/Illuminate/Routing/Route.php(211): Illuminate/Routing/Route->runController()
#16 C:/Users/Rahmat Eka/Peta-Interaktif/vendor/laravel/framework/src/Illuminate/Routing/Router.php(822): Illuminate/Routing/Route->run()
#17 C:/Users/Rahmat Eka/Peta-Interaktif/vendor/laravel/framework/src/Illuminate/Pipeline/Pipeline.php(180): Illuminate/Routing/Router->Illuminate/Routing/{closure}(Object(Illuminate/Http/Request))
#18 C:/Users/Rahmat Eka/Peta-Interaktif/vendor/laravel/framework/src/Illuminate/Routing/Middleware/SubstituteBindings.php(50): Illuminate/Pipeline/Pipeline->Illuminate/Pipeline/{closure}(Object(Illuminate/Http/Request))
#19 C:/Users/Rahmat Eka/Peta-Interaktif/vendor/laravel/framework/src/Illuminate/Pipeline/Pipeline.php(219): Illuminate/Routing/Middleware/SubstituteBindings->handle(Object(Illuminate/Http/Request), Object(Closure))
#20 C:/Users/Rahmat Eka/Peta-Interaktif/vendor/laravel/framework/src/Illuminate/Auth/Middleware/Authenticate.php(63): Illuminate/Pipeline/Pipeline->Illuminate/Pipeline/{closure}(Object(Illuminate/Http/Request))
#21 C:/Users/Rahmat Eka/Peta-Interaktif/vendor/laravel/framework/src/Illuminate/Pipeline/Pipeline.php(219): Illuminate/Auth/Middleware/Authenticate->handle(Object(Illuminate/Http/Request), Object(Closure), 'admin')
#22 C:/Users/Rahmat Eka/Peta-Interaktif/vendor/laravel/framework/src/Illuminate/Foundation/Http/Middleware/VerifyCsrfToken.php(87): Illuminate/Pipeline/Pipeline->Illuminate/Pipeline/{closure}(Object(Illuminate/Http/Request))
#23 C:/Users/Rahmat Eka/Peta-Interaktif/vendor/laravel/framework/src/Illuminate/Pipeline/Pipeline.php(219): Illuminate/Foundation/Http/Middleware/VerifyCsrfToken->handle(Object(Illuminate/Http/Request), Object(Closure))
#24 C:/Users/Rahmat Eka/Peta-Interaktif/vendor/laravel/framework/src/Illuminate/View/Middleware/ShareErrorsFromSession.php(48): Illuminate/Pipeline/Pipeline->Illuminate/Pipeline/{closure}(Object(Illuminate/Http/Request))
#25 C:/Users/Rahmat Eka/Peta-Interaktif/vendor/laravel/framework/src/Illuminate/Pipeline/Pipeline.php(219): Illuminate/View/Middleware/ShareErrorsFromSession->handle(Object(Illuminate/Http/Request), Object(Closure))
#26 C:/Users/Rahmat Eka/Peta-Interaktif/vendor/laravel/framework/src/Illuminate/Session/Middleware/StartSession.php(120): Illuminate/Pipeline/Pipeline->Illuminate/Pipeline/{closure}(Object(Illuminate/Http/Request))
#27 C:/Users/Rahmat Eka/Peta-Interaktif/vendor/laravel/framework/src/Illuminate/Session/Middleware/StartSession.php(63): Illuminate/Session/Middleware/StartSession->handleStatefulRequest(Object(Illuminate/Http/Request), Object(Illuminate/Session/Store), Object(Closure))
#28 C:/Users/Rahmat Eka/Peta-Interaktif/vendor/laravel/framework/src/Illuminate/Pipeline/Pipeline.php(219): Illuminate/Session/Middleware/StartSession->handle(Object(Illuminate/Http/Request), Object(Closure))
#29 C:/Users/Rahmat Eka/Peta-Interaktif/vendor/laravel/framework/src/Illuminate/Cookie/Middleware/AddQueuedCookiesToResponse.php(36): Illuminate/Pipeline/Pipeline->Illuminate/Pipeline/{closure}(Object(Illuminate/Http/Request))
#30 C:/Users/Rahmat Eka/Peta-Interaktif/vendor/laravel/framework/src/Illuminate/Pipeline/Pipeline.php(219): Illuminate/Cookie/Middleware/AddQueuedCookiesToResponse->handle(Object(Illuminate/Http/Request), Object(Closure))
#31 C:/Users/Rahmat Eka/Peta-Interaktif/vendor/laravel/framework/src/Illuminate/Cookie/Middleware/EncryptCookies.php(74): Illuminate/Pipeline/Pipeline->Illuminate/Pipeline/{closure}(Object(Illuminate/Http/Request))
#32 C:/Users/Rahmat Eka/Peta-Interaktif/vendor/laravel/framework/src/Illuminate/Pipeline/Pipeline.php(219): Illuminate/Cookie/Middleware/EncryptCookies->handle(Object(Illuminate/Http/Request), Object(Closure))
#33 C:/Users/Rahmat Eka/Peta-Interaktif/vendor/laravel/framework/src/Illuminate/Pipeline/Pipeline.php(137): Illuminate/Pipeline/Pipeline->Illuminate/Pipeline/{closure}(Object(Illuminate/Http/Request))
#34 C:/Users/Rahmat Eka/Peta-Interaktif/vendor/laravel/framework/src/Illuminate/Routing/Router.php(821): Illuminate/Pipeline/Pipeline->then(Object(Closure))
#35 C:/Users/Rahmat Eka/Peta-Interaktif/vendor/laravel/framework/src/Illuminate/Routing/Router.php(800): Illuminate/Routing/Router->runRouteWithinStack(Object(Illuminate/Routing/Route), Object(Illuminate/Http/Request))
#36 C:/Users/Rahmat Eka/Peta-Interaktif/vendor/laravel/framework/src/Illuminate/Routing/Router.php(764): Illuminate/Routing/Router->runRoute(Object(Illuminate/Http/Request), Object(Illuminate/Routing/Route))
#37 C:/Users/Rahmat Eka/Peta-Interaktif/vendor/laravel/framework/src/Illuminate/Routing/Router.php(753): Illuminate/Routing/Router->dispatchToRoute(Object(Illuminate/Http/Request))
#38 C:/Users/Rahmat Eka/Peta-Interaktif/vendor/laravel/framework/src/Illuminate/Foundation/Http/Kernel.php(200): Illuminate/Routing/Router->dispatch(Object(Illuminate/Http/Request))
#39 C:/Users/Rahmat Eka/Peta-Interaktif/vendor/laravel/framework/src/Illuminate/Pipeline/Pipeline.php(180): Illuminate/Foundation/Http/Kernel->Illuminate/Foundation/Http/{closure}(Object(Illuminate/Http/Request))
#40 C:/Users/Rahmat Eka/Peta-Interaktif/vendor/laravel/framework/src/Illuminate/Foundation/Http/Middleware/TransformsRequest.php(21): Illuminate/Pipeline/Pipeline->Illuminate/Pipeline/{closure}(Object(Illuminate/Http/Request))
#41 C:/Users/Rahmat Eka/Peta-Interaktif/vendor/laravel/framework/src/Illuminate/Foundation/Http/Middleware/ConvertEmptyStringsToNull.php(31): Illuminate/Foundation/Http/Middleware/TransformsRequest->handle(Object(Illuminate/Http/Request), Object(Closure))
#42 C:/Users/Rahmat Eka/Peta-Interaktif/vendor/laravel/framework/src/Illuminate/Pipeline/Pipeline.php(219): Illuminate/Foundation/Http/Middleware/ConvertEmptyStringsToNull->handle(Object(Illuminate/Http/Request), Object(Closure))
#43 C:/Users/Rahmat Eka/Peta-Interaktif/vendor/laravel/framework/src/Illuminate/Foundation/Http/Middleware/TransformsRequest.php(21): Illuminate/Pipeline/Pipeline->Illuminate/Pipeline/{closure}(Object(Illuminate/Http/Request))
#44 C:/Users/Rahmat Eka/Peta-Interaktif/vendor/laravel/framework/src/Illuminate/Foundation/Http/Middleware/TrimStrings.php(51): Illuminate/Foundation/Http/Middleware/TransformsRequest->handle(Object(Illuminate/Http/Request), Object(Closure))
#45 C:/Users/Rahmat Eka/Peta-Interaktif/vendor/laravel/framework/src/Illuminate/Pipeline/Pipeline.php(219): Illuminate/Foundation/Http/Middleware/TrimStrings->handle(Object(Illuminate/Http/Request), Object(Closure))
#46 C:/Users/Rahmat Eka/Peta-Interaktif/vendor/laravel/framework/src/Illuminate/Http/Middleware/ValidatePostSize.php(27): Illuminate/Pipeline/Pipeline->Illuminate/Pipeline/{closure}(Object(Illuminate/Http/Request))
#47 C:/Users/Rahmat Eka/Peta-Interaktif/vendor/laravel/framework/src/Illuminate/Pipeline/Pipeline.php(219): Illuminate/Http/Middleware/ValidatePostSize->handle(Object(Illuminate/Http/Request), Object(Closure))
#48 C:/Users/Rahmat Eka/Peta-Interaktif/vendor/laravel/framework/src/Illuminate/Foundation/Http/Middleware/PreventRequestsDuringMaintenance.php(109): Illuminate/Pipeline/Pipeline->Illuminate/Pipeline/{closure}(Object(Illuminate/Http/Request))
#49 C:/Users/Rahmat Eka/Peta-Interaktif/vendor/laravel/framework/src/Illuminate/Pipeline/Pipeline.php(219): Illuminate/Foundation/Http/Middleware/PreventRequestsDuringMaintenance->handle(Object(Illuminate/Http/Request), Object(Closure))
#50 C:/Users/Rahmat Eka/Peta-Interaktif/vendor/laravel/framework/src/Illuminate/Http/Middleware/HandleCors.php(61): Illuminate/Pipeline/Pipeline->Illuminate/Pipeline/{closure}(Object(Illuminate/Http/Request))
#51 C:/Users/Rahmat Eka/Peta-Interaktif/vendor/laravel/framework/src/Illuminate/Pipeline/Pipeline.php(219): Illuminate/Http/Middleware/HandleCors->handle(Object(Illuminate/Http/Request), Object(Closure))
#52 C:/Users/Rahmat Eka/Peta-Interaktif/vendor/laravel/framework/src/Illuminate/Http/Middleware/TrustProxies.php(58): Illuminate/Pipeline/Pipeline->Illuminate/Pipeline/{closure}(Object(Illuminate/Http/Request))
#53 C:/Users/Rahmat Eka/Peta-Interaktif/vendor/laravel/framework/src/Illuminate/Pipeline/Pipeline.php(219): Illuminate/Http/Middleware/TrustProxies->handle(Object(Illuminate/Http/Request), Object(Closure))
#54 C:/Users/Rahmat Eka/Peta-Interaktif/vendor/laravel/framework/src/Illuminate/Foundation/Http/Middleware/InvokeDeferredCallbacks.php(22): Illuminate/Pipeline/Pipeline->Illuminate/Pipeline/{closure}(Object(Illuminate/Http/Request))
#55 C:/Users/Rahmat Eka/Peta-Interaktif/vendor/laravel/framework/src/Illuminate/Pipeline/Pipeline.php(219): Illuminate/Foundation/Http/Middleware/InvokeDeferredCallbacks->handle(Object(Illuminate/Http/Request), Object(Closure))
#56 C:/Users/Rahmat Eka/Peta-Interaktif/vendor/laravel/framework/src/Illuminate/Http/Middleware/ValidatePathEncoding.php(26): Illuminate/Pipeline/Pipeline->Illuminate/Pipeline/{closure}(Object(Illuminate/Http/Request))
#57 C:/Users/Rahmat Eka/Peta-Interaktif/vendor/laravel/framework/src/Illuminate/Pipeline/Pipeline.php(219): Illuminate/Http/Middleware/ValidatePathEncoding->handle(Object(Illuminate/Http/Request), Object(Closure))
#58 C:/Users/Rahmat Eka/Peta-Interaktif/vendor/laravel/framework/src/Illuminate/Pipeline/Pipeline.php(137): Illuminate/Pipeline/Pipeline->Illuminate/Pipeline/{closure}(Object(Illuminate/Http/Request))
#59 C:/Users/Rahmat Eka/Peta-Interaktif/vendor/laravel/framework/src/Illuminate/Foundation/Http/Kernel.php(175): Illuminate/Pipeline/Pipeline->then(Object(Closure))
#60 C:/Users/Rahmat Eka/Peta-Interaktif/vendor/laravel/framework/src/Illuminate/Foundation/Http/Kernel.php(144): Illuminate/Foundation/Http/Kernel->sendRequestThroughRouter(Object(Illuminate/Http/Request))
#61 C:/Users/Rahmat Eka/Peta-Interaktif/vendor/laravel/framework/src/Illuminate/Foundation/Application.php(1220): Illuminate/Foundation/Http/Kernel->handle(Object(Illuminate/Http/Request))
#62 C:/Users/Rahmat Eka/Peta-Interaktif/public/index.php(18): Illuminate/Foundation/Application->handleRequest(Object(Illuminate/Http/Request))
#63 C:/Users/Rahmat Eka/Peta-Interaktif/vendor/laravel/framework/src/Illuminate/Foundation/resources/server.php(23): require_once('C://Users//Rahmat...')
#64 {main}
"} 
[2026-06-18 20:30:52] laravel.WARNING: Since symfony/http-foundation 7.4: Request::get() is deprecated, use properties ->attributes, query or request directly instead. in C:\Users\Rahmat Eka\Peta-Interaktif\vendor\symfony\deprecation-contracts\function.php on line 25  
[2026-06-18 20:41:48] local.ERROR: Class "App\Http\Controllers\Auth\User" not found {"exception":"[object] (Error(code: 0): Class \"App\\Http\\Controllers\\Auth\\User\" not found at C:/Users/Rahmat Eka/Peta-Interaktif/app/Http/Controllers/Auth/AdminAuthController.php:30)
[stacktrace]
#0 C:/Users/Rahmat Eka/Peta-Interaktif/vendor/laravel/framework/src/Illuminate/Routing/Controller.php(54): App/Http/Controllers/Auth/AdminAuthController->login(Object(Illuminate/Http/Request))
#1 C:/Users/Rahmat Eka/Peta-Interaktif/vendor/laravel/framework/src/Illuminate/Routing/ControllerDispatcher.php(43): Illuminate/Routing/Controller->callAction('login', Array)
#2 C:/Users/Rahmat Eka/Peta-Interaktif/vendor/laravel/framework/src/Illuminate/Routing/Route.php(265): Illuminate/Routing/ControllerDispatcher->dispatch(Object(Illuminate/Routing/Route), Object(App/Http/Controllers/Auth/AdminAuthController), 'login')
#3 C:/Users/Rahmat Eka/Peta-Interaktif/vendor/laravel/framework/src/Illuminate/Routing/Route.php(211): Illuminate/Routing/Route->runController()
#4 C:/Users/Rahmat Eka/Peta-Interaktif/vendor/laravel/framework/src/Illuminate/Routing/Router.php(822): Illuminate/Routing/Route->run()
#5 C:/Users/Rahmat Eka/Peta-Interaktif/vendor/laravel/framework/src/Illuminate/Pipeline/Pipeline.php(180): Illuminate/Routing/Router->Illuminate/Routing/{closure}(Object(Illuminate/Http/Request))
#6 C:/Users/Rahmat Eka/Peta-Interaktif/vendor/laravel/framework/src/Illuminate/Auth/Middleware/RedirectIfAuthenticated.php(47): Illuminate/Pipeline/Pipeline->Illuminate/Pipeline/{closure}(Object(Illuminate/Http/Request))
#7 C:/Users/Rahmat Eka/Peta-Interaktif/vendor/laravel/framework/src/Illuminate/Pipeline/Pipeline.php(219): Illuminate/Auth/Middleware/RedirectIfAuthenticated->handle(Object(Illuminate/Http/Request), Object(Closure), 'admin')
#8 C:/Users/Rahmat Eka/Peta-Interaktif/vendor/laravel/framework/src/Illuminate/Routing/Middleware/SubstituteBindings.php(50): Illuminate/Pipeline/Pipeline->Illuminate/Pipeline/{closure}(Object(Illuminate/Http/Request))
#9 C:/Users/Rahmat Eka/Peta-Interaktif/vendor/laravel/framework/src/Illuminate/Pipeline/Pipeline.php(219): Illuminate/Routing/Middleware/SubstituteBindings->handle(Object(Illuminate/Http/Request), Object(Closure))
#10 C:/Users/Rahmat Eka/Peta-Interaktif/vendor/laravel/framework/src/Illuminate/Foundation/Http/Middleware/VerifyCsrfToken.php(87): Illuminate/Pipeline/Pipeline->Illuminate/Pipeline/{closure}(Object(Illuminate/Http/Request))
#11 C:/Users/Rahmat Eka/Peta-Interaktif/vendor/laravel/framework/src/Illuminate/Pipeline/Pipeline.php(219): Illuminate/Foundation/Http/Middleware/VerifyCsrfToken->handle(Object(Illuminate/Http/Request), Object(Closure))
#12 C:/Users/Rahmat Eka/Peta-Interaktif/vendor/laravel/framework/src/Illuminate/View/Middleware/ShareErrorsFromSession.php(48): Illuminate/Pipeline/Pipeline->Illuminate/Pipeline/{closure}(Object(Illuminate/Http/Request))
#13 C:/Users/Rahmat Eka/Peta-Interaktif/vendor/laravel/framework/src/Illuminate/Pipeline/Pipeline.php(219): Illuminate/View/Middleware/ShareErrorsFromSession->handle(Object(Illuminate/Http/Request), Object(Closure))
#14 C:/Users/Rahmat Eka/Peta-Interaktif/vendor/laravel/framework/src/Illuminate/Session/Middleware/StartSession.php(120): Illuminate/Pipeline/Pipeline->Illuminate/Pipeline/{closure}(Object(Illuminate/Http/Request))
#15 C:/Users/Rahmat Eka/Peta-Interaktif/vendor/laravel/framework/src/Illuminate/Session/Middleware/StartSession.php(63): Illuminate/Session/Middleware/StartSession->handleStatefulRequest(Object(Illuminate/Http/Request), Object(Illuminate/Session/Store), Object(Closure))
#16 C:/Users/Rahmat Eka/Peta-Interaktif/vendor/laravel/framework/src/Illuminate/Pipeline/Pipeline.php(219): Illuminate/Session/Middleware/StartSession->handle(Object(Illuminate/Http/Request), Object(Closure))
#17 C:/Users/Rahmat Eka/Peta-Interaktif/vendor/laravel/framework/src/Illuminate/Cookie/Middleware/AddQueuedCookiesToResponse.php(36): Illuminate/Pipeline/Pipeline->Illuminate/Pipeline/{closure}(Object(Illuminate/Http/Request))
#18 C:/Users/Rahmat Eka/Peta-Interaktif/vendor/laravel/framework/src/Illuminate/Pipeline/Pipeline.php(219): Illuminate/Cookie/Middleware/AddQueuedCookiesToResponse->handle(Object(Illuminate/Http/Request), Object(Closure))
#19 C:/Users/Rahmat Eka/Peta-Interaktif/vendor/laravel/framework/src/Illuminate/Cookie/Middleware/EncryptCookies.php(74): Illuminate/Pipeline/Pipeline->Illuminate/Pipeline/{closure}(Object(Illuminate/Http/Request))
#20 C:/Users/Rahmat Eka/Peta-Interaktif/vendor/laravel/framework/src/Illuminate/Pipeline/Pipeline.php(219): Illuminate/Cookie/Middleware/EncryptCookies->handle(Object(Illuminate/Http/Request), Object(Closure))
#21 C:/Users/Rahmat Eka/Peta-Interaktif/vendor/laravel/framework/src/Illuminate/Pipeline/Pipeline.php(137): Illuminate/Pipeline/Pipeline->Illuminate/Pipeline/{closure}(Object(Illuminate/Http/Request))
#22 C:/Users/Rahmat Eka/Peta-Interaktif/vendor/laravel/framework/src/Illuminate/Routing/Router.php(821): Illuminate/Pipeline/Pipeline->then(Object(Closure))
#23 C:/Users/Rahmat Eka/Peta-Interaktif/vendor/laravel/framework/src/Illuminate/Routing/Router.php(800): Illuminate/Routing/Router->runRouteWithinStack(Object(Illuminate/Routing/Route), Object(Illuminate/Http/Request))
#24 C:/Users/Rahmat Eka/Peta-Interaktif/vendor/laravel/framework/src/Illuminate/Routing/Router.php(764): Illuminate/Routing/Router->runRoute(Object(Illuminate/Http/Request), Object(Illuminate/Routing/Route))
#25 C:/Users/Rahmat Eka/Peta-Interaktif/vendor/laravel/framework/src/Illuminate/Routing/Router.php(753): Illuminate/Routing/Router->dispatchToRoute(Object(Illuminate/Http/Request))
#26 C:/Users/Rahmat Eka/Peta-Interaktif/vendor/laravel/framework/src/Illuminate/Foundation/Http/Kernel.php(200): Illuminate/Routing/Router->dispatch(Object(Illuminate/Http/Request))
#27 C:/Users/Rahmat Eka/Peta-Interaktif/vendor/laravel/framework/src/Illuminate/Pipeline/Pipeline.php(180): Illuminate/Foundation/Http/Kernel->Illuminate/Foundation/Http/{closure}(Object(Illuminate/Http/Request))
#28 C:/Users/Rahmat Eka/Peta-Interaktif/vendor/laravel/framework/src/Illuminate/Foundation/Http/Middleware/TransformsRequest.php(21): Illuminate/Pipeline/Pipeline->Illuminate/Pipeline/{closure}(Object(Illuminate/Http/Request))
#29 C:/Users/Rahmat Eka/Peta-Interaktif/vendor/laravel/framework/src/Illuminate/Foundation/Http/Middleware/ConvertEmptyStringsToNull.php(31): Illuminate/Foundation/Http/Middleware/TransformsRequest->handle(Object(Illuminate/Http/Request), Object(Closure))
#30 C:/Users/Rahmat Eka/Peta-Interaktif/vendor/laravel/framework/src/Illuminate/Pipeline/Pipeline.php(219): Illuminate/Foundation/Http/Middleware/ConvertEmptyStringsToNull->handle(Object(Illuminate/Http/Request), Object(Closure))
#31 C:/Users/Rahmat Eka/Peta-Interaktif/vendor/laravel/framework/src/Illuminate/Foundation/Http/Middleware/TransformsRequest.php(21): Illuminate/Pipeline/Pipeline->Illuminate/Pipeline/{closure}(Object(Illuminate/Http/Request))
#32 C:/Users/Rahmat Eka/Peta-Interaktif/vendor/laravel/framework/src/Illuminate/Foundation/Http/Middleware/TrimStrings.php(51): Illuminate/Foundation/Http/Middleware/TransformsRequest->handle(Object(Illuminate/Http/Request), Object(Closure))
#33 C:/Users/Rahmat Eka/Peta-Interaktif/vendor/laravel/framework/src/Illuminate/Pipeline/Pipeline.php(219): Illuminate/Foundation/Http/Middleware/TrimStrings->handle(Object(Illuminate/Http/Request), Object(Closure))
#34 C:/Users/Rahmat Eka/Peta-Interaktif/vendor/laravel/framework/src/Illuminate/Http/Middleware/ValidatePostSize.php(27): Illuminate/Pipeline/Pipeline->Illuminate/Pipeline/{closure}(Object(Illuminate/Http/Request))
#35 C:/Users/Rahmat Eka/Peta-Interaktif/vendor/laravel/framework/src/Illuminate/Pipeline/Pipeline.php(219): Illuminate/Http/Middleware/ValidatePostSize->handle(Object(Illuminate/Http/Request), Object(Closure))
#36 C:/Users/Rahmat Eka/Peta-Interaktif/vendor/laravel/framework/src/Illuminate/Foundation/Http/Middleware/PreventRequestsDuringMaintenance.php(109): Illuminate/Pipeline/Pipeline->Illuminate/Pipeline/{closure}(Object(Illuminate/Http/Request))
#37 C:/Users/Rahmat Eka/Peta-Interaktif/vendor/laravel/framework/src/Illuminate/Pipeline/Pipeline.php(219): Illuminate/Foundation/Http/Middleware/PreventRequestsDuringMaintenance->handle(Object(Illuminate/Http/Request), Object(Closure))
#38 C:/Users/Rahmat Eka/Peta-Interaktif/vendor/laravel/framework/src/Illuminate/Http/Middleware/HandleCors.php(61): Illuminate/Pipeline/Pipeline->Illuminate/Pipeline/{closure}(Object(Illuminate/Http/Request))
#39 C:/Users/Rahmat Eka/Peta-Interaktif/vendor/laravel/framework/src/Illuminate/Pipeline/Pipeline.php(219): Illuminate/Http/Middleware/HandleCors->handle(Object(Illuminate/Http/Request), Object(Closure))
#40 C:/Users/Rahmat Eka/Peta-Interaktif/vendor/laravel/framework/src/Illuminate/Http/Middleware/TrustProxies.php(58): Illuminate/Pipeline/Pipeline->Illuminate/Pipeline/{closure}(Object(Illuminate/Http/Request))
#41 C:/Users/Rahmat Eka/Peta-Interaktif/vendor/laravel/framework/src/Illuminate/Pipeline/Pipeline.php(219): Illuminate/Http/Middleware/TrustProxies->handle(Object(Illuminate/Http/Request), Object(Closure))
#42 C:/Users/Rahmat Eka/Peta-Interaktif/vendor/laravel/framework/src/Illuminate/Foundation/Http/Middleware/InvokeDeferredCallbacks.php(22): Illuminate/Pipeline/Pipeline->Illuminate/Pipeline/{closure}(Object(Illuminate/Http/Request))
#43 C:/Users/Rahmat Eka/Peta-Interaktif/vendor/laravel/framework/src/Illuminate/Pipeline/Pipeline.php(219): Illuminate/Foundation/Http/Middleware/InvokeDeferredCallbacks->handle(Object(Illuminate/Http/Request), Object(Closure))
#44 C:/Users/Rahmat Eka/Peta-Interaktif/vendor/laravel/framework/src/Illuminate/Http/Middleware/ValidatePathEncoding.php(26): Illuminate/Pipeline/Pipeline->Illuminate/Pipeline/{closure}(Object(Illuminate/Http/Request))
#45 C:/Users/Rahmat Eka/Peta-Interaktif/vendor/laravel/framework/src/Illuminate/Pipeline/Pipeline.php(219): Illuminate/Http/Middleware/ValidatePathEncoding->handle(Object(Illuminate/Http/Request), Object(Closure))
#46 C:/Users/Rahmat Eka/Peta-Interaktif/vendor/laravel/framework/src/Illuminate/Pipeline/Pipeline.php(137): Illuminate/Pipeline/Pipeline->Illuminate/Pipeline/{closure}(Object(Illuminate/Http/Request))
#47 C:/Users/Rahmat Eka/Peta-Interaktif/vendor/laravel/framework/src/Illuminate/Foundation/Http/Kernel.php(175): Illuminate/Pipeline/Pipeline->then(Object(Closure))
#48 C:/Users/Rahmat Eka/Peta-Interaktif/vendor/laravel/framework/src/Illuminate/Foundation/Http/Kernel.php(144): Illuminate/Foundation/Http/Kernel->sendRequestThroughRouter(Object(Illuminate/Http/Request))
#49 C:/Users/Rahmat Eka/Peta-Interaktif/vendor/laravel/framework/src/Illuminate/Foundation/Application.php(1220): Illuminate/Foundation/Http/Kernel->handle(Object(Illuminate/Http/Request))
#50 C:/Users/Rahmat Eka/Peta-Interaktif/public/index.php(18): Illuminate/Foundation/Application->handleRequest(Object(Illuminate/Http/Request))
#51 C:/Users/Rahmat Eka/Peta-Interaktif/vendor/laravel/framework/src/Illuminate/Foundation/resources/server.php(23): require_once('C://Users//Rahmat...')
#52 {main}
"} 
[2026-06-18 20:42:21] local.ERROR: Class "App\Http\Controllers\Auth\User" not found {"exception":"[object] (Error(code: 0): Class \"App\\Http\\Controllers\\Auth\\User\" not found at C:/Users/Rahmat Eka/Peta-Interaktif/app/Http/Controllers/Auth/AdminAuthController.php:30)
[stacktrace]
#0 C:/Users/Rahmat Eka/Peta-Interaktif/vendor/laravel/framework/src/Illuminate/Routing/Controller.php(54): App/Http/Controllers/Auth/AdminAuthController->login(Object(Illuminate/Http/Request))
#1 C:/Users/Rahmat Eka/Peta-Interaktif/vendor/laravel/framework/src/Illuminate/Routing/ControllerDispatcher.php(43): Illuminate/Routing/Controller->callAction('login', Array)
#2 C:/Users/Rahmat Eka/Peta-Interaktif/vendor/laravel/framework/src/Illuminate/Routing/Route.php(265): Illuminate/Routing/ControllerDispatcher->dispatch(Object(Illuminate/Routing/Route), Object(App/Http/Controllers/Auth/AdminAuthController), 'login')
#3 C:/Users/Rahmat Eka/Peta-Interaktif/vendor/laravel/framework/src/Illuminate/Routing/Route.php(211): Illuminate/Routing/Route->runController()
#4 C:/Users/Rahmat Eka/Peta-Interaktif/vendor/laravel/framework/src/Illuminate/Routing/Router.php(822): Illuminate/Routing/Route->run()
#5 C:/Users/Rahmat Eka/Peta-Interaktif/vendor/laravel/framework/src/Illuminate/Pipeline/Pipeline.php(180): Illuminate/Routing/Router->Illuminate/Routing/{closure}(Object(Illuminate/Http/Request))
#6 C:/Users/Rahmat Eka/Peta-Interaktif/vendor/laravel/framework/src/Illuminate/Auth/Middleware/RedirectIfAuthenticated.php(47): Illuminate/Pipeline/Pipeline->Illuminate/Pipeline/{closure}(Object(Illuminate/Http/Request))
#7 C:/Users/Rahmat Eka/Peta-Interaktif/vendor/laravel/framework/src/Illuminate/Pipeline/Pipeline.php(219): Illuminate/Auth/Middleware/RedirectIfAuthenticated->handle(Object(Illuminate/Http/Request), Object(Closure), 'admin')
#8 C:/Users/Rahmat Eka/Peta-Interaktif/vendor/laravel/framework/src/Illuminate/Routing/Middleware/SubstituteBindings.php(50): Illuminate/Pipeline/Pipeline->Illuminate/Pipeline/{closure}(Object(Illuminate/Http/Request))
#9 C:/Users/Rahmat Eka/Peta-Interaktif/vendor/laravel/framework/src/Illuminate/Pipeline/Pipeline.php(219): Illuminate/Routing/Middleware/SubstituteBindings->handle(Object(Illuminate/Http/Request), Object(Closure))
#10 C:/Users/Rahmat Eka/Peta-Interaktif/vendor/laravel/framework/src/Illuminate/Foundation/Http/Middleware/VerifyCsrfToken.php(87): Illuminate/Pipeline/Pipeline->Illuminate/Pipeline/{closure}(Object(Illuminate/Http/Request))
#11 C:/Users/Rahmat Eka/Peta-Interaktif/vendor/laravel/framework/src/Illuminate/Pipeline/Pipeline.php(219): Illuminate/Foundation/Http/Middleware/VerifyCsrfToken->handle(Object(Illuminate/Http/Request), Object(Closure))
#12 C:/Users/Rahmat Eka/Peta-Interaktif/vendor/laravel/framework/src/Illuminate/View/Middleware/ShareErrorsFromSession.php(48): Illuminate/Pipeline/Pipeline->Illuminate/Pipeline/{closure}(Object(Illuminate/Http/Request))
#13 C:/Users/Rahmat Eka/Peta-Interaktif/vendor/laravel/framework/src/Illuminate/Pipeline/Pipeline.php(219): Illuminate/View/Middleware/ShareErrorsFromSession->handle(Object(Illuminate/Http/Request), Object(Closure))
#14 C:/Users/Rahmat Eka/Peta-Interaktif/vendor/laravel/framework/src/Illuminate/Session/Middleware/StartSession.php(120): Illuminate/Pipeline/Pipeline->Illuminate/Pipeline/{closure}(Object(Illuminate/Http/Request))
#15 C:/Users/Rahmat Eka/Peta-Interaktif/vendor/laravel/framework/src/Illuminate/Session/Middleware/StartSession.php(63): Illuminate/Session/Middleware/StartSession->handleStatefulRequest(Object(Illuminate/Http/Request), Object(Illuminate/Session/Store), Object(Closure))
#16 C:/Users/Rahmat Eka/Peta-Interaktif/vendor/laravel/framework/src/Illuminate/Pipeline/Pipeline.php(219): Illuminate/Session/Middleware/StartSession->handle(Object(Illuminate/Http/Request), Object(Closure))
#17 C:/Users/Rahmat Eka/Peta-Interaktif/vendor/laravel/framework/src/Illuminate/Cookie/Middleware/AddQueuedCookiesToResponse.php(36): Illuminate/Pipeline/Pipeline->Illuminate/Pipeline/{closure}(Object(Illuminate/Http/Request))
#18 C:/Users/Rahmat Eka/Peta-Interaktif/vendor/laravel/framework/src/Illuminate/Pipeline/Pipeline.php(219): Illuminate/Cookie/Middleware/AddQueuedCookiesToResponse->handle(Object(Illuminate/Http/Request), Object(Closure))
#19 C:/Users/Rahmat Eka/Peta-Interaktif/vendor/laravel/framework/src/Illuminate/Cookie/Middleware/EncryptCookies.php(74): Illuminate/Pipeline/Pipeline->Illuminate/Pipeline/{closure}(Object(Illuminate/Http/Request))
#20 C:/Users/Rahmat Eka/Peta-Interaktif/vendor/laravel/framework/src/Illuminate/Pipeline/Pipeline.php(219): Illuminate/Cookie/Middleware/EncryptCookies->handle(Object(Illuminate/Http/Request), Object(Closure))
#21 C:/Users/Rahmat Eka/Peta-Interaktif/vendor/laravel/framework/src/Illuminate/Pipeline/Pipeline.php(137): Illuminate/Pipeline/Pipeline->Illuminate/Pipeline/{closure}(Object(Illuminate/Http/Request))
#22 C:/Users/Rahmat Eka/Peta-Interaktif/vendor/laravel/framework/src/Illuminate/Routing/Router.php(821): Illuminate/Pipeline/Pipeline->then(Object(Closure))
#23 C:/Users/Rahmat Eka/Peta-Interaktif/vendor/laravel/framework/src/Illuminate/Routing/Router.php(800): Illuminate/Routing/Router->runRouteWithinStack(Object(Illuminate/Routing/Route), Object(Illuminate/Http/Request))
#24 C:/Users/Rahmat Eka/Peta-Interaktif/vendor/laravel/framework/src/Illuminate/Routing/Router.php(764): Illuminate/Routing/Router->runRoute(Object(Illuminate/Http/Request), Object(Illuminate/Routing/Route))
#25 C:/Users/Rahmat Eka/Peta-Interaktif/vendor/laravel/framework/src/Illuminate/Routing/Router.php(753): Illuminate/Routing/Router->dispatchToRoute(Object(Illuminate/Http/Request))
#26 C:/Users/Rahmat Eka/Peta-Interaktif/vendor/laravel/framework/src/Illuminate/Foundation/Http/Kernel.php(200): Illuminate/Routing/Router->dispatch(Object(Illuminate/Http/Request))
#27 C:/Users/Rahmat Eka/Peta-Interaktif/vendor/laravel/framework/src/Illuminate/Pipeline/Pipeline.php(180): Illuminate/Foundation/Http/Kernel->Illuminate/Foundation/Http/{closure}(Object(Illuminate/Http/Request))
#28 C:/Users/Rahmat Eka/Peta-Interaktif/vendor/laravel/framework/src/Illuminate/Foundation/Http/Middleware/TransformsRequest.php(21): Illuminate/Pipeline/Pipeline->Illuminate/Pipeline/{closure}(Object(Illuminate/Http/Request))
#29 C:/Users/Rahmat Eka/Peta-Interaktif/vendor/laravel/framework/src/Illuminate/Foundation/Http/Middleware/ConvertEmptyStringsToNull.php(31): Illuminate/Foundation/Http/Middleware/TransformsRequest->handle(Object(Illuminate/Http/Request), Object(Closure))
#30 C:/Users/Rahmat Eka/Peta-Interaktif/vendor/laravel/framework/src/Illuminate/Pipeline/Pipeline.php(219): Illuminate/Foundation/Http/Middleware/ConvertEmptyStringsToNull->handle(Object(Illuminate/Http/Request), Object(Closure))
#31 C:/Users/Rahmat Eka/Peta-Interaktif/vendor/laravel/framework/src/Illuminate/Foundation/Http/Middleware/TransformsRequest.php(21): Illuminate/Pipeline/Pipeline->Illuminate/Pipeline/{closure}(Object(Illuminate/Http/Request))
#32 C:/Users/Rahmat Eka/Peta-Interaktif/vendor/laravel/framework/src/Illuminate/Foundation/Http/Middleware/TrimStrings.php(51): Illuminate/Foundation/Http/Middleware/TransformsRequest->handle(Object(Illuminate/Http/Request), Object(Closure))
#33 C:/Users/Rahmat Eka/Peta-Interaktif/vendor/laravel/framework/src/Illuminate/Pipeline/Pipeline.php(219): Illuminate/Foundation/Http/Middleware/TrimStrings->handle(Object(Illuminate/Http/Request), Object(Closure))
#34 C:/Users/Rahmat Eka/Peta-Interaktif/vendor/laravel/framework/src/Illuminate/Http/Middleware/ValidatePostSize.php(27): Illuminate/Pipeline/Pipeline->Illuminate/Pipeline/{closure}(Object(Illuminate/Http/Request))
#35 C:/Users/Rahmat Eka/Peta-Interaktif/vendor/laravel/framework/src/Illuminate/Pipeline/Pipeline.php(219): Illuminate/Http/Middleware/ValidatePostSize->handle(Object(Illuminate/Http/Request), Object(Closure))
#36 C:/Users/Rahmat Eka/Peta-Interaktif/vendor/laravel/framework/src/Illuminate/Foundation/Http/Middleware/PreventRequestsDuringMaintenance.php(109): Illuminate/Pipeline/Pipeline->Illuminate/Pipeline/{closure}(Object(Illuminate/Http/Request))
#37 C:/Users/Rahmat Eka/Peta-Interaktif/vendor/laravel/framework/src/Illuminate/Pipeline/Pipeline.php(219): Illuminate/Foundation/Http/Middleware/PreventRequestsDuringMaintenance->handle(Object(Illuminate/Http/Request), Object(Closure))
#38 C:/Users/Rahmat Eka/Peta-Interaktif/vendor/laravel/framework/src/Illuminate/Http/Middleware/HandleCors.php(61): Illuminate/Pipeline/Pipeline->Illuminate/Pipeline/{closure}(Object(Illuminate/Http/Request))
#39 C:/Users/Rahmat Eka/Peta-Interaktif/vendor/laravel/framework/src/Illuminate/Pipeline/Pipeline.php(219): Illuminate/Http/Middleware/HandleCors->handle(Object(Illuminate/Http/Request), Object(Closure))
#40 C:/Users/Rahmat Eka/Peta-Interaktif/vendor/laravel/framework/src/Illuminate/Http/Middleware/TrustProxies.php(58): Illuminate/Pipeline/Pipeline->Illuminate/Pipeline/{closure}(Object(Illuminate/Http/Request))
#41 C:/Users/Rahmat Eka/Peta-Interaktif/vendor/laravel/framework/src/Illuminate/Pipeline/Pipeline.php(219): Illuminate/Http/Middleware/TrustProxies->handle(Object(Illuminate/Http/Request), Object(Closure))
#42 C:/Users/Rahmat Eka/Peta-Interaktif/vendor/laravel/framework/src/Illuminate/Foundation/Http/Middleware/InvokeDeferredCallbacks.php(22): Illuminate/Pipeline/Pipeline->Illuminate/Pipeline/{closure}(Object(Illuminate/Http/Request))
#43 C:/Users/Rahmat Eka/Peta-Interaktif/vendor/laravel/framework/src/Illuminate/Pipeline/Pipeline.php(219): Illuminate/Foundation/Http/Middleware/InvokeDeferredCallbacks->handle(Object(Illuminate/Http/Request), Object(Closure))
#44 C:/Users/Rahmat Eka/Peta-Interaktif/vendor/laravel/framework/src/Illuminate/Http/Middleware/ValidatePathEncoding.php(26): Illuminate/Pipeline/Pipeline->Illuminate/Pipeline/{closure}(Object(Illuminate/Http/Request))
#45 C:/Users/Rahmat Eka/Peta-Interaktif/vendor/laravel/framework/src/Illuminate/Pipeline/Pipeline.php(219): Illuminate/Http/Middleware/ValidatePathEncoding->handle(Object(Illuminate/Http/Request), Object(Closure))
#46 C:/Users/Rahmat Eka/Peta-Interaktif/vendor/laravel/framework/src/Illuminate/Pipeline/Pipeline.php(137): Illuminate/Pipeline/Pipeline->Illuminate/Pipeline/{closure}(Object(Illuminate/Http/Request))
#47 C:/Users/Rahmat Eka/Peta-Interaktif/vendor/laravel/framework/src/Illuminate/Foundation/Http/Kernel.php(175): Illuminate/Pipeline/Pipeline->then(Object(Closure))
#48 C:/Users/Rahmat Eka/Peta-Interaktif/vendor/laravel/framework/src/Illuminate/Foundation/Http/Kernel.php(144): Illuminate/Foundation/Http/Kernel->sendRequestThroughRouter(Object(Illuminate/Http/Request))
#49 C:/Users/Rahmat Eka/Peta-Interaktif/vendor/laravel/framework/src/Illuminate/Foundation/Application.php(1220): Illuminate/Foundation/Http/Kernel->handle(Object(Illuminate/Http/Request))
#50 C:/Users/Rahmat Eka/Peta-Interaktif/public/index.php(18): Illuminate/Foundation/Application->handleRequest(Object(Illuminate/Http/Request))
#51 C:/Users/Rahmat Eka/Peta-Interaktif/vendor/laravel/framework/src/Illuminate/Foundation/resources/server.php(23): require_once('C://Users//Rahmat...')
#52 {main}
"} 
[2026-06-18 20:42:57] local.ERROR: Class "App\Http\Controllers\Auth\Admins" not found {"exception":"[object] (Error(code: 0): Class \"App\\Http\\Controllers\\Auth\\Admins\" not found at C:/Users/Rahmat Eka/Peta-Interaktif/app/Http/Controllers/Auth/AdminAuthController.php:30)
[stacktrace]
#0 C:/Users/Rahmat Eka/Peta-Interaktif/vendor/laravel/framework/src/Illuminate/Routing/Controller.php(54): App/Http/Controllers/Auth/AdminAuthController->login(Object(Illuminate/Http/Request))
#1 C:/Users/Rahmat Eka/Peta-Interaktif/vendor/laravel/framework/src/Illuminate/Routing/ControllerDispatcher.php(43): Illuminate/Routing/Controller->callAction('login', Array)
#2 C:/Users/Rahmat Eka/Peta-Interaktif/vendor/laravel/framework/src/Illuminate/Routing/Route.php(265): Illuminate/Routing/ControllerDispatcher->dispatch(Object(Illuminate/Routing/Route), Object(App/Http/Controllers/Auth/AdminAuthController), 'login')
#3 C:/Users/Rahmat Eka/Peta-Interaktif/vendor/laravel/framework/src/Illuminate/Routing/Route.php(211): Illuminate/Routing/Route->runController()
#4 C:/Users/Rahmat Eka/Peta-Interaktif/vendor/laravel/framework/src/Illuminate/Routing/Router.php(822): Illuminate/Routing/Route->run()
#5 C:/Users/Rahmat Eka/Peta-Interaktif/vendor/laravel/framework/src/Illuminate/Pipeline/Pipeline.php(180): Illuminate/Routing/Router->Illuminate/Routing/{closure}(Object(Illuminate/Http/Request))
#6 C:/Users/Rahmat Eka/Peta-Interaktif/vendor/laravel/framework/src/Illuminate/Auth/Middleware/RedirectIfAuthenticated.php(47): Illuminate/Pipeline/Pipeline->Illuminate/Pipeline/{closure}(Object(Illuminate/Http/Request))
#7 C:/Users/Rahmat Eka/Peta-Interaktif/vendor/laravel/framework/src/Illuminate/Pipeline/Pipeline.php(219): Illuminate/Auth/Middleware/RedirectIfAuthenticated->handle(Object(Illuminate/Http/Request), Object(Closure), 'admin')
#8 C:/Users/Rahmat Eka/Peta-Interaktif/vendor/laravel/framework/src/Illuminate/Routing/Middleware/SubstituteBindings.php(50): Illuminate/Pipeline/Pipeline->Illuminate/Pipeline/{closure}(Object(Illuminate/Http/Request))
#9 C:/Users/Rahmat Eka/Peta-Interaktif/vendor/laravel/framework/src/Illuminate/Pipeline/Pipeline.php(219): Illuminate/Routing/Middleware/SubstituteBindings->handle(Object(Illuminate/Http/Request), Object(Closure))
#10 C:/Users/Rahmat Eka/Peta-Interaktif/vendor/laravel/framework/src/Illuminate/Foundation/Http/Middleware/VerifyCsrfToken.php(87): Illuminate/Pipeline/Pipeline->Illuminate/Pipeline/{closure}(Object(Illuminate/Http/Request))
#11 C:/Users/Rahmat Eka/Peta-Interaktif/vendor/laravel/framework/src/Illuminate/Pipeline/Pipeline.php(219): Illuminate/Foundation/Http/Middleware/VerifyCsrfToken->handle(Object(Illuminate/Http/Request), Object(Closure))
#12 C:/Users/Rahmat Eka/Peta-Interaktif/vendor/laravel/framework/src/Illuminate/View/Middleware/ShareErrorsFromSession.php(48): Illuminate/Pipeline/Pipeline->Illuminate/Pipeline/{closure}(Object(Illuminate/Http/Request))
#13 C:/Users/Rahmat Eka/Peta-Interaktif/vendor/laravel/framework/src/Illuminate/Pipeline/Pipeline.php(219): Illuminate/View/Middleware/ShareErrorsFromSession->handle(Object(Illuminate/Http/Request), Object(Closure))
#14 C:/Users/Rahmat Eka/Peta-Interaktif/vendor/laravel/framework/src/Illuminate/Session/Middleware/StartSession.php(120): Illuminate/Pipeline/Pipeline->Illuminate/Pipeline/{closure}(Object(Illuminate/Http/Request))
#15 C:/Users/Rahmat Eka/Peta-Interaktif/vendor/laravel/framework/src/Illuminate/Session/Middleware/StartSession.php(63): Illuminate/Session/Middleware/StartSession->handleStatefulRequest(Object(Illuminate/Http/Request), Object(Illuminate/Session/Store), Object(Closure))
#16 C:/Users/Rahmat Eka/Peta-Interaktif/vendor/laravel/framework/src/Illuminate/Pipeline/Pipeline.php(219): Illuminate/Session/Middleware/StartSession->handle(Object(Illuminate/Http/Request), Object(Closure))
#17 C:/Users/Rahmat Eka/Peta-Interaktif/vendor/laravel/framework/src/Illuminate/Cookie/Middleware/AddQueuedCookiesToResponse.php(36): Illuminate/Pipeline/Pipeline->Illuminate/Pipeline/{closure}(Object(Illuminate/Http/Request))
#18 C:/Users/Rahmat Eka/Peta-Interaktif/vendor/laravel/framework/src/Illuminate/Pipeline/Pipeline.php(219): Illuminate/Cookie/Middleware/AddQueuedCookiesToResponse->handle(Object(Illuminate/Http/Request), Object(Closure))
#19 C:/Users/Rahmat Eka/Peta-Interaktif/vendor/laravel/framework/src/Illuminate/Cookie/Middleware/EncryptCookies.php(74): Illuminate/Pipeline/Pipeline->Illuminate/Pipeline/{closure}(Object(Illuminate/Http/Request))
#20 C:/Users/Rahmat Eka/Peta-Interaktif/vendor/laravel/framework/src/Illuminate/Pipeline/Pipeline.php(219): Illuminate/Cookie/Middleware/EncryptCookies->handle(Object(Illuminate/Http/Request), Object(Closure))
#21 C:/Users/Rahmat Eka/Peta-Interaktif/vendor/laravel/framework/src/Illuminate/Pipeline/Pipeline.php(137): Illuminate/Pipeline/Pipeline->Illuminate/Pipeline/{closure}(Object(Illuminate/Http/Request))
#22 C:/Users/Rahmat Eka/Peta-Interaktif/vendor/laravel/framework/src/Illuminate/Routing/Router.php(821): Illuminate/Pipeline/Pipeline->then(Object(Closure))
#23 C:/Users/Rahmat Eka/Peta-Interaktif/vendor/laravel/framework/src/Illuminate/Routing/Router.php(800): Illuminate/Routing/Router->runRouteWithinStack(Object(Illuminate/Routing/Route), Object(Illuminate/Http/Request))
#24 C:/Users/Rahmat Eka/Peta-Interaktif/vendor/laravel/framework/src/Illuminate/Routing/Router.php(764): Illuminate/Routing/Router->runRoute(Object(Illuminate/Http/Request), Object(Illuminate/Routing/Route))
#25 C:/Users/Rahmat Eka/Peta-Interaktif/vendor/laravel/framework/src/Illuminate/Routing/Router.php(753): Illuminate/Routing/Router->dispatchToRoute(Object(Illuminate/Http/Request))
#26 C:/Users/Rahmat Eka/Peta-Interaktif/vendor/laravel/framework/src/Illuminate/Foundation/Http/Kernel.php(200): Illuminate/Routing/Router->dispatch(Object(Illuminate/Http/Request))
#27 C:/Users/Rahmat Eka/Peta-Interaktif/vendor/laravel/framework/src/Illuminate/Pipeline/Pipeline.php(180): Illuminate/Foundation/Http/Kernel->Illuminate/Foundation/Http/{closure}(Object(Illuminate/Http/Request))
#28 C:/Users/Rahmat Eka/Peta-Interaktif/vendor/laravel/framework/src/Illuminate/Foundation/Http/Middleware/TransformsRequest.php(21): Illuminate/Pipeline/Pipeline->Illuminate/Pipeline/{closure}(Object(Illuminate/Http/Request))
#29 C:/Users/Rahmat Eka/Peta-Interaktif/vendor/laravel/framework/src/Illuminate/Foundation/Http/Middleware/ConvertEmptyStringsToNull.php(31): Illuminate/Foundation/Http/Middleware/TransformsRequest->handle(Object(Illuminate/Http/Request), Object(Closure))
#30 C:/Users/Rahmat Eka/Peta-Interaktif/vendor/laravel/framework/src/Illuminate/Pipeline/Pipeline.php(219): Illuminate/Foundation/Http/Middleware/ConvertEmptyStringsToNull->handle(Object(Illuminate/Http/Request), Object(Closure))
#31 C:/Users/Rahmat Eka/Peta-Interaktif/vendor/laravel/framework/src/Illuminate/Foundation/Http/Middleware/TransformsRequest.php(21): Illuminate/Pipeline/Pipeline->Illuminate/Pipeline/{closure}(Object(Illuminate/Http/Request))
#32 C:/Users/Rahmat Eka/Peta-Interaktif/vendor/laravel/framework/src/Illuminate/Foundation/Http/Middleware/TrimStrings.php(51): Illuminate/Foundation/Http/Middleware/TransformsRequest->handle(Object(Illuminate/Http/Request), Object(Closure))
#33 C:/Users/Rahmat Eka/Peta-Interaktif/vendor/laravel/framework/src/Illuminate/Pipeline/Pipeline.php(219): Illuminate/Foundation/Http/Middleware/TrimStrings->handle(Object(Illuminate/Http/Request), Object(Closure))
#34 C:/Users/Rahmat Eka/Peta-Interaktif/vendor/laravel/framework/src/Illuminate/Http/Middleware/ValidatePostSize.php(27): Illuminate/Pipeline/Pipeline->Illuminate/Pipeline/{closure}(Object(Illuminate/Http/Request))
#35 C:/Users/Rahmat Eka/Peta-Interaktif/vendor/laravel/framework/src/Illuminate/Pipeline/Pipeline.php(219): Illuminate/Http/Middleware/ValidatePostSize->handle(Object(Illuminate/Http/Request), Object(Closure))
#36 C:/Users/Rahmat Eka/Peta-Interaktif/vendor/laravel/framework/src/Illuminate/Foundation/Http/Middleware/PreventRequestsDuringMaintenance.php(109): Illuminate/Pipeline/Pipeline->Illuminate/Pipeline/{closure}(Object(Illuminate/Http/Request))
#37 C:/Users/Rahmat Eka/Peta-Interaktif/vendor/laravel/framework/src/Illuminate/Pipeline/Pipeline.php(219): Illuminate/Foundation/Http/Middleware/PreventRequestsDuringMaintenance->handle(Object(Illuminate/Http/Request), Object(Closure))
#38 C:/Users/Rahmat Eka/Peta-Interaktif/vendor/laravel/framework/src/Illuminate/Http/Middleware/HandleCors.php(61): Illuminate/Pipeline/Pipeline->Illuminate/Pipeline/{closure}(Object(Illuminate/Http/Request))
#39 C:/Users/Rahmat Eka/Peta-Interaktif/vendor/laravel/framework/src/Illuminate/Pipeline/Pipeline.php(219): Illuminate/Http/Middleware/HandleCors->handle(Object(Illuminate/Http/Request), Object(Closure))
#40 C:/Users/Rahmat Eka/Peta-Interaktif/vendor/laravel/framework/src/Illuminate/Http/Middleware/TrustProxies.php(58): Illuminate/Pipeline/Pipeline->Illuminate/Pipeline/{closure}(Object(Illuminate/Http/Request))
#41 C:/Users/Rahmat Eka/Peta-Interaktif/vendor/laravel/framework/src/Illuminate/Pipeline/Pipeline.php(219): Illuminate/Http/Middleware/TrustProxies->handle(Object(Illuminate/Http/Request), Object(Closure))
#42 C:/Users/Rahmat Eka/Peta-Interaktif/vendor/laravel/framework/src/Illuminate/Foundation/Http/Middleware/InvokeDeferredCallbacks.php(22): Illuminate/Pipeline/Pipeline->Illuminate/Pipeline/{closure}(Object(Illuminate/Http/Request))
#43 C:/Users/Rahmat Eka/Peta-Interaktif/vendor/laravel/framework/src/Illuminate/Pipeline/Pipeline.php(219): Illuminate/Foundation/Http/Middleware/InvokeDeferredCallbacks->handle(Object(Illuminate/Http/Request), Object(Closure))
#44 C:/Users/Rahmat Eka/Peta-Interaktif/vendor/laravel/framework/src/Illuminate/Http/Middleware/ValidatePathEncoding.php(26): Illuminate/Pipeline/Pipeline->Illuminate/Pipeline/{closure}(Object(Illuminate/Http/Request))
#45 C:/Users/Rahmat Eka/Peta-Interaktif/vendor/laravel/framework/src/Illuminate/Pipeline/Pipeline.php(219): Illuminate/Http/Middleware/ValidatePathEncoding->handle(Object(Illuminate/Http/Request), Object(Closure))
#46 C:/Users/Rahmat Eka/Peta-Interaktif/vendor/laravel/framework/src/Illuminate/Pipeline/Pipeline.php(137): Illuminate/Pipeline/Pipeline->Illuminate/Pipeline/{closure}(Object(Illuminate/Http/Request))
#47 C:/Users/Rahmat Eka/Peta-Interaktif/vendor/laravel/framework/src/Illuminate/Foundation/Http/Kernel.php(175): Illuminate/Pipeline/Pipeline->then(Object(Closure))
#48 C:/Users/Rahmat Eka/Peta-Interaktif/vendor/laravel/framework/src/Illuminate/Foundation/Http/Kernel.php(144): Illuminate/Foundation/Http/Kernel->sendRequestThroughRouter(Object(Illuminate/Http/Request))
#49 C:/Users/Rahmat Eka/Peta-Interaktif/vendor/laravel/framework/src/Illuminate/Foundation/Application.php(1220): Illuminate/Foundation/Http/Kernel->handle(Object(Illuminate/Http/Request))
#50 C:/Users/Rahmat Eka/Peta-Interaktif/public/index.php(18): Illuminate/Foundation/Application->handleRequest(Object(Illuminate/Http/Request))
#51 C:/Users/Rahmat Eka/Peta-Interaktif/vendor/laravel/framework/src/Illuminate/Foundation/resources/server.php(23): require_once('C://Users//Rahmat...')
#52 {main}
"} 
[2026-06-18 20:50:45] local.ERROR: Class "App\Http\Controllers\Auth\Admin" not found {"exception":"[object] (Error(code: 0): Class \"App\\Http\\Controllers\\Auth\\Admin\" not found at C:/Users/Rahmat Eka/Peta-Interaktif/app/Http/Controllers/Auth/AdminAuthController.php:30)
[stacktrace]
#0 C:/Users/Rahmat Eka/Peta-Interaktif/vendor/laravel/framework/src/Illuminate/Routing/Controller.php(54): App/Http/Controllers/Auth/AdminAuthController->login(Object(Illuminate/Http/Request))
#1 C:/Users/Rahmat Eka/Peta-Interaktif/vendor/laravel/framework/src/Illuminate/Routing/ControllerDispatcher.php(43): Illuminate/Routing/Controller->callAction('login', Array)
#2 C:/Users/Rahmat Eka/Peta-Interaktif/vendor/laravel/framework/src/Illuminate/Routing/Route.php(265): Illuminate/Routing/ControllerDispatcher->dispatch(Object(Illuminate/Routing/Route), Object(App/Http/Controllers/Auth/AdminAuthController), 'login')
#3 C:/Users/Rahmat Eka/Peta-Interaktif/vendor/laravel/framework/src/Illuminate/Routing/Route.php(211): Illuminate/Routing/Route->runController()
#4 C:/Users/Rahmat Eka/Peta-Interaktif/vendor/laravel/framework/src/Illuminate/Routing/Router.php(822): Illuminate/Routing/Route->run()
#5 C:/Users/Rahmat Eka/Peta-Interaktif/vendor/laravel/framework/src/Illuminate/Pipeline/Pipeline.php(180): Illuminate/Routing/Router->Illuminate/Routing/{closure}(Object(Illuminate/Http/Request))
#6 C:/Users/Rahmat Eka/Peta-Interaktif/vendor/laravel/framework/src/Illuminate/Auth/Middleware/RedirectIfAuthenticated.php(47): Illuminate/Pipeline/Pipeline->Illuminate/Pipeline/{closure}(Object(Illuminate/Http/Request))
#7 C:/Users/Rahmat Eka/Peta-Interaktif/vendor/laravel/framework/src/Illuminate/Pipeline/Pipeline.php(219): Illuminate/Auth/Middleware/RedirectIfAuthenticated->handle(Object(Illuminate/Http/Request), Object(Closure), 'admin')
#8 C:/Users/Rahmat Eka/Peta-Interaktif/vendor/laravel/framework/src/Illuminate/Routing/Middleware/SubstituteBindings.php(50): Illuminate/Pipeline/Pipeline->Illuminate/Pipeline/{closure}(Object(Illuminate/Http/Request))
#9 C:/Users/Rahmat Eka/Peta-Interaktif/vendor/laravel/framework/src/Illuminate/Pipeline/Pipeline.php(219): Illuminate/Routing/Middleware/SubstituteBindings->handle(Object(Illuminate/Http/Request), Object(Closure))
#10 C:/Users/Rahmat Eka/Peta-Interaktif/vendor/laravel/framework/src/Illuminate/Foundation/Http/Middleware/VerifyCsrfToken.php(87): Illuminate/Pipeline/Pipeline->Illuminate/Pipeline/{closure}(Object(Illuminate/Http/Request))
#11 C:/Users/Rahmat Eka/Peta-Interaktif/vendor/laravel/framework/src/Illuminate/Pipeline/Pipeline.php(219): Illuminate/Foundation/Http/Middleware/VerifyCsrfToken->handle(Object(Illuminate/Http/Request), Object(Closure))
#12 C:/Users/Rahmat Eka/Peta-Interaktif/vendor/laravel/framework/src/Illuminate/View/Middleware/ShareErrorsFromSession.php(48): Illuminate/Pipeline/Pipeline->Illuminate/Pipeline/{closure}(Object(Illuminate/Http/Request))
#13 C:/Users/Rahmat Eka/Peta-Interaktif/vendor/laravel/framework/src/Illuminate/Pipeline/Pipeline.php(219): Illuminate/View/Middleware/ShareErrorsFromSession->handle(Object(Illuminate/Http/Request), Object(Closure))
#14 C:/Users/Rahmat Eka/Peta-Interaktif/vendor/laravel/framework/src/Illuminate/Session/Middleware/StartSession.php(120): Illuminate/Pipeline/Pipeline->Illuminate/Pipeline/{closure}(Object(Illuminate/Http/Request))
#15 C:/Users/Rahmat Eka/Peta-Interaktif/vendor/laravel/framework/src/Illuminate/Session/Middleware/StartSession.php(63): Illuminate/Session/Middleware/StartSession->handleStatefulRequest(Object(Illuminate/Http/Request), Object(Illuminate/Session/Store), Object(Closure))
#16 C:/Users/Rahmat Eka/Peta-Interaktif/vendor/laravel/framework/src/Illuminate/Pipeline/Pipeline.php(219): Illuminate/Session/Middleware/StartSession->handle(Object(Illuminate/Http/Request), Object(Closure))
#17 C:/Users/Rahmat Eka/Peta-Interaktif/vendor/laravel/framework/src/Illuminate/Cookie/Middleware/AddQueuedCookiesToResponse.php(36): Illuminate/Pipeline/Pipeline->Illuminate/Pipeline/{closure}(Object(Illuminate/Http/Request))
#18 C:/Users/Rahmat Eka/Peta-Interaktif/vendor/laravel/framework/src/Illuminate/Pipeline/Pipeline.php(219): Illuminate/Cookie/Middleware/AddQueuedCookiesToResponse->handle(Object(Illuminate/Http/Request), Object(Closure))
#19 C:/Users/Rahmat Eka/Peta-Interaktif/vendor/laravel/framework/src/Illuminate/Cookie/Middleware/EncryptCookies.php(74): Illuminate/Pipeline/Pipeline->Illuminate/Pipeline/{closure}(Object(Illuminate/Http/Request))
#20 C:/Users/Rahmat Eka/Peta-Interaktif/vendor/laravel/framework/src/Illuminate/Pipeline/Pipeline.php(219): Illuminate/Cookie/Middleware/EncryptCookies->handle(Object(Illuminate/Http/Request), Object(Closure))
#21 C:/Users/Rahmat Eka/Peta-Interaktif/vendor/laravel/framework/src/Illuminate/Pipeline/Pipeline.php(137): Illuminate/Pipeline/Pipeline->Illuminate/Pipeline/{closure}(Object(Illuminate/Http/Request))
#22 C:/Users/Rahmat Eka/Peta-Interaktif/vendor/laravel/framework/src/Illuminate/Routing/Router.php(821): Illuminate/Pipeline/Pipeline->then(Object(Closure))
#23 C:/Users/Rahmat Eka/Peta-Interaktif/vendor/laravel/framework/src/Illuminate/Routing/Router.php(800): Illuminate/Routing/Router->runRouteWithinStack(Object(Illuminate/Routing/Route), Object(Illuminate/Http/Request))
#24 C:/Users/Rahmat Eka/Peta-Interaktif/vendor/laravel/framework/src/Illuminate/Routing/Router.php(764): Illuminate/Routing/Router->runRoute(Object(Illuminate/Http/Request), Object(Illuminate/Routing/Route))
#25 C:/Users/Rahmat Eka/Peta-Interaktif/vendor/laravel/framework/src/Illuminate/Routing/Router.php(753): Illuminate/Routing/Router->dispatchToRoute(Object(Illuminate/Http/Request))
#26 C:/Users/Rahmat Eka/Peta-Interaktif/vendor/laravel/framework/src/Illuminate/Foundation/Http/Kernel.php(200): Illuminate/Routing/Router->dispatch(Object(Illuminate/Http/Request))
#27 C:/Users/Rahmat Eka/Peta-Interaktif/vendor/laravel/framework/src/Illuminate/Pipeline/Pipeline.php(180): Illuminate/Foundation/Http/Kernel->Illuminate/Foundation/Http/{closure}(Object(Illuminate/Http/Request))
#28 C:/Users/Rahmat Eka/Peta-Interaktif/vendor/laravel/framework/src/Illuminate/Foundation/Http/Middleware/TransformsRequest.php(21): Illuminate/Pipeline/Pipeline->Illuminate/Pipeline/{closure}(Object(Illuminate/Http/Request))
#29 C:/Users/Rahmat Eka/Peta-Interaktif/vendor/laravel/framework/src/Illuminate/Foundation/Http/Middleware/ConvertEmptyStringsToNull.php(31): Illuminate/Foundation/Http/Middleware/TransformsRequest->handle(Object(Illuminate/Http/Request), Object(Closure))
#30 C:/Users/Rahmat Eka/Peta-Interaktif/vendor/laravel/framework/src/Illuminate/Pipeline/Pipeline.php(219): Illuminate/Foundation/Http/Middleware/ConvertEmptyStringsToNull->handle(Object(Illuminate/Http/Request), Object(Closure))
#31 C:/Users/Rahmat Eka/Peta-Interaktif/vendor/laravel/framework/src/Illuminate/Foundation/Http/Middleware/TransformsRequest.php(21): Illuminate/Pipeline/Pipeline->Illuminate/Pipeline/{closure}(Object(Illuminate/Http/Request))
#32 C:/Users/Rahmat Eka/Peta-Interaktif/vendor/laravel/framework/src/Illuminate/Foundation/Http/Middleware/TrimStrings.php(51): Illuminate/Foundation/Http/Middleware/TransformsRequest->handle(Object(Illuminate/Http/Request), Object(Closure))
#33 C:/Users/Rahmat Eka/Peta-Interaktif/vendor/laravel/framework/src/Illuminate/Pipeline/Pipeline.php(219): Illuminate/Foundation/Http/Middleware/TrimStrings->handle(Object(Illuminate/Http/Request), Object(Closure))
#34 C:/Users/Rahmat Eka/Peta-Interaktif/vendor/laravel/framework/src/Illuminate/Http/Middleware/ValidatePostSize.php(27): Illuminate/Pipeline/Pipeline->Illuminate/Pipeline/{closure}(Object(Illuminate/Http/Request))
#35 C:/Users/Rahmat Eka/Peta-Interaktif/vendor/laravel/framework/src/Illuminate/Pipeline/Pipeline.php(219): Illuminate/Http/Middleware/ValidatePostSize->handle(Object(Illuminate/Http/Request), Object(Closure))
#36 C:/Users/Rahmat Eka/Peta-Interaktif/vendor/laravel/framework/src/Illuminate/Foundation/Http/Middleware/PreventRequestsDuringMaintenance.php(109): Illuminate/Pipeline/Pipeline->Illuminate/Pipeline/{closure}(Object(Illuminate/Http/Request))
#37 C:/Users/Rahmat Eka/Peta-Interaktif/vendor/laravel/framework/src/Illuminate/Pipeline/Pipeline.php(219): Illuminate/Foundation/Http/Middleware/PreventRequestsDuringMaintenance->handle(Object(Illuminate/Http/Request), Object(Closure))
#38 C:/Users/Rahmat Eka/Peta-Interaktif/vendor/laravel/framework/src/Illuminate/Http/Middleware/HandleCors.php(61): Illuminate/Pipeline/Pipeline->Illuminate/Pipeline/{closure}(Object(Illuminate/Http/Request))
#39 C:/Users/Rahmat Eka/Peta-Interaktif/vendor/laravel/framework/src/Illuminate/Pipeline/Pipeline.php(219): Illuminate/Http/Middleware/HandleCors->handle(Object(Illuminate/Http/Request), Object(Closure))
#40 C:/Users/Rahmat Eka/Peta-Interaktif/vendor/laravel/framework/src/Illuminate/Http/Middleware/TrustProxies.php(58): Illuminate/Pipeline/Pipeline->Illuminate/Pipeline/{closure}(Object(Illuminate/Http/Request))
#41 C:/Users/Rahmat Eka/Peta-Interaktif/vendor/laravel/framework/src/Illuminate/Pipeline/Pipeline.php(219): Illuminate/Http/Middleware/TrustProxies->handle(Object(Illuminate/Http/Request), Object(Closure))
#42 C:/Users/Rahmat Eka/Peta-Interaktif/vendor/laravel/framework/src/Illuminate/Foundation/Http/Middleware/InvokeDeferredCallbacks.php(22): Illuminate/Pipeline/Pipeline->Illuminate/Pipeline/{closure}(Object(Illuminate/Http/Request))
#43 C:/Users/Rahmat Eka/Peta-Interaktif/vendor/laravel/framework/src/Illuminate/Pipeline/Pipeline.php(219): Illuminate/Foundation/Http/Middleware/InvokeDeferredCallbacks->handle(Object(Illuminate/Http/Request), Object(Closure))
#44 C:/Users/Rahmat Eka/Peta-Interaktif/vendor/laravel/framework/src/Illuminate/Http/Middleware/ValidatePathEncoding.php(26): Illuminate/Pipeline/Pipeline->Illuminate/Pipeline/{closure}(Object(Illuminate/Http/Request))
#45 C:/Users/Rahmat Eka/Peta-Interaktif/vendor/laravel/framework/src/Illuminate/Pipeline/Pipeline.php(219): Illuminate/Http/Middleware/ValidatePathEncoding->handle(Object(Illuminate/Http/Request), Object(Closure))
#46 C:/Users/Rahmat Eka/Peta-Interaktif/vendor/laravel/framework/src/Illuminate/Pipeline/Pipeline.php(137): Illuminate/Pipeline/Pipeline->Illuminate/Pipeline/{closure}(Object(Illuminate/Http/Request))
#47 C:/Users/Rahmat Eka/Peta-Interaktif/vendor/laravel/framework/src/Illuminate/Foundation/Http/Kernel.php(175): Illuminate/Pipeline/Pipeline->then(Object(Closure))
#48 C:/Users/Rahmat Eka/Peta-Interaktif/vendor/laravel/framework/src/Illuminate/Foundation/Http/Kernel.php(144): Illuminate/Foundation/Http/Kernel->sendRequestThroughRouter(Object(Illuminate/Http/Request))
#49 C:/Users/Rahmat Eka/Peta-Interaktif/vendor/laravel/framework/src/Illuminate/Foundation/Application.php(1220): Illuminate/Foundation/Http/Kernel->handle(Object(Illuminate/Http/Request))
#50 C:/Users/Rahmat Eka/Peta-Interaktif/public/index.php(18): Illuminate/Foundation/Application->handleRequest(Object(Illuminate/Http/Request))
#51 C:/Users/Rahmat Eka/Peta-Interaktif/vendor/laravel/framework/src/Illuminate/Foundation/resources/server.php(23): require_once('C://Users//Rahmat...')
#52 {main}
"} 
[2026-06-22 12:53:25] laravel.EMERGENCY: Unable to create configured logger. Using emergency logger. {"exception":"[object] (InvalidArgumentException(code: 0): NullHandler must be an instance of Monolog\\Handler\\HandlerInterface at C:/Users/Rahmat Eka/Peta-Interaktif/vendor/laravel/framework/src/Illuminate/Log/LogManager.php:398)
[stacktrace]
#0 C:/Users/Rahmat Eka/Peta-Interaktif/vendor/laravel/framework/src/Illuminate/Log/LogManager.php(232): Illuminate/Log/LogManager->createMonologDriver(Array)
#1 C:/Users/Rahmat Eka/Peta-Interaktif/vendor/laravel/framework/src/Illuminate/Log/LogManager.php(138): Illuminate/Log/LogManager->resolve('deprecations', Array)
#2 C:/Users/Rahmat Eka/Peta-Interaktif/vendor/laravel/framework/src/Illuminate/Log/LogManager.php(125): Illuminate/Log/LogManager->get('deprecations')
#3 C:/Users/Rahmat Eka/Peta-Interaktif/vendor/laravel/framework/src/Illuminate/Log/LogManager.php(114): Illuminate/Log/LogManager->driver('deprecations')
#4 C:/Users/Rahmat Eka/Peta-Interaktif/vendor/laravel/framework/src/Illuminate/Foundation/Bootstrap/HandleExceptions.php(109): Illuminate/Log/LogManager->channel('deprecations')
#5 C:/Users/Rahmat Eka/Peta-Interaktif/vendor/laravel/framework/src/Illuminate/Foundation/Bootstrap/HandleExceptions.php(74): Illuminate/Foundation/Bootstrap/HandleExceptions->handleDeprecationError('Since symfony/h...', 'C://Users//Rahmat...', 25, 16384)
#6 C:/Users/Rahmat Eka/Peta-Interaktif/vendor/laravel/framework/src/Illuminate/Foundation/Bootstrap/HandleExceptions.php(262): Illuminate/Foundation/Bootstrap/HandleExceptions->handleError(16384, 'Since symfony/h...', 'C://Users//Rahmat...', 25)
#7 [internal function]: Illuminate/Foundation/Bootstrap/HandleExceptions->Illuminate/Foundation/Bootstrap/{closure}(16384, 'Since symfony/h...', 'C://Users//Rahmat...', 25)
#8 C:/Users/Rahmat Eka/Peta-Interaktif/vendor/symfony/deprecation-contracts/function.php(25): trigger_error('Since symfony/h...', 16384)
#9 C:/Users/Rahmat Eka/Peta-Interaktif/vendor/symfony/http-foundation/Request.php(754): trigger_deprecation('symfony/http-fo...', '7.4', 'Request::get() ...')
#10 C:/Users/Rahmat Eka/Peta-Interaktif/vendor/laravel/framework/src/Illuminate/Http/Request.php(441): Symfony/Component/HttpFoundation/Request->get('tab', 'masyarakat')
#11 C:/Users/Rahmat Eka/Peta-Interaktif/app/Http/Controllers/Admin/ManageUsersController.php(15): Illuminate/Http/Request->get('tab', 'masyarakat')
#12 C:/Users/Rahmat Eka/Peta-Interaktif/vendor/laravel/framework/src/Illuminate/Routing/Controller.php(54): App/Http/Controllers/Admin/ManageUsersController->index(Object(Illuminate/Http/Request))
#13 C:/Users/Rahmat Eka/Peta-Interaktif/vendor/laravel/framework/src/Illuminate/Routing/ControllerDispatcher.php(43): Illuminate/Routing/Controller->callAction('index', Array)
#14 C:/Users/Rahmat Eka/Peta-Interaktif/vendor/laravel/framework/src/Illuminate/Routing/Route.php(265): Illuminate/Routing/ControllerDispatcher->dispatch(Object(Illuminate/Routing/Route), Object(App/Http/Controllers/Admin/ManageUsersController), 'index')
#15 C:/Users/Rahmat Eka/Peta-Interaktif/vendor/laravel/framework/src/Illuminate/Routing/Route.php(211): Illuminate/Routing/Route->runController()
#16 C:/Users/Rahmat Eka/Peta-Interaktif/vendor/laravel/framework/src/Illuminate/Routing/Router.php(822): Illuminate/Routing/Route->run()
#17 C:/Users/Rahmat Eka/Peta-Interaktif/vendor/laravel/framework/src/Illuminate/Pipeline/Pipeline.php(180): Illuminate/Routing/Router->Illuminate/Routing/{closure}(Object(Illuminate/Http/Request))
#18 C:/Users/Rahmat Eka/Peta-Interaktif/vendor/laravel/framework/src/Illuminate/Routing/Middleware/SubstituteBindings.php(50): Illuminate/Pipeline/Pipeline->Illuminate/Pipeline/{closure}(Object(Illuminate/Http/Request))
#19 C:/Users/Rahmat Eka/Peta-Interaktif/vendor/laravel/framework/src/Illuminate/Pipeline/Pipeline.php(219): Illuminate/Routing/Middleware/SubstituteBindings->handle(Object(Illuminate/Http/Request), Object(Closure))
#20 C:/Users/Rahmat Eka/Peta-Interaktif/vendor/laravel/framework/src/Illuminate/Auth/Middleware/Authenticate.php(63): Illuminate/Pipeline/Pipeline->Illuminate/Pipeline/{closure}(Object(Illuminate/Http/Request))
#21 C:/Users/Rahmat Eka/Peta-Interaktif/vendor/laravel/framework/src/Illuminate/Pipeline/Pipeline.php(219): Illuminate/Auth/Middleware/Authenticate->handle(Object(Illuminate/Http/Request), Object(Closure), 'admin')
#22 C:/Users/Rahmat Eka/Peta-Interaktif/vendor/laravel/framework/src/Illuminate/Foundation/Http/Middleware/VerifyCsrfToken.php(87): Illuminate/Pipeline/Pipeline->Illuminate/Pipeline/{closure}(Object(Illuminate/Http/Request))
#23 C:/Users/Rahmat Eka/Peta-Interaktif/vendor/laravel/framework/src/Illuminate/Pipeline/Pipeline.php(219): Illuminate/Foundation/Http/Middleware/VerifyCsrfToken->handle(Object(Illuminate/Http/Request), Object(Closure))
#24 C:/Users/Rahmat Eka/Peta-Interaktif/vendor/laravel/framework/src/Illuminate/View/Middleware/ShareErrorsFromSession.php(48): Illuminate/Pipeline/Pipeline->Illuminate/Pipeline/{closure}(Object(Illuminate/Http/Request))
#25 C:/Users/Rahmat Eka/Peta-Interaktif/vendor/laravel/framework/src/Illuminate/Pipeline/Pipeline.php(219): Illuminate/View/Middleware/ShareErrorsFromSession->handle(Object(Illuminate/Http/Request), Object(Closure))
#26 C:/Users/Rahmat Eka/Peta-Interaktif/vendor/laravel/framework/src/Illuminate/Session/Middleware/StartSession.php(120): Illuminate/Pipeline/Pipeline->Illuminate/Pipeline/{closure}(Object(Illuminate/Http/Request))
#27 C:/Users/Rahmat Eka/Peta-Interaktif/vendor/laravel/framework/src/Illuminate/Session/Middleware/StartSession.php(63): Illuminate/Session/Middleware/StartSession->handleStatefulRequest(Object(Illuminate/Http/Request), Object(Illuminate/Session/Store), Object(Closure))
#28 C:/Users/Rahmat Eka/Peta-Interaktif/vendor/laravel/framework/src/Illuminate/Pipeline/Pipeline.php(219): Illuminate/Session/Middleware/StartSession->handle(Object(Illuminate/Http/Request), Object(Closure))
#29 C:/Users/Rahmat Eka/Peta-Interaktif/vendor/laravel/framework/src/Illuminate/Cookie/Middleware/AddQueuedCookiesToResponse.php(36): Illuminate/Pipeline/Pipeline->Illuminate/Pipeline/{closure}(Object(Illuminate/Http/Request))
#30 C:/Users/Rahmat Eka/Peta-Interaktif/vendor/laravel/framework/src/Illuminate/Pipeline/Pipeline.php(219): Illuminate/Cookie/Middleware/AddQueuedCookiesToResponse->handle(Object(Illuminate/Http/Request), Object(Closure))
#31 C:/Users/Rahmat Eka/Peta-Interaktif/vendor/laravel/framework/src/Illuminate/Cookie/Middleware/EncryptCookies.php(74): Illuminate/Pipeline/Pipeline->Illuminate/Pipeline/{closure}(Object(Illuminate/Http/Request))
#32 C:/Users/Rahmat Eka/Peta-Interaktif/vendor/laravel/framework/src/Illuminate/Pipeline/Pipeline.php(219): Illuminate/Cookie/Middleware/EncryptCookies->handle(Object(Illuminate/Http/Request), Object(Closure))
#33 C:/Users/Rahmat Eka/Peta-Interaktif/vendor/laravel/framework/src/Illuminate/Pipeline/Pipeline.php(137): Illuminate/Pipeline/Pipeline->Illuminate/Pipeline/{closure}(Object(Illuminate/Http/Request))
#34 C:/Users/Rahmat Eka/Peta-Interaktif/vendor/laravel/framework/src/Illuminate/Routing/Router.php(821): Illuminate/Pipeline/Pipeline->then(Object(Closure))
#35 C:/Users/Rahmat Eka/Peta-Interaktif/vendor/laravel/framework/src/Illuminate/Routing/Router.php(800): Illuminate/Routing/Router->runRouteWithinStack(Object(Illuminate/Routing/Route), Object(Illuminate/Http/Request))
#36 C:/Users/Rahmat Eka/Peta-Interaktif/vendor/laravel/framework/src/Illuminate/Routing/Router.php(764): Illuminate/Routing/Router->runRoute(Object(Illuminate/Http/Request), Object(Illuminate/Routing/Route))
#37 C:/Users/Rahmat Eka/Peta-Interaktif/vendor/laravel/framework/src/Illuminate/Routing/Router.php(753): Illuminate/Routing/Router->dispatchToRoute(Object(Illuminate/Http/Request))
#38 C:/Users/Rahmat Eka/Peta-Interaktif/vendor/laravel/framework/src/Illuminate/Foundation/Http/Kernel.php(200): Illuminate/Routing/Router->dispatch(Object(Illuminate/Http/Request))
#39 C:/Users/Rahmat Eka/Peta-Interaktif/vendor/laravel/framework/src/Illuminate/Pipeline/Pipeline.php(180): Illuminate/Foundation/Http/Kernel->Illuminate/Foundation/Http/{closure}(Object(Illuminate/Http/Request))
#40 C:/Users/Rahmat Eka/Peta-Interaktif/vendor/laravel/framework/src/Illuminate/Foundation/Http/Middleware/TransformsRequest.php(21): Illuminate/Pipeline/Pipeline->Illuminate/Pipeline/{closure}(Object(Illuminate/Http/Request))
#41 C:/Users/Rahmat Eka/Peta-Interaktif/vendor/laravel/framework/src/Illuminate/Foundation/Http/Middleware/ConvertEmptyStringsToNull.php(31): Illuminate/Foundation/Http/Middleware/TransformsRequest->handle(Object(Illuminate/Http/Request), Object(Closure))
#42 C:/Users/Rahmat Eka/Peta-Interaktif/vendor/laravel/framework/src/Illuminate/Pipeline/Pipeline.php(219): Illuminate/Foundation/Http/Middleware/ConvertEmptyStringsToNull->handle(Object(Illuminate/Http/Request), Object(Closure))
#43 C:/Users/Rahmat Eka/Peta-Interaktif/vendor/laravel/framework/src/Illuminate/Foundation/Http/Middleware/TransformsRequest.php(21): Illuminate/Pipeline/Pipeline->Illuminate/Pipeline/{closure}(Object(Illuminate/Http/Request))
#44 C:/Users/Rahmat Eka/Peta-Interaktif/vendor/laravel/framework/src/Illuminate/Foundation/Http/Middleware/TrimStrings.php(51): Illuminate/Foundation/Http/Middleware/TransformsRequest->handle(Object(Illuminate/Http/Request), Object(Closure))
#45 C:/Users/Rahmat Eka/Peta-Interaktif/vendor/laravel/framework/src/Illuminate/Pipeline/Pipeline.php(219): Illuminate/Foundation/Http/Middleware/TrimStrings->handle(Object(Illuminate/Http/Request), Object(Closure))
#46 C:/Users/Rahmat Eka/Peta-Interaktif/vendor/laravel/framework/src/Illuminate/Http/Middleware/ValidatePostSize.php(27): Illuminate/Pipeline/Pipeline->Illuminate/Pipeline/{closure}(Object(Illuminate/Http/Request))
#47 C:/Users/Rahmat Eka/Peta-Interaktif/vendor/laravel/framework/src/Illuminate/Pipeline/Pipeline.php(219): Illuminate/Http/Middleware/ValidatePostSize->handle(Object(Illuminate/Http/Request), Object(Closure))
#48 C:/Users/Rahmat Eka/Peta-Interaktif/vendor/laravel/framework/src/Illuminate/Foundation/Http/Middleware/PreventRequestsDuringMaintenance.php(109): Illuminate/Pipeline/Pipeline->Illuminate/Pipeline/{closure}(Object(Illuminate/Http/Request))
#49 C:/Users/Rahmat Eka/Peta-Interaktif/vendor/laravel/framework/src/Illuminate/Pipeline/Pipeline.php(219): Illuminate/Foundation/Http/Middleware/PreventRequestsDuringMaintenance->handle(Object(Illuminate/Http/Request), Object(Closure))
#50 C:/Users/Rahmat Eka/Peta-Interaktif/vendor/laravel/framework/src/Illuminate/Http/Middleware/HandleCors.php(61): Illuminate/Pipeline/Pipeline->Illuminate/Pipeline/{closure}(Object(Illuminate/Http/Request))
#51 C:/Users/Rahmat Eka/Peta-Interaktif/vendor/laravel/framework/src/Illuminate/Pipeline/Pipeline.php(219): Illuminate/Http/Middleware/HandleCors->handle(Object(Illuminate/Http/Request), Object(Closure))
#52 C:/Users/Rahmat Eka/Peta-Interaktif/vendor/laravel/framework/src/Illuminate/Http/Middleware/TrustProxies.php(58): Illuminate/Pipeline/Pipeline->Illuminate/Pipeline/{closure}(Object(Illuminate/Http/Request))
#53 C:/Users/Rahmat Eka/Peta-Interaktif/vendor/laravel/framework/src/Illuminate/Pipeline/Pipeline.php(219): Illuminate/Http/Middleware/TrustProxies->handle(Object(Illuminate/Http/Request), Object(Closure))
#54 C:/Users/Rahmat Eka/Peta-Interaktif/vendor/laravel/framework/src/Illuminate/Foundation/Http/Middleware/InvokeDeferredCallbacks.php(22): Illuminate/Pipeline/Pipeline->Illuminate/Pipeline/{closure}(Object(Illuminate/Http/Request))
#55 C:/Users/Rahmat Eka/Peta-Interaktif/vendor/laravel/framework/src/Illuminate/Pipeline/Pipeline.php(219): Illuminate/Foundation/Http/Middleware/InvokeDeferredCallbacks->handle(Object(Illuminate/Http/Request), Object(Closure))
#56 C:/Users/Rahmat Eka/Peta-Interaktif/vendor/laravel/framework/src/Illuminate/Http/Middleware/ValidatePathEncoding.php(26): Illuminate/Pipeline/Pipeline->Illuminate/Pipeline/{closure}(Object(Illuminate/Http/Request))
#57 C:/Users/Rahmat Eka/Peta-Interaktif/vendor/laravel/framework/src/Illuminate/Pipeline/Pipeline.php(219): Illuminate/Http/Middleware/ValidatePathEncoding->handle(Object(Illuminate/Http/Request), Object(Closure))
#58 C:/Users/Rahmat Eka/Peta-Interaktif/vendor/laravel/framework/src/Illuminate/Pipeline/Pipeline.php(137): Illuminate/Pipeline/Pipeline->Illuminate/Pipeline/{closure}(Object(Illuminate/Http/Request))
#59 C:/Users/Rahmat Eka/Peta-Interaktif/vendor/laravel/framework/src/Illuminate/Foundation/Http/Kernel.php(175): Illuminate/Pipeline/Pipeline->then(Object(Closure))
#60 C:/Users/Rahmat Eka/Peta-Interaktif/vendor/laravel/framework/src/Illuminate/Foundation/Http/Kernel.php(144): Illuminate/Foundation/Http/Kernel->sendRequestThroughRouter(Object(Illuminate/Http/Request))
#61 C:/Users/Rahmat Eka/Peta-Interaktif/vendor/laravel/framework/src/Illuminate/Foundation/Application.php(1220): Illuminate/Foundation/Http/Kernel->handle(Object(Illuminate/Http/Request))
#62 C:/Users/Rahmat Eka/Peta-Interaktif/public/index.php(18): Illuminate/Foundation/Application->handleRequest(Object(Illuminate/Http/Request))
#63 C:/Users/Rahmat Eka/Peta-Interaktif/vendor/laravel/framework/src/Illuminate/Foundation/resources/server.php(23): require_once('C://Users//Rahmat...')
#64 {main}
"} 
[2026-06-22 12:53:25] laravel.WARNING: Since symfony/http-foundation 7.4: Request::get() is deprecated, use properties ->attributes, query or request directly instead. in C:\Users\Rahmat Eka\Peta-Interaktif\vendor\symfony\deprecation-contracts\function.php on line 25  
[2026-06-22 12:53:25] laravel.EMERGENCY: Unable to create configured logger. Using emergency logger. {"exception":"[object] (InvalidArgumentException(code: 0): NullHandler must be an instance of Monolog\\Handler\\HandlerInterface at C:/Users/Rahmat Eka/Peta-Interaktif/vendor/laravel/framework/src/Illuminate/Log/LogManager.php:398)
[stacktrace]
#0 C:/Users/Rahmat Eka/Peta-Interaktif/vendor/laravel/framework/src/Illuminate/Log/LogManager.php(232): Illuminate/Log/LogManager->createMonologDriver(Array)
#1 C:/Users/Rahmat Eka/Peta-Interaktif/vendor/laravel/framework/src/Illuminate/Log/LogManager.php(138): Illuminate/Log/LogManager->resolve('deprecations', Array)
#2 C:/Users/Rahmat Eka/Peta-Interaktif/vendor/laravel/framework/src/Illuminate/Log/LogManager.php(125): Illuminate/Log/LogManager->get('deprecations')
#3 C:/Users/Rahmat Eka/Peta-Interaktif/vendor/laravel/framework/src/Illuminate/Log/LogManager.php(114): Illuminate/Log/LogManager->driver('deprecations')
#4 C:/Users/Rahmat Eka/Peta-Interaktif/vendor/laravel/framework/src/Illuminate/Foundation/Bootstrap/HandleExceptions.php(109): Illuminate/Log/LogManager->channel('deprecations')
#5 C:/Users/Rahmat Eka/Peta-Interaktif/vendor/laravel/framework/src/Illuminate/Foundation/Bootstrap/HandleExceptions.php(74): Illuminate/Foundation/Bootstrap/HandleExceptions->handleDeprecationError('Since symfony/h...', 'C://Users//Rahmat...', 25, 16384)
#6 C:/Users/Rahmat Eka/Peta-Interaktif/vendor/laravel/framework/src/Illuminate/Foundation/Bootstrap/HandleExceptions.php(262): Illuminate/Foundation/Bootstrap/HandleExceptions->handleError(16384, 'Since symfony/h...', 'C://Users//Rahmat...', 25)
#7 [internal function]: Illuminate/Foundation/Bootstrap/HandleExceptions->Illuminate/Foundation/Bootstrap/{closure}(16384, 'Since symfony/h...', 'C://Users//Rahmat...', 25)
#8 C:/Users/Rahmat Eka/Peta-Interaktif/vendor/symfony/deprecation-contracts/function.php(25): trigger_error('Since symfony/h...', 16384)
#9 C:/Users/Rahmat Eka/Peta-Interaktif/vendor/symfony/http-foundation/Request.php(754): trigger_deprecation('symfony/http-fo...', '7.4', 'Request::get() ...')
#10 C:/Users/Rahmat Eka/Peta-Interaktif/vendor/laravel/framework/src/Illuminate/Http/Request.php(441): Symfony/Component/HttpFoundation/Request->get('search', NULL)
#11 C:/Users/Rahmat Eka/Peta-Interaktif/app/Http/Controllers/Admin/ManageUsersController.php(16): Illuminate/Http/Request->get('search')
#12 C:/Users/Rahmat Eka/Peta-Interaktif/vendor/laravel/framework/src/Illuminate/Routing/Controller.php(54): App/Http/Controllers/Admin/ManageUsersController->index(Object(Illuminate/Http/Request))
#13 C:/Users/Rahmat Eka/Peta-Interaktif/vendor/laravel/framework/src/Illuminate/Routing/ControllerDispatcher.php(43): Illuminate/Routing/Controller->callAction('index', Array)
#14 C:/Users/Rahmat Eka/Peta-Interaktif/vendor/laravel/framework/src/Illuminate/Routing/Route.php(265): Illuminate/Routing/ControllerDispatcher->dispatch(Object(Illuminate/Routing/Route), Object(App/Http/Controllers/Admin/ManageUsersController), 'index')
#15 C:/Users/Rahmat Eka/Peta-Interaktif/vendor/laravel/framework/src/Illuminate/Routing/Route.php(211): Illuminate/Routing/Route->runController()
#16 C:/Users/Rahmat Eka/Peta-Interaktif/vendor/laravel/framework/src/Illuminate/Routing/Router.php(822): Illuminate/Routing/Route->run()
#17 C:/Users/Rahmat Eka/Peta-Interaktif/vendor/laravel/framework/src/Illuminate/Pipeline/Pipeline.php(180): Illuminate/Routing/Router->Illuminate/Routing/{closure}(Object(Illuminate/Http/Request))
#18 C:/Users/Rahmat Eka/Peta-Interaktif/vendor/laravel/framework/src/Illuminate/Routing/Middleware/SubstituteBindings.php(50): Illuminate/Pipeline/Pipeline->Illuminate/Pipeline/{closure}(Object(Illuminate/Http/Request))
#19 C:/Users/Rahmat Eka/Peta-Interaktif/vendor/laravel/framework/src/Illuminate/Pipeline/Pipeline.php(219): Illuminate/Routing/Middleware/SubstituteBindings->handle(Object(Illuminate/Http/Request), Object(Closure))
#20 C:/Users/Rahmat Eka/Peta-Interaktif/vendor/laravel/framework/src/Illuminate/Auth/Middleware/Authenticate.php(63): Illuminate/Pipeline/Pipeline->Illuminate/Pipeline/{closure}(Object(Illuminate/Http/Request))
#21 C:/Users/Rahmat Eka/Peta-Interaktif/vendor/laravel/framework/src/Illuminate/Pipeline/Pipeline.php(219): Illuminate/Auth/Middleware/Authenticate->handle(Object(Illuminate/Http/Request), Object(Closure), 'admin')
#22 C:/Users/Rahmat Eka/Peta-Interaktif/vendor/laravel/framework/src/Illuminate/Foundation/Http/Middleware/VerifyCsrfToken.php(87): Illuminate/Pipeline/Pipeline->Illuminate/Pipeline/{closure}(Object(Illuminate/Http/Request))
#23 C:/Users/Rahmat Eka/Peta-Interaktif/vendor/laravel/framework/src/Illuminate/Pipeline/Pipeline.php(219): Illuminate/Foundation/Http/Middleware/VerifyCsrfToken->handle(Object(Illuminate/Http/Request), Object(Closure))
#24 C:/Users/Rahmat Eka/Peta-Interaktif/vendor/laravel/framework/src/Illuminate/View/Middleware/ShareErrorsFromSession.php(48): Illuminate/Pipeline/Pipeline->Illuminate/Pipeline/{closure}(Object(Illuminate/Http/Request))
#25 C:/Users/Rahmat Eka/Peta-Interaktif/vendor/laravel/framework/src/Illuminate/Pipeline/Pipeline.php(219): Illuminate/View/Middleware/ShareErrorsFromSession->handle(Object(Illuminate/Http/Request), Object(Closure))
#26 C:/Users/Rahmat Eka/Peta-Interaktif/vendor/laravel/framework/src/Illuminate/Session/Middleware/StartSession.php(120): Illuminate/Pipeline/Pipeline->Illuminate/Pipeline/{closure}(Object(Illuminate/Http/Request))
#27 C:/Users/Rahmat Eka/Peta-Interaktif/vendor/laravel/framework/src/Illuminate/Session/Middleware/StartSession.php(63): Illuminate/Session/Middleware/StartSession->handleStatefulRequest(Object(Illuminate/Http/Request), Object(Illuminate/Session/Store), Object(Closure))
#28 C:/Users/Rahmat Eka/Peta-Interaktif/vendor/laravel/framework/src/Illuminate/Pipeline/Pipeline.php(219): Illuminate/Session/Middleware/StartSession->handle(Object(Illuminate/Http/Request), Object(Closure))
#29 C:/Users/Rahmat Eka/Peta-Interaktif/vendor/laravel/framework/src/Illuminate/Cookie/Middleware/AddQueuedCookiesToResponse.php(36): Illuminate/Pipeline/Pipeline->Illuminate/Pipeline/{closure}(Object(Illuminate/Http/Request))
#30 C:/Users/Rahmat Eka/Peta-Interaktif/vendor/laravel/framework/src/Illuminate/Pipeline/Pipeline.php(219): Illuminate/Cookie/Middleware/AddQueuedCookiesToResponse->handle(Object(Illuminate/Http/Request), Object(Closure))
#31 C:/Users/Rahmat Eka/Peta-Interaktif/vendor/laravel/framework/src/Illuminate/Cookie/Middleware/EncryptCookies.php(74): Illuminate/Pipeline/Pipeline->Illuminate/Pipeline/{closure}(Object(Illuminate/Http/Request))
#32 C:/Users/Rahmat Eka/Peta-Interaktif/vendor/laravel/framework/src/Illuminate/Pipeline/Pipeline.php(219): Illuminate/Cookie/Middleware/EncryptCookies->handle(Object(Illuminate/Http/Request), Object(Closure))
#33 C:/Users/Rahmat Eka/Peta-Interaktif/vendor/laravel/framework/src/Illuminate/Pipeline/Pipeline.php(137): Illuminate/Pipeline/Pipeline->Illuminate/Pipeline/{closure}(Object(Illuminate/Http/Request))
#34 C:/Users/Rahmat Eka/Peta-Interaktif/vendor/laravel/framework/src/Illuminate/Routing/Router.php(821): Illuminate/Pipeline/Pipeline->then(Object(Closure))
#35 C:/Users/Rahmat Eka/Peta-Interaktif/vendor/laravel/framework/src/Illuminate/Routing/Router.php(800): Illuminate/Routing/Router->runRouteWithinStack(Object(Illuminate/Routing/Route), Object(Illuminate/Http/Request))
#36 C:/Users/Rahmat Eka/Peta-Interaktif/vendor/laravel/framework/src/Illuminate/Routing/Router.php(764): Illuminate/Routing/Router->runRoute(Object(Illuminate/Http/Request), Object(Illuminate/Routing/Route))
#37 C:/Users/Rahmat Eka/Peta-Interaktif/vendor/laravel/framework/src/Illuminate/Routing/Router.php(753): Illuminate/Routing/Router->dispatchToRoute(Object(Illuminate/Http/Request))
#38 C:/Users/Rahmat Eka/Peta-Interaktif/vendor/laravel/framework/src/Illuminate/Foundation/Http/Kernel.php(200): Illuminate/Routing/Router->dispatch(Object(Illuminate/Http/Request))
#39 C:/Users/Rahmat Eka/Peta-Interaktif/vendor/laravel/framework/src/Illuminate/Pipeline/Pipeline.php(180): Illuminate/Foundation/Http/Kernel->Illuminate/Foundation/Http/{closure}(Object(Illuminate/Http/Request))
#40 C:/Users/Rahmat Eka/Peta-Interaktif/vendor/laravel/framework/src/Illuminate/Foundation/Http/Middleware/TransformsRequest.php(21): Illuminate/Pipeline/Pipeline->Illuminate/Pipeline/{closure}(Object(Illuminate/Http/Request))
#41 C:/Users/Rahmat Eka/Peta-Interaktif/vendor/laravel/framework/src/Illuminate/Foundation/Http/Middleware/ConvertEmptyStringsToNull.php(31): Illuminate/Foundation/Http/Middleware/TransformsRequest->handle(Object(Illuminate/Http/Request), Object(Closure))
#42 C:/Users/Rahmat Eka/Peta-Interaktif/vendor/laravel/framework/src/Illuminate/Pipeline/Pipeline.php(219): Illuminate/Foundation/Http/Middleware/ConvertEmptyStringsToNull->handle(Object(Illuminate/Http/Request), Object(Closure))
#43 C:/Users/Rahmat Eka/Peta-Interaktif/vendor/laravel/framework/src/Illuminate/Foundation/Http/Middleware/TransformsRequest.php(21): Illuminate/Pipeline/Pipeline->Illuminate/Pipeline/{closure}(Object(Illuminate/Http/Request))
#44 C:/Users/Rahmat Eka/Peta-Interaktif/vendor/laravel/framework/src/Illuminate/Foundation/Http/Middleware/TrimStrings.php(51): Illuminate/Foundation/Http/Middleware/TransformsRequest->handle(Object(Illuminate/Http/Request), Object(Closure))
#45 C:/Users/Rahmat Eka/Peta-Interaktif/vendor/laravel/framework/src/Illuminate/Pipeline/Pipeline.php(219): Illuminate/Foundation/Http/Middleware/TrimStrings->handle(Object(Illuminate/Http/Request), Object(Closure))
#46 C:/Users/Rahmat Eka/Peta-Interaktif/vendor/laravel/framework/src/Illuminate/Http/Middleware/ValidatePostSize.php(27): Illuminate/Pipeline/Pipeline->Illuminate/Pipeline/{closure}(Object(Illuminate/Http/Request))
#47 C:/Users/Rahmat Eka/Peta-Interaktif/vendor/laravel/framework/src/Illuminate/Pipeline/Pipeline.php(219): Illuminate/Http/Middleware/ValidatePostSize->handle(Object(Illuminate/Http/Request), Object(Closure))
#48 C:/Users/Rahmat Eka/Peta-Interaktif/vendor/laravel/framework/src/Illuminate/Foundation/Http/Middleware/PreventRequestsDuringMaintenance.php(109): Illuminate/Pipeline/Pipeline->Illuminate/Pipeline/{closure}(Object(Illuminate/Http/Request))
#49 C:/Users/Rahmat Eka/Peta-Interaktif/vendor/laravel/framework/src/Illuminate/Pipeline/Pipeline.php(219): Illuminate/Foundation/Http/Middleware/PreventRequestsDuringMaintenance->handle(Object(Illuminate/Http/Request), Object(Closure))
#50 C:/Users/Rahmat Eka/Peta-Interaktif/vendor/laravel/framework/src/Illuminate/Http/Middleware/HandleCors.php(61): Illuminate/Pipeline/Pipeline->Illuminate/Pipeline/{closure}(Object(Illuminate/Http/Request))
#51 C:/Users/Rahmat Eka/Peta-Interaktif/vendor/laravel/framework/src/Illuminate/Pipeline/Pipeline.php(219): Illuminate/Http/Middleware/HandleCors->handle(Object(Illuminate/Http/Request), Object(Closure))
#52 C:/Users/Rahmat Eka/Peta-Interaktif/vendor/laravel/framework/src/Illuminate/Http/Middleware/TrustProxies.php(58): Illuminate/Pipeline/Pipeline->Illuminate/Pipeline/{closure}(Object(Illuminate/Http/Request))
#53 C:/Users/Rahmat Eka/Peta-Interaktif/vendor/laravel/framework/src/Illuminate/Pipeline/Pipeline.php(219): Illuminate/Http/Middleware/TrustProxies->handle(Object(Illuminate/Http/Request), Object(Closure))
#54 C:/Users/Rahmat Eka/Peta-Interaktif/vendor/laravel/framework/src/Illuminate/Foundation/Http/Middleware/InvokeDeferredCallbacks.php(22): Illuminate/Pipeline/Pipeline->Illuminate/Pipeline/{closure}(Object(Illuminate/Http/Request))
#55 C:/Users/Rahmat Eka/Peta-Interaktif/vendor/laravel/framework/src/Illuminate/Pipeline/Pipeline.php(219): Illuminate/Foundation/Http/Middleware/InvokeDeferredCallbacks->handle(Object(Illuminate/Http/Request), Object(Closure))
#56 C:/Users/Rahmat Eka/Peta-Interaktif/vendor/laravel/framework/src/Illuminate/Http/Middleware/ValidatePathEncoding.php(26): Illuminate/Pipeline/Pipeline->Illuminate/Pipeline/{closure}(Object(Illuminate/Http/Request))
#57 C:/Users/Rahmat Eka/Peta-Interaktif/vendor/laravel/framework/src/Illuminate/Pipeline/Pipeline.php(219): Illuminate/Http/Middleware/ValidatePathEncoding->handle(Object(Illuminate/Http/Request), Object(Closure))
#58 C:/Users/Rahmat Eka/Peta-Interaktif/vendor/laravel/framework/src/Illuminate/Pipeline/Pipeline.php(137): Illuminate/Pipeline/Pipeline->Illuminate/Pipeline/{closure}(Object(Illuminate/Http/Request))
#59 C:/Users/Rahmat Eka/Peta-Interaktif/vendor/laravel/framework/src/Illuminate/Foundation/Http/Kernel.php(175): Illuminate/Pipeline/Pipeline->then(Object(Closure))
#60 C:/Users/Rahmat Eka/Peta-Interaktif/vendor/laravel/framework/src/Illuminate/Foundation/Http/Kernel.php(144): Illuminate/Foundation/Http/Kernel->sendRequestThroughRouter(Object(Illuminate/Http/Request))
#61 C:/Users/Rahmat Eka/Peta-Interaktif/vendor/laravel/framework/src/Illuminate/Foundation/Application.php(1220): Illuminate/Foundation/Http/Kernel->handle(Object(Illuminate/Http/Request))
#62 C:/Users/Rahmat Eka/Peta-Interaktif/public/index.php(18): Illuminate/Foundation/Application->handleRequest(Object(Illuminate/Http/Request))
#63 C:/Users/Rahmat Eka/Peta-Interaktif/vendor/laravel/framework/src/Illuminate/Foundation/resources/server.php(23): require_once('C://Users//Rahmat...')
#64 {main}
"} 
[2026-06-22 12:53:25] laravel.WARNING: Since symfony/http-foundation 7.4: Request::get() is deprecated, use properties ->attributes, query or request directly instead. in C:\Users\Rahmat Eka\Peta-Interaktif\vendor\symfony\deprecation-contracts\function.php on line 25  
[2026-06-22 13:04:31] laravel.EMERGENCY: Unable to create configured logger. Using emergency logger. {"exception":"[object] (InvalidArgumentException(code: 0): NullHandler must be an instance of Monolog\\Handler\\HandlerInterface at C:/Users/Rahmat Eka/Peta-Interaktif/vendor/laravel/framework/src/Illuminate/Log/LogManager.php:398)
[stacktrace]
#0 C:/Users/Rahmat Eka/Peta-Interaktif/vendor/laravel/framework/src/Illuminate/Log/LogManager.php(232): Illuminate/Log/LogManager->createMonologDriver(Array)
#1 C:/Users/Rahmat Eka/Peta-Interaktif/vendor/laravel/framework/src/Illuminate/Log/LogManager.php(138): Illuminate/Log/LogManager->resolve('deprecations', Array)
#2 C:/Users/Rahmat Eka/Peta-Interaktif/vendor/laravel/framework/src/Illuminate/Log/LogManager.php(125): Illuminate/Log/LogManager->get('deprecations')
#3 C:/Users/Rahmat Eka/Peta-Interaktif/vendor/laravel/framework/src/Illuminate/Log/LogManager.php(114): Illuminate/Log/LogManager->driver('deprecations')
#4 C:/Users/Rahmat Eka/Peta-Interaktif/vendor/laravel/framework/src/Illuminate/Foundation/Bootstrap/HandleExceptions.php(109): Illuminate/Log/LogManager->channel('deprecations')
#5 C:/Users/Rahmat Eka/Peta-Interaktif/vendor/laravel/framework/src/Illuminate/Foundation/Bootstrap/HandleExceptions.php(74): Illuminate/Foundation/Bootstrap/HandleExceptions->handleDeprecationError('Since symfony/h...', 'C://Users//Rahmat...', 25, 16384)
#6 C:/Users/Rahmat Eka/Peta-Interaktif/vendor/laravel/framework/src/Illuminate/Foundation/Bootstrap/HandleExceptions.php(262): Illuminate/Foundation/Bootstrap/HandleExceptions->handleError(16384, 'Since symfony/h...', 'C://Users//Rahmat...', 25)
#7 [internal function]: Illuminate/Foundation/Bootstrap/HandleExceptions->Illuminate/Foundation/Bootstrap/{closure}(16384, 'Since symfony/h...', 'C://Users//Rahmat...', 25)
#8 C:/Users/Rahmat Eka/Peta-Interaktif/vendor/symfony/deprecation-contracts/function.php(25): trigger_error('Since symfony/h...', 16384)
#9 C:/Users/Rahmat Eka/Peta-Interaktif/vendor/symfony/http-foundation/Request.php(754): trigger_deprecation('symfony/http-fo...', '7.4', 'Request::get() ...')
#10 C:/Users/Rahmat Eka/Peta-Interaktif/vendor/laravel/framework/src/Illuminate/Http/Request.php(441): Symfony/Component/HttpFoundation/Request->get('tab', 'masyarakat')
#11 C:/Users/Rahmat Eka/Peta-Interaktif/app/Http/Controllers/Admin/ManageUsersController.php(15): Illuminate/Http/Request->get('tab', 'masyarakat')
#12 C:/Users/Rahmat Eka/Peta-Interaktif/vendor/laravel/framework/src/Illuminate/Routing/Controller.php(54): App/Http/Controllers/Admin/ManageUsersController->index(Object(Illuminate/Http/Request))
#13 C:/Users/Rahmat Eka/Peta-Interaktif/vendor/laravel/framework/src/Illuminate/Routing/ControllerDispatcher.php(43): Illuminate/Routing/Controller->callAction('index', Array)
#14 C:/Users/Rahmat Eka/Peta-Interaktif/vendor/laravel/framework/src/Illuminate/Routing/Route.php(265): Illuminate/Routing/ControllerDispatcher->dispatch(Object(Illuminate/Routing/Route), Object(App/Http/Controllers/Admin/ManageUsersController), 'index')
#15 C:/Users/Rahmat Eka/Peta-Interaktif/vendor/laravel/framework/src/Illuminate/Routing/Route.php(211): Illuminate/Routing/Route->runController()
#16 C:/Users/Rahmat Eka/Peta-Interaktif/vendor/laravel/framework/src/Illuminate/Routing/Router.php(822): Illuminate/Routing/Route->run()
#17 C:/Users/Rahmat Eka/Peta-Interaktif/vendor/laravel/framework/src/Illuminate/Pipeline/Pipeline.php(180): Illuminate/Routing/Router->Illuminate/Routing/{closure}(Object(Illuminate/Http/Request))
#18 C:/Users/Rahmat Eka/Peta-Interaktif/vendor/laravel/framework/src/Illuminate/Routing/Middleware/SubstituteBindings.php(50): Illuminate/Pipeline/Pipeline->Illuminate/Pipeline/{closure}(Object(Illuminate/Http/Request))
#19 C:/Users/Rahmat Eka/Peta-Interaktif/vendor/laravel/framework/src/Illuminate/Pipeline/Pipeline.php(219): Illuminate/Routing/Middleware/SubstituteBindings->handle(Object(Illuminate/Http/Request), Object(Closure))
#20 C:/Users/Rahmat Eka/Peta-Interaktif/vendor/laravel/framework/src/Illuminate/Auth/Middleware/Authenticate.php(63): Illuminate/Pipeline/Pipeline->Illuminate/Pipeline/{closure}(Object(Illuminate/Http/Request))
#21 C:/Users/Rahmat Eka/Peta-Interaktif/vendor/laravel/framework/src/Illuminate/Pipeline/Pipeline.php(219): Illuminate/Auth/Middleware/Authenticate->handle(Object(Illuminate/Http/Request), Object(Closure), 'admin')
#22 C:/Users/Rahmat Eka/Peta-Interaktif/vendor/laravel/framework/src/Illuminate/Foundation/Http/Middleware/VerifyCsrfToken.php(87): Illuminate/Pipeline/Pipeline->Illuminate/Pipeline/{closure}(Object(Illuminate/Http/Request))
#23 C:/Users/Rahmat Eka/Peta-Interaktif/vendor/laravel/framework/src/Illuminate/Pipeline/Pipeline.php(219): Illuminate/Foundation/Http/Middleware/VerifyCsrfToken->handle(Object(Illuminate/Http/Request), Object(Closure))
#24 C:/Users/Rahmat Eka/Peta-Interaktif/vendor/laravel/framework/src/Illuminate/View/Middleware/ShareErrorsFromSession.php(48): Illuminate/Pipeline/Pipeline->Illuminate/Pipeline/{closure}(Object(Illuminate/Http/Request))
#25 C:/Users/Rahmat Eka/Peta-Interaktif/vendor/laravel/framework/src/Illuminate/Pipeline/Pipeline.php(219): Illuminate/View/Middleware/ShareErrorsFromSession->handle(Object(Illuminate/Http/Request), Object(Closure))
#26 C:/Users/Rahmat Eka/Peta-Interaktif/vendor/laravel/framework/src/Illuminate/Session/Middleware/StartSession.php(120): Illuminate/Pipeline/Pipeline->Illuminate/Pipeline/{closure}(Object(Illuminate/Http/Request))
#27 C:/Users/Rahmat Eka/Peta-Interaktif/vendor/laravel/framework/src/Illuminate/Session/Middleware/StartSession.php(63): Illuminate/Session/Middleware/StartSession->handleStatefulRequest(Object(Illuminate/Http/Request), Object(Illuminate/Session/Store), Object(Closure))
#28 C:/Users/Rahmat Eka/Peta-Interaktif/vendor/laravel/framework/src/Illuminate/Pipeline/Pipeline.php(219): Illuminate/Session/Middleware/StartSession->handle(Object(Illuminate/Http/Request), Object(Closure))
#29 C:/Users/Rahmat Eka/Peta-Interaktif/vendor/laravel/framework/src/Illuminate/Cookie/Middleware/AddQueuedCookiesToResponse.php(36): Illuminate/Pipeline/Pipeline->Illuminate/Pipeline/{closure}(Object(Illuminate/Http/Request))
#30 C:/Users/Rahmat Eka/Peta-Interaktif/vendor/laravel/framework/src/Illuminate/Pipeline/Pipeline.php(219): Illuminate/Cookie/Middleware/AddQueuedCookiesToResponse->handle(Object(Illuminate/Http/Request), Object(Closure))
#31 C:/Users/Rahmat Eka/Peta-Interaktif/vendor/laravel/framework/src/Illuminate/Cookie/Middleware/EncryptCookies.php(74): Illuminate/Pipeline/Pipeline->Illuminate/Pipeline/{closure}(Object(Illuminate/Http/Request))
#32 C:/Users/Rahmat Eka/Peta-Interaktif/vendor/laravel/framework/src/Illuminate/Pipeline/Pipeline.php(219): Illuminate/Cookie/Middleware/EncryptCookies->handle(Object(Illuminate/Http/Request), Object(Closure))
#33 C:/Users/Rahmat Eka/Peta-Interaktif/vendor/laravel/framework/src/Illuminate/Pipeline/Pipeline.php(137): Illuminate/Pipeline/Pipeline->Illuminate/Pipeline/{closure}(Object(Illuminate/Http/Request))
#34 C:/Users/Rahmat Eka/Peta-Interaktif/vendor/laravel/framework/src/Illuminate/Routing/Router.php(821): Illuminate/Pipeline/Pipeline->then(Object(Closure))
#35 C:/Users/Rahmat Eka/Peta-Interaktif/vendor/laravel/framework/src/Illuminate/Routing/Router.php(800): Illuminate/Routing/Router->runRouteWithinStack(Object(Illuminate/Routing/Route), Object(Illuminate/Http/Request))
#36 C:/Users/Rahmat Eka/Peta-Interaktif/vendor/laravel/framework/src/Illuminate/Routing/Router.php(764): Illuminate/Routing/Router->runRoute(Object(Illuminate/Http/Request), Object(Illuminate/Routing/Route))
#37 C:/Users/Rahmat Eka/Peta-Interaktif/vendor/laravel/framework/src/Illuminate/Routing/Router.php(753): Illuminate/Routing/Router->dispatchToRoute(Object(Illuminate/Http/Request))
#38 C:/Users/Rahmat Eka/Peta-Interaktif/vendor/laravel/framework/src/Illuminate/Foundation/Http/Kernel.php(200): Illuminate/Routing/Router->dispatch(Object(Illuminate/Http/Request))
#39 C:/Users/Rahmat Eka/Peta-Interaktif/vendor/laravel/framework/src/Illuminate/Pipeline/Pipeline.php(180): Illuminate/Foundation/Http/Kernel->Illuminate/Foundation/Http/{closure}(Object(Illuminate/Http/Request))
#40 C:/Users/Rahmat Eka/Peta-Interaktif/vendor/laravel/framework/src/Illuminate/Foundation/Http/Middleware/TransformsRequest.php(21): Illuminate/Pipeline/Pipeline->Illuminate/Pipeline/{closure}(Object(Illuminate/Http/Request))
#41 C:/Users/Rahmat Eka/Peta-Interaktif/vendor/laravel/framework/src/Illuminate/Foundation/Http/Middleware/ConvertEmptyStringsToNull.php(31): Illuminate/Foundation/Http/Middleware/TransformsRequest->handle(Object(Illuminate/Http/Request), Object(Closure))
#42 C:/Users/Rahmat Eka/Peta-Interaktif/vendor/laravel/framework/src/Illuminate/Pipeline/Pipeline.php(219): Illuminate/Foundation/Http/Middleware/ConvertEmptyStringsToNull->handle(Object(Illuminate/Http/Request), Object(Closure))
#43 C:/Users/Rahmat Eka/Peta-Interaktif/vendor/laravel/framework/src/Illuminate/Foundation/Http/Middleware/TransformsRequest.php(21): Illuminate/Pipeline/Pipeline->Illuminate/Pipeline/{closure}(Object(Illuminate/Http/Request))
#44 C:/Users/Rahmat Eka/Peta-Interaktif/vendor/laravel/framework/src/Illuminate/Foundation/Http/Middleware/TrimStrings.php(51): Illuminate/Foundation/Http/Middleware/TransformsRequest->handle(Object(Illuminate/Http/Request), Object(Closure))
#45 C:/Users/Rahmat Eka/Peta-Interaktif/vendor/laravel/framework/src/Illuminate/Pipeline/Pipeline.php(219): Illuminate/Foundation/Http/Middleware/TrimStrings->handle(Object(Illuminate/Http/Request), Object(Closure))
#46 C:/Users/Rahmat Eka/Peta-Interaktif/vendor/laravel/framework/src/Illuminate/Http/Middleware/ValidatePostSize.php(27): Illuminate/Pipeline/Pipeline->Illuminate/Pipeline/{closure}(Object(Illuminate/Http/Request))
#47 C:/Users/Rahmat Eka/Peta-Interaktif/vendor/laravel/framework/src/Illuminate/Pipeline/Pipeline.php(219): Illuminate/Http/Middleware/ValidatePostSize->handle(Object(Illuminate/Http/Request), Object(Closure))
#48 C:/Users/Rahmat Eka/Peta-Interaktif/vendor/laravel/framework/src/Illuminate/Foundation/Http/Middleware/PreventRequestsDuringMaintenance.php(109): Illuminate/Pipeline/Pipeline->Illuminate/Pipeline/{closure}(Object(Illuminate/Http/Request))
#49 C:/Users/Rahmat Eka/Peta-Interaktif/vendor/laravel/framework/src/Illuminate/Pipeline/Pipeline.php(219): Illuminate/Foundation/Http/Middleware/PreventRequestsDuringMaintenance->handle(Object(Illuminate/Http/Request), Object(Closure))
#50 C:/Users/Rahmat Eka/Peta-Interaktif/vendor/laravel/framework/src/Illuminate/Http/Middleware/HandleCors.php(61): Illuminate/Pipeline/Pipeline->Illuminate/Pipeline/{closure}(Object(Illuminate/Http/Request))
#51 C:/Users/Rahmat Eka/Peta-Interaktif/vendor/laravel/framework/src/Illuminate/Pipeline/Pipeline.php(219): Illuminate/Http/Middleware/HandleCors->handle(Object(Illuminate/Http/Request), Object(Closure))
#52 C:/Users/Rahmat Eka/Peta-Interaktif/vendor/laravel/framework/src/Illuminate/Http/Middleware/TrustProxies.php(58): Illuminate/Pipeline/Pipeline->Illuminate/Pipeline/{closure}(Object(Illuminate/Http/Request))
#53 C:/Users/Rahmat Eka/Peta-Interaktif/vendor/laravel/framework/src/Illuminate/Pipeline/Pipeline.php(219): Illuminate/Http/Middleware/TrustProxies->handle(Object(Illuminate/Http/Request), Object(Closure))
#54 C:/Users/Rahmat Eka/Peta-Interaktif/vendor/laravel/framework/src/Illuminate/Foundation/Http/Middleware/InvokeDeferredCallbacks.php(22): Illuminate/Pipeline/Pipeline->Illuminate/Pipeline/{closure}(Object(Illuminate/Http/Request))
#55 C:/Users/Rahmat Eka/Peta-Interaktif/vendor/laravel/framework/src/Illuminate/Pipeline/Pipeline.php(219): Illuminate/Foundation/Http/Middleware/InvokeDeferredCallbacks->handle(Object(Illuminate/Http/Request), Object(Closure))
#56 C:/Users/Rahmat Eka/Peta-Interaktif/vendor/laravel/framework/src/Illuminate/Http/Middleware/ValidatePathEncoding.php(26): Illuminate/Pipeline/Pipeline->Illuminate/Pipeline/{closure}(Object(Illuminate/Http/Request))
#57 C:/Users/Rahmat Eka/Peta-Interaktif/vendor/laravel/framework/src/Illuminate/Pipeline/Pipeline.php(219): Illuminate/Http/Middleware/ValidatePathEncoding->handle(Object(Illuminate/Http/Request), Object(Closure))
#58 C:/Users/Rahmat Eka/Peta-Interaktif/vendor/laravel/framework/src/Illuminate/Pipeline/Pipeline.php(137): Illuminate/Pipeline/Pipeline->Illuminate/Pipeline/{closure}(Object(Illuminate/Http/Request))
#59 C:/Users/Rahmat Eka/Peta-Interaktif/vendor/laravel/framework/src/Illuminate/Foundation/Http/Kernel.php(175): Illuminate/Pipeline/Pipeline->then(Object(Closure))
#60 C:/Users/Rahmat Eka/Peta-Interaktif/vendor/laravel/framework/src/Illuminate/Foundation/Http/Kernel.php(144): Illuminate/Foundation/Http/Kernel->sendRequestThroughRouter(Object(Illuminate/Http/Request))
#61 C:/Users/Rahmat Eka/Peta-Interaktif/vendor/laravel/framework/src/Illuminate/Foundation/Application.php(1220): Illuminate/Foundation/Http/Kernel->handle(Object(Illuminate/Http/Request))
#62 C:/Users/Rahmat Eka/Peta-Interaktif/public/index.php(18): Illuminate/Foundation/Application->handleRequest(Object(Illuminate/Http/Request))
#63 C:/Users/Rahmat Eka/Peta-Interaktif/vendor/laravel/framework/src/Illuminate/Foundation/resources/server.php(23): require_once('C://Users//Rahmat...')
#64 {main}
"} 
[2026-06-22 13:04:31] laravel.WARNING: Since symfony/http-foundation 7.4: Request::get() is deprecated, use properties ->attributes, query or request directly instead. in C:\Users\Rahmat Eka\Peta-Interaktif\vendor\symfony\deprecation-contracts\function.php on line 25  
[2026-06-22 13:04:31] laravel.EMERGENCY: Unable to create configured logger. Using emergency logger. {"exception":"[object] (InvalidArgumentException(code: 0): NullHandler must be an instance of Monolog\\Handler\\HandlerInterface at C:/Users/Rahmat Eka/Peta-Interaktif/vendor/laravel/framework/src/Illuminate/Log/LogManager.php:398)
[stacktrace]
#0 C:/Users/Rahmat Eka/Peta-Interaktif/vendor/laravel/framework/src/Illuminate/Log/LogManager.php(232): Illuminate/Log/LogManager->createMonologDriver(Array)
#1 C:/Users/Rahmat Eka/Peta-Interaktif/vendor/laravel/framework/src/Illuminate/Log/LogManager.php(138): Illuminate/Log/LogManager->resolve('deprecations', Array)
#2 C:/Users/Rahmat Eka/Peta-Interaktif/vendor/laravel/framework/src/Illuminate/Log/LogManager.php(125): Illuminate/Log/LogManager->get('deprecations')
#3 C:/Users/Rahmat Eka/Peta-Interaktif/vendor/laravel/framework/src/Illuminate/Log/LogManager.php(114): Illuminate/Log/LogManager->driver('deprecations')
#4 C:/Users/Rahmat Eka/Peta-Interaktif/vendor/laravel/framework/src/Illuminate/Foundation/Bootstrap/HandleExceptions.php(109): Illuminate/Log/LogManager->channel('deprecations')
#5 C:/Users/Rahmat Eka/Peta-Interaktif/vendor/laravel/framework/src/Illuminate/Foundation/Bootstrap/HandleExceptions.php(74): Illuminate/Foundation/Bootstrap/HandleExceptions->handleDeprecationError('Since symfony/h...', 'C://Users//Rahmat...', 25, 16384)
#6 C:/Users/Rahmat Eka/Peta-Interaktif/vendor/laravel/framework/src/Illuminate/Foundation/Bootstrap/HandleExceptions.php(262): Illuminate/Foundation/Bootstrap/HandleExceptions->handleError(16384, 'Since symfony/h...', 'C://Users//Rahmat...', 25)
#7 [internal function]: Illuminate/Foundation/Bootstrap/HandleExceptions->Illuminate/Foundation/Bootstrap/{closure}(16384, 'Since symfony/h...', 'C://Users//Rahmat...', 25)
#8 C:/Users/Rahmat Eka/Peta-Interaktif/vendor/symfony/deprecation-contracts/function.php(25): trigger_error('Since symfony/h...', 16384)
#9 C:/Users/Rahmat Eka/Peta-Interaktif/vendor/symfony/http-foundation/Request.php(754): trigger_deprecation('symfony/http-fo...', '7.4', 'Request::get() ...')
#10 C:/Users/Rahmat Eka/Peta-Interaktif/vendor/laravel/framework/src/Illuminate/Http/Request.php(441): Symfony/Component/HttpFoundation/Request->get('search', NULL)
#11 C:/Users/Rahmat Eka/Peta-Interaktif/app/Http/Controllers/Admin/ManageUsersController.php(16): Illuminate/Http/Request->get('search')
#12 C:/Users/Rahmat Eka/Peta-Interaktif/vendor/laravel/framework/src/Illuminate/Routing/Controller.php(54): App/Http/Controllers/Admin/ManageUsersController->index(Object(Illuminate/Http/Request))
#13 C:/Users/Rahmat Eka/Peta-Interaktif/vendor/laravel/framework/src/Illuminate/Routing/ControllerDispatcher.php(43): Illuminate/Routing/Controller->callAction('index', Array)
#14 C:/Users/Rahmat Eka/Peta-Interaktif/vendor/laravel/framework/src/Illuminate/Routing/Route.php(265): Illuminate/Routing/ControllerDispatcher->dispatch(Object(Illuminate/Routing/Route), Object(App/Http/Controllers/Admin/ManageUsersController), 'index')
#15 C:/Users/Rahmat Eka/Peta-Interaktif/vendor/laravel/framework/src/Illuminate/Routing/Route.php(211): Illuminate/Routing/Route->runController()
#16 C:/Users/Rahmat Eka/Peta-Interaktif/vendor/laravel/framework/src/Illuminate/Routing/Router.php(822): Illuminate/Routing/Route->run()
#17 C:/Users/Rahmat Eka/Peta-Interaktif/vendor/laravel/framework/src/Illuminate/Pipeline/Pipeline.php(180): Illuminate/Routing/Router->Illuminate/Routing/{closure}(Object(Illuminate/Http/Request))
#18 C:/Users/Rahmat Eka/Peta-Interaktif/vendor/laravel/framework/src/Illuminate/Routing/Middleware/SubstituteBindings.php(50): Illuminate/Pipeline/Pipeline->Illuminate/Pipeline/{closure}(Object(Illuminate/Http/Request))
#19 C:/Users/Rahmat Eka/Peta-Interaktif/vendor/laravel/framework/src/Illuminate/Pipeline/Pipeline.php(219): Illuminate/Routing/Middleware/SubstituteBindings->handle(Object(Illuminate/Http/Request), Object(Closure))
#20 C:/Users/Rahmat Eka/Peta-Interaktif/vendor/laravel/framework/src/Illuminate/Auth/Middleware/Authenticate.php(63): Illuminate/Pipeline/Pipeline->Illuminate/Pipeline/{closure}(Object(Illuminate/Http/Request))
#21 C:/Users/Rahmat Eka/Peta-Interaktif/vendor/laravel/framework/src/Illuminate/Pipeline/Pipeline.php(219): Illuminate/Auth/Middleware/Authenticate->handle(Object(Illuminate/Http/Request), Object(Closure), 'admin')
#22 C:/Users/Rahmat Eka/Peta-Interaktif/vendor/laravel/framework/src/Illuminate/Foundation/Http/Middleware/VerifyCsrfToken.php(87): Illuminate/Pipeline/Pipeline->Illuminate/Pipeline/{closure}(Object(Illuminate/Http/Request))
#23 C:/Users/Rahmat Eka/Peta-Interaktif/vendor/laravel/framework/src/Illuminate/Pipeline/Pipeline.php(219): Illuminate/Foundation/Http/Middleware/VerifyCsrfToken->handle(Object(Illuminate/Http/Request), Object(Closure))
#24 C:/Users/Rahmat Eka/Peta-Interaktif/vendor/laravel/framework/src/Illuminate/View/Middleware/ShareErrorsFromSession.php(48): Illuminate/Pipeline/Pipeline->Illuminate/Pipeline/{closure}(Object(Illuminate/Http/Request))
#25 C:/Users/Rahmat Eka/Peta-Interaktif/vendor/laravel/framework/src/Illuminate/Pipeline/Pipeline.php(219): Illuminate/View/Middleware/ShareErrorsFromSession->handle(Object(Illuminate/Http/Request), Object(Closure))
#26 C:/Users/Rahmat Eka/Peta-Interaktif/vendor/laravel/framework/src/Illuminate/Session/Middleware/StartSession.php(120): Illuminate/Pipeline/Pipeline->Illuminate/Pipeline/{closure}(Object(Illuminate/Http/Request))
#27 C:/Users/Rahmat Eka/Peta-Interaktif/vendor/laravel/framework/src/Illuminate/Session/Middleware/StartSession.php(63): Illuminate/Session/Middleware/StartSession->handleStatefulRequest(Object(Illuminate/Http/Request), Object(Illuminate/Session/Store), Object(Closure))
#28 C:/Users/Rahmat Eka/Peta-Interaktif/vendor/laravel/framework/src/Illuminate/Pipeline/Pipeline.php(219): Illuminate/Session/Middleware/StartSession->handle(Object(Illuminate/Http/Request), Object(Closure))
#29 C:/Users/Rahmat Eka/Peta-Interaktif/vendor/laravel/framework/src/Illuminate/Cookie/Middleware/AddQueuedCookiesToResponse.php(36): Illuminate/Pipeline/Pipeline->Illuminate/Pipeline/{closure}(Object(Illuminate/Http/Request))
#30 C:/Users/Rahmat Eka/Peta-Interaktif/vendor/laravel/framework/src/Illuminate/Pipeline/Pipeline.php(219): Illuminate/Cookie/Middleware/AddQueuedCookiesToResponse->handle(Object(Illuminate/Http/Request), Object(Closure))
#31 C:/Users/Rahmat Eka/Peta-Interaktif/vendor/laravel/framework/src/Illuminate/Cookie/Middleware/EncryptCookies.php(74): Illuminate/Pipeline/Pipeline->Illuminate/Pipeline/{closure}(Object(Illuminate/Http/Request))
#32 C:/Users/Rahmat Eka/Peta-Interaktif/vendor/laravel/framework/src/Illuminate/Pipeline/Pipeline.php(219): Illuminate/Cookie/Middleware/EncryptCookies->handle(Object(Illuminate/Http/Request), Object(Closure))
#33 C:/Users/Rahmat Eka/Peta-Interaktif/vendor/laravel/framework/src/Illuminate/Pipeline/Pipeline.php(137): Illuminate/Pipeline/Pipeline->Illuminate/Pipeline/{closure}(Object(Illuminate/Http/Request))
#34 C:/Users/Rahmat Eka/Peta-Interaktif/vendor/laravel/framework/src/Illuminate/Routing/Router.php(821): Illuminate/Pipeline/Pipeline->then(Object(Closure))
#35 C:/Users/Rahmat Eka/Peta-Interaktif/vendor/laravel/framework/src/Illuminate/Routing/Router.php(800): Illuminate/Routing/Router->runRouteWithinStack(Object(Illuminate/Routing/Route), Object(Illuminate/Http/Request))
#36 C:/Users/Rahmat Eka/Peta-Interaktif/vendor/laravel/framework/src/Illuminate/Routing/Router.php(764): Illuminate/Routing/Router->runRoute(Object(Illuminate/Http/Request), Object(Illuminate/Routing/Route))
#37 C:/Users/Rahmat Eka/Peta-Interaktif/vendor/laravel/framework/src/Illuminate/Routing/Router.php(753): Illuminate/Routing/Router->dispatchToRoute(Object(Illuminate/Http/Request))
#38 C:/Users/Rahmat Eka/Peta-Interaktif/vendor/laravel/framework/src/Illuminate/Foundation/Http/Kernel.php(200): Illuminate/Routing/Router->dispatch(Object(Illuminate/Http/Request))
#39 C:/Users/Rahmat Eka/Peta-Interaktif/vendor/laravel/framework/src/Illuminate/Pipeline/Pipeline.php(180): Illuminate/Foundation/Http/Kernel->Illuminate/Foundation/Http/{closure}(Object(Illuminate/Http/Request))
#40 C:/Users/Rahmat Eka/Peta-Interaktif/vendor/laravel/framework/src/Illuminate/Foundation/Http/Middleware/TransformsRequest.php(21): Illuminate/Pipeline/Pipeline->Illuminate/Pipeline/{closure}(Object(Illuminate/Http/Request))
#41 C:/Users/Rahmat Eka/Peta-Interaktif/vendor/laravel/framework/src/Illuminate/Foundation/Http/Middleware/ConvertEmptyStringsToNull.php(31): Illuminate/Foundation/Http/Middleware/TransformsRequest->handle(Object(Illuminate/Http/Request), Object(Closure))
#42 C:/Users/Rahmat Eka/Peta-Interaktif/vendor/laravel/framework/src/Illuminate/Pipeline/Pipeline.php(219): Illuminate/Foundation/Http/Middleware/ConvertEmptyStringsToNull->handle(Object(Illuminate/Http/Request), Object(Closure))
#43 C:/Users/Rahmat Eka/Peta-Interaktif/vendor/laravel/framework/src/Illuminate/Foundation/Http/Middleware/TransformsRequest.php(21): Illuminate/Pipeline/Pipeline->Illuminate/Pipeline/{closure}(Object(Illuminate/Http/Request))
#44 C:/Users/Rahmat Eka/Peta-Interaktif/vendor/laravel/framework/src/Illuminate/Foundation/Http/Middleware/TrimStrings.php(51): Illuminate/Foundation/Http/Middleware/TransformsRequest->handle(Object(Illuminate/Http/Request), Object(Closure))
#45 C:/Users/Rahmat Eka/Peta-Interaktif/vendor/laravel/framework/src/Illuminate/Pipeline/Pipeline.php(219): Illuminate/Foundation/Http/Middleware/TrimStrings->handle(Object(Illuminate/Http/Request), Object(Closure))
#46 C:/Users/Rahmat Eka/Peta-Interaktif/vendor/laravel/framework/src/Illuminate/Http/Middleware/ValidatePostSize.php(27): Illuminate/Pipeline/Pipeline->Illuminate/Pipeline/{closure}(Object(Illuminate/Http/Request))
#47 C:/Users/Rahmat Eka/Peta-Interaktif/vendor/laravel/framework/src/Illuminate/Pipeline/Pipeline.php(219): Illuminate/Http/Middleware/ValidatePostSize->handle(Object(Illuminate/Http/Request), Object(Closure))
#48 C:/Users/Rahmat Eka/Peta-Interaktif/vendor/laravel/framework/src/Illuminate/Foundation/Http/Middleware/PreventRequestsDuringMaintenance.php(109): Illuminate/Pipeline/Pipeline->Illuminate/Pipeline/{closure}(Object(Illuminate/Http/Request))
#49 C:/Users/Rahmat Eka/Peta-Interaktif/vendor/laravel/framework/src/Illuminate/Pipeline/Pipeline.php(219): Illuminate/Foundation/Http/Middleware/PreventRequestsDuringMaintenance->handle(Object(Illuminate/Http/Request), Object(Closure))
#50 C:/Users/Rahmat Eka/Peta-Interaktif/vendor/laravel/framework/src/Illuminate/Http/Middleware/HandleCors.php(61): Illuminate/Pipeline/Pipeline->Illuminate/Pipeline/{closure}(Object(Illuminate/Http/Request))
#51 C:/Users/Rahmat Eka/Peta-Interaktif/vendor/laravel/framework/src/Illuminate/Pipeline/Pipeline.php(219): Illuminate/Http/Middleware/HandleCors->handle(Object(Illuminate/Http/Request), Object(Closure))
#52 C:/Users/Rahmat Eka/Peta-Interaktif/vendor/laravel/framework/src/Illuminate/Http/Middleware/TrustProxies.php(58): Illuminate/Pipeline/Pipeline->Illuminate/Pipeline/{closure}(Object(Illuminate/Http/Request))
#53 C:/Users/Rahmat Eka/Peta-Interaktif/vendor/laravel/framework/src/Illuminate/Pipeline/Pipeline.php(219): Illuminate/Http/Middleware/TrustProxies->handle(Object(Illuminate/Http/Request), Object(Closure))
#54 C:/Users/Rahmat Eka/Peta-Interaktif/vendor/laravel/framework/src/Illuminate/Foundation/Http/Middleware/InvokeDeferredCallbacks.php(22): Illuminate/Pipeline/Pipeline->Illuminate/Pipeline/{closure}(Object(Illuminate/Http/Request))
#55 C:/Users/Rahmat Eka/Peta-Interaktif/vendor/laravel/framework/src/Illuminate/Pipeline/Pipeline.php(219): Illuminate/Foundation/Http/Middleware/InvokeDeferredCallbacks->handle(Object(Illuminate/Http/Request), Object(Closure))
#56 C:/Users/Rahmat Eka/Peta-Interaktif/vendor/laravel/framework/src/Illuminate/Http/Middleware/ValidatePathEncoding.php(26): Illuminate/Pipeline/Pipeline->Illuminate/Pipeline/{closure}(Object(Illuminate/Http/Request))
#57 C:/Users/Rahmat Eka/Peta-Interaktif/vendor/laravel/framework/src/Illuminate/Pipeline/Pipeline.php(219): Illuminate/Http/Middleware/ValidatePathEncoding->handle(Object(Illuminate/Http/Request), Object(Closure))
#58 C:/Users/Rahmat Eka/Peta-Interaktif/vendor/laravel/framework/src/Illuminate/Pipeline/Pipeline.php(137): Illuminate/Pipeline/Pipeline->Illuminate/Pipeline/{closure}(Object(Illuminate/Http/Request))
#59 C:/Users/Rahmat Eka/Peta-Interaktif/vendor/laravel/framework/src/Illuminate/Foundation/Http/Kernel.php(175): Illuminate/Pipeline/Pipeline->then(Object(Closure))
#60 C:/Users/Rahmat Eka/Peta-Interaktif/vendor/laravel/framework/src/Illuminate/Foundation/Http/Kernel.php(144): Illuminate/Foundation/Http/Kernel->sendRequestThroughRouter(Object(Illuminate/Http/Request))
#61 C:/Users/Rahmat Eka/Peta-Interaktif/vendor/laravel/framework/src/Illuminate/Foundation/Application.php(1220): Illuminate/Foundation/Http/Kernel->handle(Object(Illuminate/Http/Request))
#62 C:/Users/Rahmat Eka/Peta-Interaktif/public/index.php(18): Illuminate/Foundation/Application->handleRequest(Object(Illuminate/Http/Request))
#63 C:/Users/Rahmat Eka/Peta-Interaktif/vendor/laravel/framework/src/Illuminate/Foundation/resources/server.php(23): require_once('C://Users//Rahmat...')
#64 {main}
"} 
[2026-06-22 13:04:31] laravel.WARNING: Since symfony/http-foundation 7.4: Request::get() is deprecated, use properties ->attributes, query or request directly instead. in C:\Users\Rahmat Eka\Peta-Interaktif\vendor\symfony\deprecation-contracts\function.php on line 25  
[2026-06-23 15:44:11] local.ERROR: SQLSTATE[HY000] [2002] No connection could be made because the target machine actively refused it (Connection: mysql, Host: 127.0.0.1, Port: 3306, Database: irigasisidoarjo, SQL: select * from `sessions` where `id` = al2LtJ9LFMJzlFwihG3ZB6IullItpzle3B53N6A8 limit 1) {"exception":"[object] (Illuminate\\Database\\QueryException(code: 2002): SQLSTATE[HY000] [2002] No connection could be made because the target machine actively refused it (Connection: mysql, Host: 127.0.0.1, Port: 3306, Database: irigasisidoarjo, SQL: select * from `sessions` where `id` = al2LtJ9LFMJzlFwihG3ZB6IullItpzle3B53N6A8 limit 1) at C:/Users/Rahmat Eka/Peta-Interaktif/vendor/laravel/framework/src/Illuminate/Database/Connection.php:838)
[stacktrace]
#0 C:/Users/Rahmat Eka/Peta-Interaktif/vendor/laravel/framework/src/Illuminate/Database/Connection.php(999): Illuminate/Database/Connection->runQueryCallback('select * from `...', Array, Object(Closure))
#1 C:/Users/Rahmat Eka/Peta-Interaktif/vendor/laravel/framework/src/Illuminate/Database/Connection.php(978): Illuminate/Database/Connection->tryAgainIfCausedByLostConnection(Object(Illuminate/Database/QueryException), 'select * from `...', Array, Object(Closure))
#2 C:/Users/Rahmat Eka/Peta-Interaktif/vendor/laravel/framework/src/Illuminate/Database/Connection.php(796): Illuminate/Database/Connection->handleQueryException(Object(Illuminate/Database/QueryException), 'select * from `...', Array, Object(Closure))
#3 C:/Users/Rahmat Eka/Peta-Interaktif/vendor/laravel/framework/src/Illuminate/Database/Connection.php(411): Illuminate/Database/Connection->run('select * from `...', Array, Object(Closure))
#4 C:/Users/Rahmat Eka/Peta-Interaktif/vendor/laravel/framework/src/Illuminate/Database/Query/Builder.php(3505): Illuminate/Database/Connection->select('select * from `...', Array, false)
#5 C:/Users/Rahmat Eka/Peta-Interaktif/vendor/laravel/framework/src/Illuminate/Database/Query/Builder.php(3490): Illuminate/Database/Query/Builder->runSelect()
#6 C:/Users/Rahmat Eka/Peta-Interaktif/vendor/laravel/framework/src/Illuminate/Database/Query/Builder.php(4080): Illuminate/Database/Query/Builder->Illuminate/Database/Query/{closure}()
#7 C:/Users/Rahmat Eka/Peta-Interaktif/vendor/laravel/framework/src/Illuminate/Database/Query/Builder.php(3489): Illuminate/Database/Query/Builder->onceWithColumns(Array, Object(Closure))
#8 C:/Users/Rahmat Eka/Peta-Interaktif/vendor/laravel/framework/src/Illuminate/Database/Concerns/BuildsQueries.php(366): Illuminate/Database/Query/Builder->get(Array)
#9 C:/Users/Rahmat Eka/Peta-Interaktif/vendor/laravel/framework/src/Illuminate/Database/Query/Builder.php(3412): Illuminate/Database/Query/Builder->first(Array)
#10 C:/Users/Rahmat Eka/Peta-Interaktif/vendor/laravel/framework/src/Illuminate/Session/DatabaseSessionHandler.php(96): Illuminate/Database/Query/Builder->find('al2LtJ9LFMJzlFw...')
#11 C:/Users/Rahmat Eka/Peta-Interaktif/vendor/laravel/framework/src/Illuminate/Session/Store.php(128): Illuminate/Session/DatabaseSessionHandler->read('al2LtJ9LFMJzlFw...')
#12 C:/Users/Rahmat Eka/Peta-Interaktif/vendor/laravel/framework/src/Illuminate/Session/Store.php(116): Illuminate/Session/Store->readFromHandler()
#13 C:/Users/Rahmat Eka/Peta-Interaktif/vendor/laravel/framework/src/Illuminate/Session/Store.php(100): Illuminate/Session/Store->loadSession()
#14 C:/Users/Rahmat Eka/Peta-Interaktif/vendor/laravel/framework/src/Illuminate/Session/Middleware/StartSession.php(146): Illuminate/Session/Store->start()
#15 C:/Users/Rahmat Eka/Peta-Interaktif/vendor/laravel/framework/src/Illuminate/Support/helpers.php(393): Illuminate/Session/Middleware/StartSession->Illuminate/Session/Middleware/{closure}(Object(Illuminate/Session/Store))
#16 C:/Users/Rahmat Eka/Peta-Interaktif/vendor/laravel/framework/src/Illuminate/Session/Middleware/StartSession.php(143): tap(Object(Illuminate/Session/Store), Object(Closure))
#17 C:/Users/Rahmat Eka/Peta-Interaktif/vendor/laravel/framework/src/Illuminate/Session/Middleware/StartSession.php(115): Illuminate/Session/Middleware/StartSession->startSession(Object(Illuminate/Http/Request), Object(Illuminate/Session/Store))
#18 C:/Users/Rahmat Eka/Peta-Interaktif/vendor/laravel/framework/src/Illuminate/Session/Middleware/StartSession.php(63): Illuminate/Session/Middleware/StartSession->handleStatefulRequest(Object(Illuminate/Http/Request), Object(Illuminate/Session/Store), Object(Closure))
#19 C:/Users/Rahmat Eka/Peta-Interaktif/vendor/laravel/framework/src/Illuminate/Pipeline/Pipeline.php(219): Illuminate/Session/Middleware/StartSession->handle(Object(Illuminate/Http/Request), Object(Closure))
#20 C:/Users/Rahmat Eka/Peta-Interaktif/vendor/laravel/framework/src/Illuminate/Cookie/Middleware/AddQueuedCookiesToResponse.php(36): Illuminate/Pipeline/Pipeline->Illuminate/Pipeline/{closure}(Object(Illuminate/Http/Request))
#21 C:/Users/Rahmat Eka/Peta-Interaktif/vendor/laravel/framework/src/Illuminate/Pipeline/Pipeline.php(219): Illuminate/Cookie/Middleware/AddQueuedCookiesToResponse->handle(Object(Illuminate/Http/Request), Object(Closure))
#22 C:/Users/Rahmat Eka/Peta-Interaktif/vendor/laravel/framework/src/Illuminate/Cookie/Middleware/EncryptCookies.php(74): Illuminate/Pipeline/Pipeline->Illuminate/Pipeline/{closure}(Object(Illuminate/Http/Request))
#23 C:/Users/Rahmat Eka/Peta-Interaktif/vendor/laravel/framework/src/Illuminate/Pipeline/Pipeline.php(219): Illuminate/Cookie/Middleware/EncryptCookies->handle(Object(Illuminate/Http/Request), Object(Closure))
#24 C:/Users/Rahmat Eka/Peta-Interaktif/vendor/laravel/framework/src/Illuminate/Pipeline/Pipeline.php(137): Illuminate/Pipeline/Pipeline->Illuminate/Pipeline/{closure}(Object(Illuminate/Http/Request))
#25 C:/Users/Rahmat Eka/Peta-Interaktif/vendor/laravel/framework/src/Illuminate/Routing/Router.php(821): Illuminate/Pipeline/Pipeline->then(Object(Closure))
#26 C:/Users/Rahmat Eka/Peta-Interaktif/vendor/laravel/framework/src/Illuminate/Routing/Router.php(800): Illuminate/Routing/Router->runRouteWithinStack(Object(Illuminate/Routing/Route), Object(Illuminate/Http/Request))
#27 C:/Users/Rahmat Eka/Peta-Interaktif/vendor/laravel/framework/src/Illuminate/Routing/Router.php(764): Illuminate/Routing/Router->runRoute(Object(Illuminate/Http/Request), Object(Illuminate/Routing/Route))
#28 C:/Users/Rahmat Eka/Peta-Interaktif/vendor/laravel/framework/src/Illuminate/Routing/Router.php(753): Illuminate/Routing/Router->dispatchToRoute(Object(Illuminate/Http/Request))
#29 C:/Users/Rahmat Eka/Peta-Interaktif/vendor/laravel/framework/src/Illuminate/Foundation/Http/Kernel.php(200): Illuminate/Routing/Router->dispatch(Object(Illuminate/Http/Request))
#30 C:/Users/Rahmat Eka/Peta-Interaktif/vendor/laravel/framework/src/Illuminate/Pipeline/Pipeline.php(180): Illuminate/Foundation/Http/Kernel->Illuminate/Foundation/Http/{closure}(Object(Illuminate/Http/Request))
#31 C:/Users/Rahmat Eka/Peta-Interaktif/vendor/laravel/framework/src/Illuminate/Foundation/Http/Middleware/TransformsRequest.php(21): Illuminate/Pipeline/Pipeline->Illuminate/Pipeline/{closure}(Object(Illuminate/Http/Request))
#32 C:/Users/Rahmat Eka/Peta-Interaktif/vendor/laravel/framework/src/Illuminate/Foundation/Http/Middleware/ConvertEmptyStringsToNull.php(31): Illuminate/Foundation/Http/Middleware/TransformsRequest->handle(Object(Illuminate/Http/Request), Object(Closure))
#33 C:/Users/Rahmat Eka/Peta-Interaktif/vendor/laravel/framework/src/Illuminate/Pipeline/Pipeline.php(219): Illuminate/Foundation/Http/Middleware/ConvertEmptyStringsToNull->handle(Object(Illuminate/Http/Request), Object(Closure))
#34 C:/Users/Rahmat Eka/Peta-Interaktif/vendor/laravel/framework/src/Illuminate/Foundation/Http/Middleware/TransformsRequest.php(21): Illuminate/Pipeline/Pipeline->Illuminate/Pipeline/{closure}(Object(Illuminate/Http/Request))
#35 C:/Users/Rahmat Eka/Peta-Interaktif/vendor/laravel/framework/src/Illuminate/Foundation/Http/Middleware/TrimStrings.php(51): Illuminate/Foundation/Http/Middleware/TransformsRequest->handle(Object(Illuminate/Http/Request), Object(Closure))
#36 C:/Users/Rahmat Eka/Peta-Interaktif/vendor/laravel/framework/src/Illuminate/Pipeline/Pipeline.php(219): Illuminate/Foundation/Http/Middleware/TrimStrings->handle(Object(Illuminate/Http/Request), Object(Closure))
#37 C:/Users/Rahmat Eka/Peta-Interaktif/vendor/laravel/framework/src/Illuminate/Http/Middleware/ValidatePostSize.php(27): Illuminate/Pipeline/Pipeline->Illuminate/Pipeline/{closure}(Object(Illuminate/Http/Request))
#38 C:/Users/Rahmat Eka/Peta-Interaktif/vendor/laravel/framework/src/Illuminate/Pipeline/Pipeline.php(219): Illuminate/Http/Middleware/ValidatePostSize->handle(Object(Illuminate/Http/Request), Object(Closure))
#39 C:/Users/Rahmat Eka/Peta-Interaktif/vendor/laravel/framework/src/Illuminate/Foundation/Http/Middleware/PreventRequestsDuringMaintenance.php(109): Illuminate/Pipeline/Pipeline->Illuminate/Pipeline/{closure}(Object(Illuminate/Http/Request))
#40 C:/Users/Rahmat Eka/Peta-Interaktif/vendor/laravel/framework/src/Illuminate/Pipeline/Pipeline.php(219): Illuminate/Foundation/Http/Middleware/PreventRequestsDuringMaintenance->handle(Object(Illuminate/Http/Request), Object(Closure))
#41 C:/Users/Rahmat Eka/Peta-Interaktif/vendor/laravel/framework/src/Illuminate/Http/Middleware/HandleCors.php(61): Illuminate/Pipeline/Pipeline->Illuminate/Pipeline/{closure}(Object(Illuminate/Http/Request))
#42 C:/Users/Rahmat Eka/Peta-Interaktif/vendor/laravel/framework/src/Illuminate/Pipeline/Pipeline.php(219): Illuminate/Http/Middleware/HandleCors->handle(Object(Illuminate/Http/Request), Object(Closure))
#43 C:/Users/Rahmat Eka/Peta-Interaktif/vendor/laravel/framework/src/Illuminate/Http/Middleware/TrustProxies.php(58): Illuminate/Pipeline/Pipeline->Illuminate/Pipeline/{closure}(Object(Illuminate/Http/Request))
#44 C:/Users/Rahmat Eka/Peta-Interaktif/vendor/laravel/framework/src/Illuminate/Pipeline/Pipeline.php(219): Illuminate/Http/Middleware/TrustProxies->handle(Object(Illuminate/Http/Request), Object(Closure))
#45 C:/Users/Rahmat Eka/Peta-Interaktif/vendor/laravel/framework/src/Illuminate/Foundation/Http/Middleware/InvokeDeferredCallbacks.php(22): Illuminate/Pipeline/Pipeline->Illuminate/Pipeline/{closure}(Object(Illuminate/Http/Request))
#46 C:/Users/Rahmat Eka/Peta-Interaktif/vendor/laravel/framework/src/Illuminate/Pipeline/Pipeline.php(219): Illuminate/Foundation/Http/Middleware/InvokeDeferredCallbacks->handle(Object(Illuminate/Http/Request), Object(Closure))
#47 C:/Users/Rahmat Eka/Peta-Interaktif/vendor/laravel/framework/src/Illuminate/Http/Middleware/ValidatePathEncoding.php(26): Illuminate/Pipeline/Pipeline->Illuminate/Pipeline/{closure}(Object(Illuminate/Http/Request))
#48 C:/Users/Rahmat Eka/Peta-Interaktif/vendor/laravel/framework/src/Illuminate/Pipeline/Pipeline.php(219): Illuminate/Http/Middleware/ValidatePathEncoding->handle(Object(Illuminate/Http/Request), Object(Closure))
#49 C:/Users/Rahmat Eka/Peta-Interaktif/vendor/laravel/framework/src/Illuminate/Pipeline/Pipeline.php(137): Illuminate/Pipeline/Pipeline->Illuminate/Pipeline/{closure}(Object(Illuminate/Http/Request))
#50 C:/Users/Rahmat Eka/Peta-Interaktif/vendor/laravel/framework/src/Illuminate/Foundation/Http/Kernel.php(175): Illuminate/Pipeline/Pipeline->then(Object(Closure))
#51 C:/Users/Rahmat Eka/Peta-Interaktif/vendor/laravel/framework/src/Illuminate/Foundation/Http/Kernel.php(144): Illuminate/Foundation/Http/Kernel->sendRequestThroughRouter(Object(Illuminate/Http/Request))
#52 C:/Users/Rahmat Eka/Peta-Interaktif/vendor/laravel/framework/src/Illuminate/Foundation/Application.php(1220): Illuminate/Foundation/Http/Kernel->handle(Object(Illuminate/Http/Request))
#53 C:/Users/Rahmat Eka/Peta-Interaktif/public/index.php(18): Illuminate/Foundation/Application->handleRequest(Object(Illuminate/Http/Request))
#54 C:/Users/Rahmat Eka/Peta-Interaktif/vendor/laravel/framework/src/Illuminate/Foundation/resources/server.php(23): require_once('C://Users//Rahmat...')
#55 {main}

[previous exception] [object] (PDOException(code: 2002): SQLSTATE[HY000] [2002] No connection could be made because the target machine actively refused it at C:/Users/Rahmat Eka/Peta-Interaktif/vendor/laravel/framework/src/Illuminate/Database/Connectors/Connector.php:66)
[stacktrace]
#0 C:/Users/Rahmat Eka/Peta-Interaktif/vendor/laravel/framework/src/Illuminate/Database/Connectors/Connector.php(66): PDO->__construct('mysql:host=127....', 'root', Object(SensitiveParameterValue), Array)
#1 C:/Users/Rahmat Eka/Peta-Interaktif/vendor/laravel/framework/src/Illuminate/Database/Connectors/Connector.php(85): Illuminate/Database/Connectors/Connector->createPdoConnection('mysql:host=127....', 'root', Object(SensitiveParameterValue), Array)
#2 C:/Users/Rahmat Eka/Peta-Interaktif/vendor/laravel/framework/src/Illuminate/Database/Connectors/Connector.php(48): Illuminate/Database/Connectors/Connector->tryAgainIfCausedByLostConnection(Object(PDOException), 'mysql:host=127....', 'root', Object(SensitiveParameterValue), Array)
#3 C:/Users/Rahmat Eka/Peta-Interaktif/vendor/laravel/framework/src/Illuminate/Database/Connectors/MySqlConnector.php(24): Illuminate/Database/Connectors/Connector->createConnection('mysql:host=127....', Array, Array)
#4 C:/Users/Rahmat Eka/Peta-Interaktif/vendor/laravel/framework/src/Illuminate/Database/Connectors/ConnectionFactory.php(186): Illuminate/Database/Connectors/MySqlConnector->connect(Array)
#5 [internal function]: Illuminate/Database/Connectors/ConnectionFactory->Illuminate/Database/Connectors/{closure}()
#6 C:/Users/Rahmat Eka/Peta-Interaktif/vendor/laravel/framework/src/Illuminate/Database/Connection.php(1257): call_user_func(Object(Closure))
#7 C:/Users/Rahmat Eka/Peta-Interaktif/vendor/laravel/framework/src/Illuminate/Database/Connection.php(525): Illuminate/Database/Connection->getPdo()
#8 C:/Users/Rahmat Eka/Peta-Interaktif/vendor/laravel/framework/src/Illuminate/Database/Connection.php(420): Illuminate/Database/Connection->getPdoForSelect(false)
#9 C:/Users/Rahmat Eka/Peta-Interaktif/vendor/laravel/framework/src/Illuminate/Database/Connection.php(827): Illuminate/Database/Connection->Illuminate/Database/{closure}('select * from `...', Array)
#10 C:/Users/Rahmat Eka/Peta-Interaktif/vendor/laravel/framework/src/Illuminate/Database/Connection.php(999): Illuminate/Database/Connection->runQueryCallback('select * from `...', Array, Object(Closure))
#11 C:/Users/Rahmat Eka/Peta-Interaktif/vendor/laravel/framework/src/Illuminate/Database/Connection.php(978): Illuminate/Database/Connection->tryAgainIfCausedByLostConnection(Object(Illuminate/Database/QueryException), 'select * from `...', Array, Object(Closure))
#12 C:/Users/Rahmat Eka/Peta-Interaktif/vendor/laravel/framework/src/Illuminate/Database/Connection.php(796): Illuminate/Database/Connection->handleQueryException(Object(Illuminate/Database/QueryException), 'select * from `...', Array, Object(Closure))
#13 C:/Users/Rahmat Eka/Peta-Interaktif/vendor/laravel/framework/src/Illuminate/Database/Connection.php(411): Illuminate/Database/Connection->run('select * from `...', Array, Object(Closure))
#14 C:/Users/Rahmat Eka/Peta-Interaktif/vendor/laravel/framework/src/Illuminate/Database/Query/Builder.php(3505): Illuminate/Database/Connection->select('select * from `...', Array, false)
#15 C:/Users/Rahmat Eka/Peta-Interaktif/vendor/laravel/framework/src/Illuminate/Database/Query/Builder.php(3490): Illuminate/Database/Query/Builder->runSelect()
#16 C:/Users/Rahmat Eka/Peta-Interaktif/vendor/laravel/framework/src/Illuminate/Database/Query/Builder.php(4080): Illuminate/Database/Query/Builder->Illuminate/Database/Query/{closure}()
#17 C:/Users/Rahmat Eka/Peta-Interaktif/vendor/laravel/framework/src/Illuminate/Database/Query/Builder.php(3489): Illuminate/Database/Query/Builder->onceWithColumns(Array, Object(Closure))
#18 C:/Users/Rahmat Eka/Peta-Interaktif/vendor/laravel/framework/src/Illuminate/Database/Concerns/BuildsQueries.php(366): Illuminate/Database/Query/Builder->get(Array)
#19 C:/Users/Rahmat Eka/Peta-Interaktif/vendor/laravel/framework/src/Illuminate/Database/Query/Builder.php(3412): Illuminate/Database/Query/Builder->first(Array)
#20 C:/Users/Rahmat Eka/Peta-Interaktif/vendor/laravel/framework/src/Illuminate/Session/DatabaseSessionHandler.php(96): Illuminate/Database/Query/Builder->find('al2LtJ9LFMJzlFw...')
#21 C:/Users/Rahmat Eka/Peta-Interaktif/vendor/laravel/framework/src/Illuminate/Session/Store.php(128): Illuminate/Session/DatabaseSessionHandler->read('al2LtJ9LFMJzlFw...')
#22 C:/Users/Rahmat Eka/Peta-Interaktif/vendor/laravel/framework/src/Illuminate/Session/Store.php(116): Illuminate/Session/Store->readFromHandler()
#23 C:/Users/Rahmat Eka/Peta-Interaktif/vendor/laravel/framework/src/Illuminate/Session/Store.php(100): Illuminate/Session/Store->loadSession()
#24 C:/Users/Rahmat Eka/Peta-Interaktif/vendor/laravel/framework/src/Illuminate/Session/Middleware/StartSession.php(146): Illuminate/Session/Store->start()
#25 C:/Users/Rahmat Eka/Peta-Interaktif/vendor/laravel/framework/src/Illuminate/Support/helpers.php(393): Illuminate/Session/Middleware/StartSession->Illuminate/Session/Middleware/{closure}(Object(Illuminate/Session/Store))
#26 C:/Users/Rahmat Eka/Peta-Interaktif/vendor/laravel/framework/src/Illuminate/Session/Middleware/StartSession.php(143): tap(Object(Illuminate/Session/Store), Object(Closure))
#27 C:/Users/Rahmat Eka/Peta-Interaktif/vendor/laravel/framework/src/Illuminate/Session/Middleware/StartSession.php(115): Illuminate/Session/Middleware/StartSession->startSession(Object(Illuminate/Http/Request), Object(Illuminate/Session/Store))
#28 C:/Users/Rahmat Eka/Peta-Interaktif/vendor/laravel/framework/src/Illuminate/Session/Middleware/StartSession.php(63): Illuminate/Session/Middleware/StartSession->handleStatefulRequest(Object(Illuminate/Http/Request), Object(Illuminate/Session/Store), Object(Closure))
#29 C:/Users/Rahmat Eka/Peta-Interaktif/vendor/laravel/framework/src/Illuminate/Pipeline/Pipeline.php(219): Illuminate/Session/Middleware/StartSession->handle(Object(Illuminate/Http/Request), Object(Closure))
#30 C:/Users/Rahmat Eka/Peta-Interaktif/vendor/laravel/framework/src/Illuminate/Cookie/Middleware/AddQueuedCookiesToResponse.php(36): Illuminate/Pipeline/Pipeline->Illuminate/Pipeline/{closure}(Object(Illuminate/Http/Request))
#31 C:/Users/Rahmat Eka/Peta-Interaktif/vendor/laravel/framework/src/Illuminate/Pipeline/Pipeline.php(219): Illuminate/Cookie/Middleware/AddQueuedCookiesToResponse->handle(Object(Illuminate/Http/Request), Object(Closure))
#32 C:/Users/Rahmat Eka/Peta-Interaktif/vendor/laravel/framework/src/Illuminate/Cookie/Middleware/EncryptCookies.php(74): Illuminate/Pipeline/Pipeline->Illuminate/Pipeline/{closure}(Object(Illuminate/Http/Request))
#33 C:/Users/Rahmat Eka/Peta-Interaktif/vendor/laravel/framework/src/Illuminate/Pipeline/Pipeline.php(219): Illuminate/Cookie/Middleware/EncryptCookies->handle(Object(Illuminate/Http/Request), Object(Closure))
#34 C:/Users/Rahmat Eka/Peta-Interaktif/vendor/laravel/framework/src/Illuminate/Pipeline/Pipeline.php(137): Illuminate/Pipeline/Pipeline->Illuminate/Pipeline/{closure}(Object(Illuminate/Http/Request))
#35 C:/Users/Rahmat Eka/Peta-Interaktif/vendor/laravel/framework/src/Illuminate/Routing/Router.php(821): Illuminate/Pipeline/Pipeline->then(Object(Closure))
#36 C:/Users/Rahmat Eka/Peta-Interaktif/vendor/laravel/framework/src/Illuminate/Routing/Router.php(800): Illuminate/Routing/Router->runRouteWithinStack(Object(Illuminate/Routing/Route), Object(Illuminate/Http/Request))
#37 C:/Users/Rahmat Eka/Peta-Interaktif/vendor/laravel/framework/src/Illuminate/Routing/Router.php(764): Illuminate/Routing/Router->runRoute(Object(Illuminate/Http/Request), Object(Illuminate/Routing/Route))
#38 C:/Users/Rahmat Eka/Peta-Interaktif/vendor/laravel/framework/src/Illuminate/Routing/Router.php(753): Illuminate/Routing/Router->dispatchToRoute(Object(Illuminate/Http/Request))
#39 C:/Users/Rahmat Eka/Peta-Interaktif/vendor/laravel/framework/src/Illuminate/Foundation/Http/Kernel.php(200): Illuminate/Routing/Router->dispatch(Object(Illuminate/Http/Request))
#40 C:/Users/Rahmat Eka/Peta-Interaktif/vendor/laravel/framework/src/Illuminate/Pipeline/Pipeline.php(180): Illuminate/Foundation/Http/Kernel->Illuminate/Foundation/Http/{closure}(Object(Illuminate/Http/Request))
#41 C:/Users/Rahmat Eka/Peta-Interaktif/vendor/laravel/framework/src/Illuminate/Foundation/Http/Middleware/TransformsRequest.php(21): Illuminate/Pipeline/Pipeline->Illuminate/Pipeline/{closure}(Object(Illuminate/Http/Request))
#42 C:/Users/Rahmat Eka/Peta-Interaktif/vendor/laravel/framework/src/Illuminate/Foundation/Http/Middleware/ConvertEmptyStringsToNull.php(31): Illuminate/Foundation/Http/Middleware/TransformsRequest->handle(Object(Illuminate/Http/Request), Object(Closure))
#43 C:/Users/Rahmat Eka/Peta-Interaktif/vendor/laravel/framework/src/Illuminate/Pipeline/Pipeline.php(219): Illuminate/Foundation/Http/Middleware/ConvertEmptyStringsToNull->handle(Object(Illuminate/Http/Request), Object(Closure))
#44 C:/Users/Rahmat Eka/Peta-Interaktif/vendor/laravel/framework/src/Illuminate/Foundation/Http/Middleware/TransformsRequest.php(21): Illuminate/Pipeline/Pipeline->Illuminate/Pipeline/{closure}(Object(Illuminate/Http/Request))
#45 C:/Users/Rahmat Eka/Peta-Interaktif/vendor/laravel/framework/src/Illuminate/Foundation/Http/Middleware/TrimStrings.php(51): Illuminate/Foundation/Http/Middleware/TransformsRequest->handle(Object(Illuminate/Http/Request), Object(Closure))
#46 C:/Users/Rahmat Eka/Peta-Interaktif/vendor/laravel/framework/src/Illuminate/Pipeline/Pipeline.php(219): Illuminate/Foundation/Http/Middleware/TrimStrings->handle(Object(Illuminate/Http/Request), Object(Closure))
#47 C:/Users/Rahmat Eka/Peta-Interaktif/vendor/laravel/framework/src/Illuminate/Http/Middleware/ValidatePostSize.php(27): Illuminate/Pipeline/Pipeline->Illuminate/Pipeline/{closure}(Object(Illuminate/Http/Request))
#48 C:/Users/Rahmat Eka/Peta-Interaktif/vendor/laravel/framework/src/Illuminate/Pipeline/Pipeline.php(219): Illuminate/Http/Middleware/ValidatePostSize->handle(Object(Illuminate/Http/Request), Object(Closure))
#49 C:/Users/Rahmat Eka/Peta-Interaktif/vendor/laravel/framework/src/Illuminate/Foundation/Http/Middleware/PreventRequestsDuringMaintenance.php(109): Illuminate/Pipeline/Pipeline->Illuminate/Pipeline/{closure}(Object(Illuminate/Http/Request))
#50 C:/Users/Rahmat Eka/Peta-Interaktif/vendor/laravel/framework/src/Illuminate/Pipeline/Pipeline.php(219): Illuminate/Foundation/Http/Middleware/PreventRequestsDuringMaintenance->handle(Object(Illuminate/Http/Request), Object(Closure))
#51 C:/Users/Rahmat Eka/Peta-Interaktif/vendor/laravel/framework/src/Illuminate/Http/Middleware/HandleCors.php(61): Illuminate/Pipeline/Pipeline->Illuminate/Pipeline/{closure}(Object(Illuminate/Http/Request))
#52 C:/Users/Rahmat Eka/Peta-Interaktif/vendor/laravel/framework/src/Illuminate/Pipeline/Pipeline.php(219): Illuminate/Http/Middleware/HandleCors->handle(Object(Illuminate/Http/Request), Object(Closure))
#53 C:/Users/Rahmat Eka/Peta-Interaktif/vendor/laravel/framework/src/Illuminate/Http/Middleware/TrustProxies.php(58): Illuminate/Pipeline/Pipeline->Illuminate/Pipeline/{closure}(Object(Illuminate/Http/Request))
#54 C:/Users/Rahmat Eka/Peta-Interaktif/vendor/laravel/framework/src/Illuminate/Pipeline/Pipeline.php(219): Illuminate/Http/Middleware/TrustProxies->handle(Object(Illuminate/Http/Request), Object(Closure))
#55 C:/Users/Rahmat Eka/Peta-Interaktif/vendor/laravel/framework/src/Illuminate/Foundation/Http/Middleware/InvokeDeferredCallbacks.php(22): Illuminate/Pipeline/Pipeline->Illuminate/Pipeline/{closure}(Object(Illuminate/Http/Request))
#56 C:/Users/Rahmat Eka/Peta-Interaktif/vendor/laravel/framework/src/Illuminate/Pipeline/Pipeline.php(219): Illuminate/Foundation/Http/Middleware/InvokeDeferredCallbacks->handle(Object(Illuminate/Http/Request), Object(Closure))
#57 C:/Users/Rahmat Eka/Peta-Interaktif/vendor/laravel/framework/src/Illuminate/Http/Middleware/ValidatePathEncoding.php(26): Illuminate/Pipeline/Pipeline->Illuminate/Pipeline/{closure}(Object(Illuminate/Http/Request))
#58 C:/Users/Rahmat Eka/Peta-Interaktif/vendor/laravel/framework/src/Illuminate/Pipeline/Pipeline.php(219): Illuminate/Http/Middleware/ValidatePathEncoding->handle(Object(Illuminate/Http/Request), Object(Closure))
#59 C:/Users/Rahmat Eka/Peta-Interaktif/vendor/laravel/framework/src/Illuminate/Pipeline/Pipeline.php(137): Illuminate/Pipeline/Pipeline->Illuminate/Pipeline/{closure}(Object(Illuminate/Http/Request))
#60 C:/Users/Rahmat Eka/Peta-Interaktif/vendor/laravel/framework/src/Illuminate/Foundation/Http/Kernel.php(175): Illuminate/Pipeline/Pipeline->then(Object(Closure))
#61 C:/Users/Rahmat Eka/Peta-Interaktif/vendor/laravel/framework/src/Illuminate/Foundation/Http/Kernel.php(144): Illuminate/Foundation/Http/Kernel->sendRequestThroughRouter(Object(Illuminate/Http/Request))
#62 C:/Users/Rahmat Eka/Peta-Interaktif/vendor/laravel/framework/src/Illuminate/Foundation/Application.php(1220): Illuminate/Foundation/Http/Kernel->handle(Object(Illuminate/Http/Request))
#63 C:/Users/Rahmat Eka/Peta-Interaktif/public/index.php(18): Illuminate/Foundation/Application->handleRequest(Object(Illuminate/Http/Request))
#64 C:/Users/Rahmat Eka/Peta-Interaktif/vendor/laravel/framework/src/Illuminate/Foundation/resources/server.php(23): require_once('C://Users//Rahmat...')
#65 {main}
"} 
[2026-06-23 15:44:51] local.ERROR: SQLSTATE[HY000] [2002] No connection could be made because the target machine actively refused it (Connection: mysql, Host: 127.0.0.1, Port: 3306, Database: irigasisidoarjo, SQL: select * from `sessions` where `id` = dCLNvABZjLg2ekozu8rm9ruGvI0zd2KZU3LRoHsS limit 1) {"exception":"[object] (Illuminate\\Database\\QueryException(code: 2002): SQLSTATE[HY000] [2002] No connection could be made because the target machine actively refused it (Connection: mysql, Host: 127.0.0.1, Port: 3306, Database: irigasisidoarjo, SQL: select * from `sessions` where `id` = dCLNvABZjLg2ekozu8rm9ruGvI0zd2KZU3LRoHsS limit 1) at C:/Users/Rahmat Eka/Peta-Interaktif/vendor/laravel/framework/src/Illuminate/Database/Connection.php:838)
[stacktrace]
#0 C:/Users/Rahmat Eka/Peta-Interaktif/vendor/laravel/framework/src/Illuminate/Database/Connection.php(999): Illuminate/Database/Connection->runQueryCallback('select * from `...', Array, Object(Closure))
#1 C:/Users/Rahmat Eka/Peta-Interaktif/vendor/laravel/framework/src/Illuminate/Database/Connection.php(978): Illuminate/Database/Connection->tryAgainIfCausedByLostConnection(Object(Illuminate/Database/QueryException), 'select * from `...', Array, Object(Closure))
#2 C:/Users/Rahmat Eka/Peta-Interaktif/vendor/laravel/framework/src/Illuminate/Database/Connection.php(796): Illuminate/Database/Connection->handleQueryException(Object(Illuminate/Database/QueryException), 'select * from `...', Array, Object(Closure))
#3 C:/Users/Rahmat Eka/Peta-Interaktif/vendor/laravel/framework/src/Illuminate/Database/Connection.php(411): Illuminate/Database/Connection->run('select * from `...', Array, Object(Closure))
#4 C:/Users/Rahmat Eka/Peta-Interaktif/vendor/laravel/framework/src/Illuminate/Database/Query/Builder.php(3505): Illuminate/Database/Connection->select('select * from `...', Array, false)
#5 C:/Users/Rahmat Eka/Peta-Interaktif/vendor/laravel/framework/src/Illuminate/Database/Query/Builder.php(3490): Illuminate/Database/Query/Builder->runSelect()
#6 C:/Users/Rahmat Eka/Peta-Interaktif/vendor/laravel/framework/src/Illuminate/Database/Query/Builder.php(4080): Illuminate/Database/Query/Builder->Illuminate/Database/Query/{closure}()
#7 C:/Users/Rahmat Eka/Peta-Interaktif/vendor/laravel/framework/src/Illuminate/Database/Query/Builder.php(3489): Illuminate/Database/Query/Builder->onceWithColumns(Array, Object(Closure))
#8 C:/Users/Rahmat Eka/Peta-Interaktif/vendor/laravel/framework/src/Illuminate/Database/Concerns/BuildsQueries.php(366): Illuminate/Database/Query/Builder->get(Array)
#9 C:/Users/Rahmat Eka/Peta-Interaktif/vendor/laravel/framework/src/Illuminate/Database/Query/Builder.php(3412): Illuminate/Database/Query/Builder->first(Array)
#10 C:/Users/Rahmat Eka/Peta-Interaktif/vendor/laravel/framework/src/Illuminate/Session/DatabaseSessionHandler.php(96): Illuminate/Database/Query/Builder->find('dCLNvABZjLg2eko...')
#11 C:/Users/Rahmat Eka/Peta-Interaktif/vendor/laravel/framework/src/Illuminate/Session/Store.php(128): Illuminate/Session/DatabaseSessionHandler->read('dCLNvABZjLg2eko...')
#12 C:/Users/Rahmat Eka/Peta-Interaktif/vendor/laravel/framework/src/Illuminate/Session/Store.php(116): Illuminate/Session/Store->readFromHandler()
#13 C:/Users/Rahmat Eka/Peta-Interaktif/vendor/laravel/framework/src/Illuminate/Session/Store.php(100): Illuminate/Session/Store->loadSession()
#14 C:/Users/Rahmat Eka/Peta-Interaktif/vendor/laravel/framework/src/Illuminate/Session/Middleware/StartSession.php(146): Illuminate/Session/Store->start()
#15 C:/Users/Rahmat Eka/Peta-Interaktif/vendor/laravel/framework/src/Illuminate/Support/helpers.php(393): Illuminate/Session/Middleware/StartSession->Illuminate/Session/Middleware/{closure}(Object(Illuminate/Session/Store))
#16 C:/Users/Rahmat Eka/Peta-Interaktif/vendor/laravel/framework/src/Illuminate/Session/Middleware/StartSession.php(143): tap(Object(Illuminate/Session/Store), Object(Closure))
#17 C:/Users/Rahmat Eka/Peta-Interaktif/vendor/laravel/framework/src/Illuminate/Session/Middleware/StartSession.php(115): Illuminate/Session/Middleware/StartSession->startSession(Object(Illuminate/Http/Request), Object(Illuminate/Session/Store))
#18 C:/Users/Rahmat Eka/Peta-Interaktif/vendor/laravel/framework/src/Illuminate/Session/Middleware/StartSession.php(63): Illuminate/Session/Middleware/StartSession->handleStatefulRequest(Object(Illuminate/Http/Request), Object(Illuminate/Session/Store), Object(Closure))
#19 C:/Users/Rahmat Eka/Peta-Interaktif/vendor/laravel/framework/src/Illuminate/Pipeline/Pipeline.php(219): Illuminate/Session/Middleware/StartSession->handle(Object(Illuminate/Http/Request), Object(Closure))
#20 C:/Users/Rahmat Eka/Peta-Interaktif/vendor/laravel/framework/src/Illuminate/Cookie/Middleware/AddQueuedCookiesToResponse.php(36): Illuminate/Pipeline/Pipeline->Illuminate/Pipeline/{closure}(Object(Illuminate/Http/Request))
#21 C:/Users/Rahmat Eka/Peta-Interaktif/vendor/laravel/framework/src/Illuminate/Pipeline/Pipeline.php(219): Illuminate/Cookie/Middleware/AddQueuedCookiesToResponse->handle(Object(Illuminate/Http/Request), Object(Closure))
#22 C:/Users/Rahmat Eka/Peta-Interaktif/vendor/laravel/framework/src/Illuminate/Cookie/Middleware/EncryptCookies.php(74): Illuminate/Pipeline/Pipeline->Illuminate/Pipeline/{closure}(Object(Illuminate/Http/Request))
#23 C:/Users/Rahmat Eka/Peta-Interaktif/vendor/laravel/framework/src/Illuminate/Pipeline/Pipeline.php(219): Illuminate/Cookie/Middleware/EncryptCookies->handle(Object(Illuminate/Http/Request), Object(Closure))
#24 C:/Users/Rahmat Eka/Peta-Interaktif/vendor/laravel/framework/src/Illuminate/Pipeline/Pipeline.php(137): Illuminate/Pipeline/Pipeline->Illuminate/Pipeline/{closure}(Object(Illuminate/Http/Request))
#25 C:/Users/Rahmat Eka/Peta-Interaktif/vendor/laravel/framework/src/Illuminate/Routing/Router.php(821): Illuminate/Pipeline/Pipeline->then(Object(Closure))
#26 C:/Users/Rahmat Eka/Peta-Interaktif/vendor/laravel/framework/src/Illuminate/Routing/Router.php(800): Illuminate/Routing/Router->runRouteWithinStack(Object(Illuminate/Routing/Route), Object(Illuminate/Http/Request))
#27 C:/Users/Rahmat Eka/Peta-Interaktif/vendor/laravel/framework/src/Illuminate/Routing/Router.php(764): Illuminate/Routing/Router->runRoute(Object(Illuminate/Http/Request), Object(Illuminate/Routing/Route))
#28 C:/Users/Rahmat Eka/Peta-Interaktif/vendor/laravel/framework/src/Illuminate/Routing/Router.php(753): Illuminate/Routing/Router->dispatchToRoute(Object(Illuminate/Http/Request))
#29 C:/Users/Rahmat Eka/Peta-Interaktif/vendor/laravel/framework/src/Illuminate/Foundation/Http/Kernel.php(200): Illuminate/Routing/Router->dispatch(Object(Illuminate/Http/Request))
#30 C:/Users/Rahmat Eka/Peta-Interaktif/vendor/laravel/framework/src/Illuminate/Pipeline/Pipeline.php(180): Illuminate/Foundation/Http/Kernel->Illuminate/Foundation/Http/{closure}(Object(Illuminate/Http/Request))
#31 C:/Users/Rahmat Eka/Peta-Interaktif/vendor/laravel/framework/src/Illuminate/Foundation/Http/Middleware/TransformsRequest.php(21): Illuminate/Pipeline/Pipeline->Illuminate/Pipeline/{closure}(Object(Illuminate/Http/Request))
#32 C:/Users/Rahmat Eka/Peta-Interaktif/vendor/laravel/framework/src/Illuminate/Foundation/Http/Middleware/ConvertEmptyStringsToNull.php(31): Illuminate/Foundation/Http/Middleware/TransformsRequest->handle(Object(Illuminate/Http/Request), Object(Closure))
#33 C:/Users/Rahmat Eka/Peta-Interaktif/vendor/laravel/framework/src/Illuminate/Pipeline/Pipeline.php(219): Illuminate/Foundation/Http/Middleware/ConvertEmptyStringsToNull->handle(Object(Illuminate/Http/Request), Object(Closure))
#34 C:/Users/Rahmat Eka/Peta-Interaktif/vendor/laravel/framework/src/Illuminate/Foundation/Http/Middleware/TransformsRequest.php(21): Illuminate/Pipeline/Pipeline->Illuminate/Pipeline/{closure}(Object(Illuminate/Http/Request))
#35 C:/Users/Rahmat Eka/Peta-Interaktif/vendor/laravel/framework/src/Illuminate/Foundation/Http/Middleware/TrimStrings.php(51): Illuminate/Foundation/Http/Middleware/TransformsRequest->handle(Object(Illuminate/Http/Request), Object(Closure))
#36 C:/Users/Rahmat Eka/Peta-Interaktif/vendor/laravel/framework/src/Illuminate/Pipeline/Pipeline.php(219): Illuminate/Foundation/Http/Middleware/TrimStrings->handle(Object(Illuminate/Http/Request), Object(Closure))
#37 C:/Users/Rahmat Eka/Peta-Interaktif/vendor/laravel/framework/src/Illuminate/Http/Middleware/ValidatePostSize.php(27): Illuminate/Pipeline/Pipeline->Illuminate/Pipeline/{closure}(Object(Illuminate/Http/Request))
#38 C:/Users/Rahmat Eka/Peta-Interaktif/vendor/laravel/framework/src/Illuminate/Pipeline/Pipeline.php(219): Illuminate/Http/Middleware/ValidatePostSize->handle(Object(Illuminate/Http/Request), Object(Closure))
#39 C:/Users/Rahmat Eka/Peta-Interaktif/vendor/laravel/framework/src/Illuminate/Foundation/Http/Middleware/PreventRequestsDuringMaintenance.php(109): Illuminate/Pipeline/Pipeline->Illuminate/Pipeline/{closure}(Object(Illuminate/Http/Request))
#40 C:/Users/Rahmat Eka/Peta-Interaktif/vendor/laravel/framework/src/Illuminate/Pipeline/Pipeline.php(219): Illuminate/Foundation/Http/Middleware/PreventRequestsDuringMaintenance->handle(Object(Illuminate/Http/Request), Object(Closure))
#41 C:/Users/Rahmat Eka/Peta-Interaktif/vendor/laravel/framework/src/Illuminate/Http/Middleware/HandleCors.php(61): Illuminate/Pipeline/Pipeline->Illuminate/Pipeline/{closure}(Object(Illuminate/Http/Request))
#42 C:/Users/Rahmat Eka/Peta-Interaktif/vendor/laravel/framework/src/Illuminate/Pipeline/Pipeline.php(219): Illuminate/Http/Middleware/HandleCors->handle(Object(Illuminate/Http/Request), Object(Closure))
#43 C:/Users/Rahmat Eka/Peta-Interaktif/vendor/laravel/framework/src/Illuminate/Http/Middleware/TrustProxies.php(58): Illuminate/Pipeline/Pipeline->Illuminate/Pipeline/{closure}(Object(Illuminate/Http/Request))
#44 C:/Users/Rahmat Eka/Peta-Interaktif/vendor/laravel/framework/src/Illuminate/Pipeline/Pipeline.php(219): Illuminate/Http/Middleware/TrustProxies->handle(Object(Illuminate/Http/Request), Object(Closure))
#45 C:/Users/Rahmat Eka/Peta-Interaktif/vendor/laravel/framework/src/Illuminate/Foundation/Http/Middleware/InvokeDeferredCallbacks.php(22): Illuminate/Pipeline/Pipeline->Illuminate/Pipeline/{closure}(Object(Illuminate/Http/Request))
#46 C:/Users/Rahmat Eka/Peta-Interaktif/vendor/laravel/framework/src/Illuminate/Pipeline/Pipeline.php(219): Illuminate/Foundation/Http/Middleware/InvokeDeferredCallbacks->handle(Object(Illuminate/Http/Request), Object(Closure))
#47 C:/Users/Rahmat Eka/Peta-Interaktif/vendor/laravel/framework/src/Illuminate/Http/Middleware/ValidatePathEncoding.php(26): Illuminate/Pipeline/Pipeline->Illuminate/Pipeline/{closure}(Object(Illuminate/Http/Request))
#48 C:/Users/Rahmat Eka/Peta-Interaktif/vendor/laravel/framework/src/Illuminate/Pipeline/Pipeline.php(219): Illuminate/Http/Middleware/ValidatePathEncoding->handle(Object(Illuminate/Http/Request), Object(Closure))
#49 C:/Users/Rahmat Eka/Peta-Interaktif/vendor/laravel/framework/src/Illuminate/Pipeline/Pipeline.php(137): Illuminate/Pipeline/Pipeline->Illuminate/Pipeline/{closure}(Object(Illuminate/Http/Request))
#50 C:/Users/Rahmat Eka/Peta-Interaktif/vendor/laravel/framework/src/Illuminate/Foundation/Http/Kernel.php(175): Illuminate/Pipeline/Pipeline->then(Object(Closure))
#51 C:/Users/Rahmat Eka/Peta-Interaktif/vendor/laravel/framework/src/Illuminate/Foundation/Http/Kernel.php(144): Illuminate/Foundation/Http/Kernel->sendRequestThroughRouter(Object(Illuminate/Http/Request))
#52 C:/Users/Rahmat Eka/Peta-Interaktif/vendor/laravel/framework/src/Illuminate/Foundation/Application.php(1220): Illuminate/Foundation/Http/Kernel->handle(Object(Illuminate/Http/Request))
#53 C:/Users/Rahmat Eka/Peta-Interaktif/public/index.php(18): Illuminate/Foundation/Application->handleRequest(Object(Illuminate/Http/Request))
#54 C:/Users/Rahmat Eka/Peta-Interaktif/vendor/laravel/framework/src/Illuminate/Foundation/resources/server.php(23): require_once('C://Users//Rahmat...')
#55 {main}

[previous exception] [object] (PDOException(code: 2002): SQLSTATE[HY000] [2002] No connection could be made because the target machine actively refused it at C:/Users/Rahmat Eka/Peta-Interaktif/vendor/laravel/framework/src/Illuminate/Database/Connectors/Connector.php:66)
[stacktrace]
#0 C:/Users/Rahmat Eka/Peta-Interaktif/vendor/laravel/framework/src/Illuminate/Database/Connectors/Connector.php(66): PDO->__construct('mysql:host=127....', 'root', Object(SensitiveParameterValue), Array)
#1 C:/Users/Rahmat Eka/Peta-Interaktif/vendor/laravel/framework/src/Illuminate/Database/Connectors/Connector.php(85): Illuminate/Database/Connectors/Connector->createPdoConnection('mysql:host=127....', 'root', Object(SensitiveParameterValue), Array)
#2 C:/Users/Rahmat Eka/Peta-Interaktif/vendor/laravel/framework/src/Illuminate/Database/Connectors/Connector.php(48): Illuminate/Database/Connectors/Connector->tryAgainIfCausedByLostConnection(Object(PDOException), 'mysql:host=127....', 'root', Object(SensitiveParameterValue), Array)
#3 C:/Users/Rahmat Eka/Peta-Interaktif/vendor/laravel/framework/src/Illuminate/Database/Connectors/MySqlConnector.php(24): Illuminate/Database/Connectors/Connector->createConnection('mysql:host=127....', Array, Array)
#4 C:/Users/Rahmat Eka/Peta-Interaktif/vendor/laravel/framework/src/Illuminate/Database/Connectors/ConnectionFactory.php(186): Illuminate/Database/Connectors/MySqlConnector->connect(Array)
#5 [internal function]: Illuminate/Database/Connectors/ConnectionFactory->Illuminate/Database/Connectors/{closure}()
#6 C:/Users/Rahmat Eka/Peta-Interaktif/vendor/laravel/framework/src/Illuminate/Database/Connection.php(1257): call_user_func(Object(Closure))
#7 C:/Users/Rahmat Eka/Peta-Interaktif/vendor/laravel/framework/src/Illuminate/Database/Connection.php(525): Illuminate/Database/Connection->getPdo()
#8 C:/Users/Rahmat Eka/Peta-Interaktif/vendor/laravel/framework/src/Illuminate/Database/Connection.php(420): Illuminate/Database/Connection->getPdoForSelect(false)
#9 C:/Users/Rahmat Eka/Peta-Interaktif/vendor/laravel/framework/src/Illuminate/Database/Connection.php(827): Illuminate/Database/Connection->Illuminate/Database/{closure}('select * from `...', Array)
#10 C:/Users/Rahmat Eka/Peta-Interaktif/vendor/laravel/framework/src/Illuminate/Database/Connection.php(999): Illuminate/Database/Connection->runQueryCallback('select * from `...', Array, Object(Closure))
#11 C:/Users/Rahmat Eka/Peta-Interaktif/vendor/laravel/framework/src/Illuminate/Database/Connection.php(978): Illuminate/Database/Connection->tryAgainIfCausedByLostConnection(Object(Illuminate/Database/QueryException), 'select * from `...', Array, Object(Closure))
#12 C:/Users/Rahmat Eka/Peta-Interaktif/vendor/laravel/framework/src/Illuminate/Database/Connection.php(796): Illuminate/Database/Connection->handleQueryException(Object(Illuminate/Database/QueryException), 'select * from `...', Array, Object(Closure))
#13 C:/Users/Rahmat Eka/Peta-Interaktif/vendor/laravel/framework/src/Illuminate/Database/Connection.php(411): Illuminate/Database/Connection->run('select * from `...', Array, Object(Closure))
#14 C:/Users/Rahmat Eka/Peta-Interaktif/vendor/laravel/framework/src/Illuminate/Database/Query/Builder.php(3505): Illuminate/Database/Connection->select('select * from `...', Array, false)
#15 C:/Users/Rahmat Eka/Peta-Interaktif/vendor/laravel/framework/src/Illuminate/Database/Query/Builder.php(3490): Illuminate/Database/Query/Builder->runSelect()
#16 C:/Users/Rahmat Eka/Peta-Interaktif/vendor/laravel/framework/src/Illuminate/Database/Query/Builder.php(4080): Illuminate/Database/Query/Builder->Illuminate/Database/Query/{closure}()
#17 C:/Users/Rahmat Eka/Peta-Interaktif/vendor/laravel/framework/src/Illuminate/Database/Query/Builder.php(3489): Illuminate/Database/Query/Builder->onceWithColumns(Array, Object(Closure))
#18 C:/Users/Rahmat Eka/Peta-Interaktif/vendor/laravel/framework/src/Illuminate/Database/Concerns/BuildsQueries.php(366): Illuminate/Database/Query/Builder->get(Array)
#19 C:/Users/Rahmat Eka/Peta-Interaktif/vendor/laravel/framework/src/Illuminate/Database/Query/Builder.php(3412): Illuminate/Database/Query/Builder->first(Array)
#20 C:/Users/Rahmat Eka/Peta-Interaktif/vendor/laravel/framework/src/Illuminate/Session/DatabaseSessionHandler.php(96): Illuminate/Database/Query/Builder->find('dCLNvABZjLg2eko...')
#21 C:/Users/Rahmat Eka/Peta-Interaktif/vendor/laravel/framework/src/Illuminate/Session/Store.php(128): Illuminate/Session/DatabaseSessionHandler->read('dCLNvABZjLg2eko...')
#22 C:/Users/Rahmat Eka/Peta-Interaktif/vendor/laravel/framework/src/Illuminate/Session/Store.php(116): Illuminate/Session/Store->readFromHandler()
#23 C:/Users/Rahmat Eka/Peta-Interaktif/vendor/laravel/framework/src/Illuminate/Session/Store.php(100): Illuminate/Session/Store->loadSession()
#24 C:/Users/Rahmat Eka/Peta-Interaktif/vendor/laravel/framework/src/Illuminate/Session/Middleware/StartSession.php(146): Illuminate/Session/Store->start()
#25 C:/Users/Rahmat Eka/Peta-Interaktif/vendor/laravel/framework/src/Illuminate/Support/helpers.php(393): Illuminate/Session/Middleware/StartSession->Illuminate/Session/Middleware/{closure}(Object(Illuminate/Session/Store))
#26 C:/Users/Rahmat Eka/Peta-Interaktif/vendor/laravel/framework/src/Illuminate/Session/Middleware/StartSession.php(143): tap(Object(Illuminate/Session/Store), Object(Closure))
#27 C:/Users/Rahmat Eka/Peta-Interaktif/vendor/laravel/framework/src/Illuminate/Session/Middleware/StartSession.php(115): Illuminate/Session/Middleware/StartSession->startSession(Object(Illuminate/Http/Request), Object(Illuminate/Session/Store))
#28 C:/Users/Rahmat Eka/Peta-Interaktif/vendor/laravel/framework/src/Illuminate/Session/Middleware/StartSession.php(63): Illuminate/Session/Middleware/StartSession->handleStatefulRequest(Object(Illuminate/Http/Request), Object(Illuminate/Session/Store), Object(Closure))
#29 C:/Users/Rahmat Eka/Peta-Interaktif/vendor/laravel/framework/src/Illuminate/Pipeline/Pipeline.php(219): Illuminate/Session/Middleware/StartSession->handle(Object(Illuminate/Http/Request), Object(Closure))
#30 C:/Users/Rahmat Eka/Peta-Interaktif/vendor/laravel/framework/src/Illuminate/Cookie/Middleware/AddQueuedCookiesToResponse.php(36): Illuminate/Pipeline/Pipeline->Illuminate/Pipeline/{closure}(Object(Illuminate/Http/Request))
#31 C:/Users/Rahmat Eka/Peta-Interaktif/vendor/laravel/framework/src/Illuminate/Pipeline/Pipeline.php(219): Illuminate/Cookie/Middleware/AddQueuedCookiesToResponse->handle(Object(Illuminate/Http/Request), Object(Closure))
#32 C:/Users/Rahmat Eka/Peta-Interaktif/vendor/laravel/framework/src/Illuminate/Cookie/Middleware/EncryptCookies.php(74): Illuminate/Pipeline/Pipeline->Illuminate/Pipeline/{closure}(Object(Illuminate/Http/Request))
#33 C:/Users/Rahmat Eka/Peta-Interaktif/vendor/laravel/framework/src/Illuminate/Pipeline/Pipeline.php(219): Illuminate/Cookie/Middleware/EncryptCookies->handle(Object(Illuminate/Http/Request), Object(Closure))
#34 C:/Users/Rahmat Eka/Peta-Interaktif/vendor/laravel/framework/src/Illuminate/Pipeline/Pipeline.php(137): Illuminate/Pipeline/Pipeline->Illuminate/Pipeline/{closure}(Object(Illuminate/Http/Request))
#35 C:/Users/Rahmat Eka/Peta-Interaktif/vendor/laravel/framework/src/Illuminate/Routing/Router.php(821): Illuminate/Pipeline/Pipeline->then(Object(Closure))
#36 C:/Users/Rahmat Eka/Peta-Interaktif/vendor/laravel/framework/src/Illuminate/Routing/Router.php(800): Illuminate/Routing/Router->runRouteWithinStack(Object(Illuminate/Routing/Route), Object(Illuminate/Http/Request))
#37 C:/Users/Rahmat Eka/Peta-Interaktif/vendor/laravel/framework/src/Illuminate/Routing/Router.php(764): Illuminate/Routing/Router->runRoute(Object(Illuminate/Http/Request), Object(Illuminate/Routing/Route))
#38 C:/Users/Rahmat Eka/Peta-Interaktif/vendor/laravel/framework/src/Illuminate/Routing/Router.php(753): Illuminate/Routing/Router->dispatchToRoute(Object(Illuminate/Http/Request))
#39 C:/Users/Rahmat Eka/Peta-Interaktif/vendor/laravel/framework/src/Illuminate/Foundation/Http/Kernel.php(200): Illuminate/Routing/Router->dispatch(Object(Illuminate/Http/Request))
#40 C:/Users/Rahmat Eka/Peta-Interaktif/vendor/laravel/framework/src/Illuminate/Pipeline/Pipeline.php(180): Illuminate/Foundation/Http/Kernel->Illuminate/Foundation/Http/{closure}(Object(Illuminate/Http/Request))
#41 C:/Users/Rahmat Eka/Peta-Interaktif/vendor/laravel/framework/src/Illuminate/Foundation/Http/Middleware/TransformsRequest.php(21): Illuminate/Pipeline/Pipeline->Illuminate/Pipeline/{closure}(Object(Illuminate/Http/Request))
#42 C:/Users/Rahmat Eka/Peta-Interaktif/vendor/laravel/framework/src/Illuminate/Foundation/Http/Middleware/ConvertEmptyStringsToNull.php(31): Illuminate/Foundation/Http/Middleware/TransformsRequest->handle(Object(Illuminate/Http/Request), Object(Closure))
#43 C:/Users/Rahmat Eka/Peta-Interaktif/vendor/laravel/framework/src/Illuminate/Pipeline/Pipeline.php(219): Illuminate/Foundation/Http/Middleware/ConvertEmptyStringsToNull->handle(Object(Illuminate/Http/Request), Object(Closure))
#44 C:/Users/Rahmat Eka/Peta-Interaktif/vendor/laravel/framework/src/Illuminate/Foundation/Http/Middleware/TransformsRequest.php(21): Illuminate/Pipeline/Pipeline->Illuminate/Pipeline/{closure}(Object(Illuminate/Http/Request))
#45 C:/Users/Rahmat Eka/Peta-Interaktif/vendor/laravel/framework/src/Illuminate/Foundation/Http/Middleware/TrimStrings.php(51): Illuminate/Foundation/Http/Middleware/TransformsRequest->handle(Object(Illuminate/Http/Request), Object(Closure))
#46 C:/Users/Rahmat Eka/Peta-Interaktif/vendor/laravel/framework/src/Illuminate/Pipeline/Pipeline.php(219): Illuminate/Foundation/Http/Middleware/TrimStrings->handle(Object(Illuminate/Http/Request), Object(Closure))
#47 C:/Users/Rahmat Eka/Peta-Interaktif/vendor/laravel/framework/src/Illuminate/Http/Middleware/ValidatePostSize.php(27): Illuminate/Pipeline/Pipeline->Illuminate/Pipeline/{closure}(Object(Illuminate/Http/Request))
#48 C:/Users/Rahmat Eka/Peta-Interaktif/vendor/laravel/framework/src/Illuminate/Pipeline/Pipeline.php(219): Illuminate/Http/Middleware/ValidatePostSize->handle(Object(Illuminate/Http/Request), Object(Closure))
#49 C:/Users/Rahmat Eka/Peta-Interaktif/vendor/laravel/framework/src/Illuminate/Foundation/Http/Middleware/PreventRequestsDuringMaintenance.php(109): Illuminate/Pipeline/Pipeline->Illuminate/Pipeline/{closure}(Object(Illuminate/Http/Request))
#50 C:/Users/Rahmat Eka/Peta-Interaktif/vendor/laravel/framework/src/Illuminate/Pipeline/Pipeline.php(219): Illuminate/Foundation/Http/Middleware/PreventRequestsDuringMaintenance->handle(Object(Illuminate/Http/Request), Object(Closure))
#51 C:/Users/Rahmat Eka/Peta-Interaktif/vendor/laravel/framework/src/Illuminate/Http/Middleware/HandleCors.php(61): Illuminate/Pipeline/Pipeline->Illuminate/Pipeline/{closure}(Object(Illuminate/Http/Request))
#52 C:/Users/Rahmat Eka/Peta-Interaktif/vendor/laravel/framework/src/Illuminate/Pipeline/Pipeline.php(219): Illuminate/Http/Middleware/HandleCors->handle(Object(Illuminate/Http/Request), Object(Closure))
#53 C:/Users/Rahmat Eka/Peta-Interaktif/vendor/laravel/framework/src/Illuminate/Http/Middleware/TrustProxies.php(58): Illuminate/Pipeline/Pipeline->Illuminate/Pipeline/{closure}(Object(Illuminate/Http/Request))
#54 C:/Users/Rahmat Eka/Peta-Interaktif/vendor/laravel/framework/src/Illuminate/Pipeline/Pipeline.php(219): Illuminate/Http/Middleware/TrustProxies->handle(Object(Illuminate/Http/Request), Object(Closure))
#55 C:/Users/Rahmat Eka/Peta-Interaktif/vendor/laravel/framework/src/Illuminate/Foundation/Http/Middleware/InvokeDeferredCallbacks.php(22): Illuminate/Pipeline/Pipeline->Illuminate/Pipeline/{closure}(Object(Illuminate/Http/Request))
#56 C:/Users/Rahmat Eka/Peta-Interaktif/vendor/laravel/framework/src/Illuminate/Pipeline/Pipeline.php(219): Illuminate/Foundation/Http/Middleware/InvokeDeferredCallbacks->handle(Object(Illuminate/Http/Request), Object(Closure))
#57 C:/Users/Rahmat Eka/Peta-Interaktif/vendor/laravel/framework/src/Illuminate/Http/Middleware/ValidatePathEncoding.php(26): Illuminate/Pipeline/Pipeline->Illuminate/Pipeline/{closure}(Object(Illuminate/Http/Request))
#58 C:/Users/Rahmat Eka/Peta-Interaktif/vendor/laravel/framework/src/Illuminate/Pipeline/Pipeline.php(219): Illuminate/Http/Middleware/ValidatePathEncoding->handle(Object(Illuminate/Http/Request), Object(Closure))
#59 C:/Users/Rahmat Eka/Peta-Interaktif/vendor/laravel/framework/src/Illuminate/Pipeline/Pipeline.php(137): Illuminate/Pipeline/Pipeline->Illuminate/Pipeline/{closure}(Object(Illuminate/Http/Request))
#60 C:/Users/Rahmat Eka/Peta-Interaktif/vendor/laravel/framework/src/Illuminate/Foundation/Http/Kernel.php(175): Illuminate/Pipeline/Pipeline->then(Object(Closure))
#61 C:/Users/Rahmat Eka/Peta-Interaktif/vendor/laravel/framework/src/Illuminate/Foundation/Http/Kernel.php(144): Illuminate/Foundation/Http/Kernel->sendRequestThroughRouter(Object(Illuminate/Http/Request))
#62 C:/Users/Rahmat Eka/Peta-Interaktif/vendor/laravel/framework/src/Illuminate/Foundation/Application.php(1220): Illuminate/Foundation/Http/Kernel->handle(Object(Illuminate/Http/Request))
#63 C:/Users/Rahmat Eka/Peta-Interaktif/public/index.php(18): Illuminate/Foundation/Application->handleRequest(Object(Illuminate/Http/Request))
#64 C:/Users/Rahmat Eka/Peta-Interaktif/vendor/laravel/framework/src/Illuminate/Foundation/resources/server.php(23): require_once('C://Users//Rahmat...')
#65 {main}
"} 
[2026-06-23 15:45:00] local.ERROR: SQLSTATE[HY000] [2002] No connection could be made because the target machine actively refused it (Connection: mysql, Host: 127.0.0.1, Port: 3306, Database: irigasisidoarjo, SQL: select * from `sessions` where `id` = JaTeGyJtQwXblVvVxFVVKdcyAFXhZH83YAJc6CKD limit 1) {"exception":"[object] (Illuminate\\Database\\QueryException(code: 2002): SQLSTATE[HY000] [2002] No connection could be made because the target machine actively refused it (Connection: mysql, Host: 127.0.0.1, Port: 3306, Database: irigasisidoarjo, SQL: select * from `sessions` where `id` = JaTeGyJtQwXblVvVxFVVKdcyAFXhZH83YAJc6CKD limit 1) at C:/Users/Rahmat Eka/Peta-Interaktif/vendor/laravel/framework/src/Illuminate/Database/Connection.php:838)
[stacktrace]
#0 C:/Users/Rahmat Eka/Peta-Interaktif/vendor/laravel/framework/src/Illuminate/Database/Connection.php(999): Illuminate/Database/Connection->runQueryCallback('select * from `...', Array, Object(Closure))
#1 C:/Users/Rahmat Eka/Peta-Interaktif/vendor/laravel/framework/src/Illuminate/Database/Connection.php(978): Illuminate/Database/Connection->tryAgainIfCausedByLostConnection(Object(Illuminate/Database/QueryException), 'select * from `...', Array, Object(Closure))
#2 C:/Users/Rahmat Eka/Peta-Interaktif/vendor/laravel/framework/src/Illuminate/Database/Connection.php(796): Illuminate/Database/Connection->handleQueryException(Object(Illuminate/Database/QueryException), 'select * from `...', Array, Object(Closure))
#3 C:/Users/Rahmat Eka/Peta-Interaktif/vendor/laravel/framework/src/Illuminate/Database/Connection.php(411): Illuminate/Database/Connection->run('select * from `...', Array, Object(Closure))
#4 C:/Users/Rahmat Eka/Peta-Interaktif/vendor/laravel/framework/src/Illuminate/Database/Query/Builder.php(3505): Illuminate/Database/Connection->select('select * from `...', Array, false)
#5 C:/Users/Rahmat Eka/Peta-Interaktif/vendor/laravel/framework/src/Illuminate/Database/Query/Builder.php(3490): Illuminate/Database/Query/Builder->runSelect()
#6 C:/Users/Rahmat Eka/Peta-Interaktif/vendor/laravel/framework/src/Illuminate/Database/Query/Builder.php(4080): Illuminate/Database/Query/Builder->Illuminate/Database/Query/{closure}()
#7 C:/Users/Rahmat Eka/Peta-Interaktif/vendor/laravel/framework/src/Illuminate/Database/Query/Builder.php(3489): Illuminate/Database/Query/Builder->onceWithColumns(Array, Object(Closure))
#8 C:/Users/Rahmat Eka/Peta-Interaktif/vendor/laravel/framework/src/Illuminate/Database/Concerns/BuildsQueries.php(366): Illuminate/Database/Query/Builder->get(Array)
#9 C:/Users/Rahmat Eka/Peta-Interaktif/vendor/laravel/framework/src/Illuminate/Database/Query/Builder.php(3412): Illuminate/Database/Query/Builder->first(Array)
#10 C:/Users/Rahmat Eka/Peta-Interaktif/vendor/laravel/framework/src/Illuminate/Session/DatabaseSessionHandler.php(96): Illuminate/Database/Query/Builder->find('JaTeGyJtQwXblVv...')
#11 C:/Users/Rahmat Eka/Peta-Interaktif/vendor/laravel/framework/src/Illuminate/Session/Store.php(128): Illuminate/Session/DatabaseSessionHandler->read('JaTeGyJtQwXblVv...')
#12 C:/Users/Rahmat Eka/Peta-Interaktif/vendor/laravel/framework/src/Illuminate/Session/Store.php(116): Illuminate/Session/Store->readFromHandler()
#13 C:/Users/Rahmat Eka/Peta-Interaktif/vendor/laravel/framework/src/Illuminate/Session/Store.php(100): Illuminate/Session/Store->loadSession()
#14 C:/Users/Rahmat Eka/Peta-Interaktif/vendor/laravel/framework/src/Illuminate/Session/Middleware/StartSession.php(146): Illuminate/Session/Store->start()
#15 C:/Users/Rahmat Eka/Peta-Interaktif/vendor/laravel/framework/src/Illuminate/Support/helpers.php(393): Illuminate/Session/Middleware/StartSession->Illuminate/Session/Middleware/{closure}(Object(Illuminate/Session/Store))
#16 C:/Users/Rahmat Eka/Peta-Interaktif/vendor/laravel/framework/src/Illuminate/Session/Middleware/StartSession.php(143): tap(Object(Illuminate/Session/Store), Object(Closure))
#17 C:/Users/Rahmat Eka/Peta-Interaktif/vendor/laravel/framework/src/Illuminate/Session/Middleware/StartSession.php(115): Illuminate/Session/Middleware/StartSession->startSession(Object(Illuminate/Http/Request), Object(Illuminate/Session/Store))
#18 C:/Users/Rahmat Eka/Peta-Interaktif/vendor/laravel/framework/src/Illuminate/Session/Middleware/StartSession.php(63): Illuminate/Session/Middleware/StartSession->handleStatefulRequest(Object(Illuminate/Http/Request), Object(Illuminate/Session/Store), Object(Closure))
#19 C:/Users/Rahmat Eka/Peta-Interaktif/vendor/laravel/framework/src/Illuminate/Pipeline/Pipeline.php(219): Illuminate/Session/Middleware/StartSession->handle(Object(Illuminate/Http/Request), Object(Closure))
#20 C:/Users/Rahmat Eka/Peta-Interaktif/vendor/laravel/framework/src/Illuminate/Cookie/Middleware/AddQueuedCookiesToResponse.php(36): Illuminate/Pipeline/Pipeline->Illuminate/Pipeline/{closure}(Object(Illuminate/Http/Request))
#21 C:/Users/Rahmat Eka/Peta-Interaktif/vendor/laravel/framework/src/Illuminate/Pipeline/Pipeline.php(219): Illuminate/Cookie/Middleware/AddQueuedCookiesToResponse->handle(Object(Illuminate/Http/Request), Object(Closure))
#22 C:/Users/Rahmat Eka/Peta-Interaktif/vendor/laravel/framework/src/Illuminate/Cookie/Middleware/EncryptCookies.php(74): Illuminate/Pipeline/Pipeline->Illuminate/Pipeline/{closure}(Object(Illuminate/Http/Request))
#23 C:/Users/Rahmat Eka/Peta-Interaktif/vendor/laravel/framework/src/Illuminate/Pipeline/Pipeline.php(219): Illuminate/Cookie/Middleware/EncryptCookies->handle(Object(Illuminate/Http/Request), Object(Closure))
#24 C:/Users/Rahmat Eka/Peta-Interaktif/vendor/laravel/framework/src/Illuminate/Pipeline/Pipeline.php(137): Illuminate/Pipeline/Pipeline->Illuminate/Pipeline/{closure}(Object(Illuminate/Http/Request))
#25 C:/Users/Rahmat Eka/Peta-Interaktif/vendor/laravel/framework/src/Illuminate/Routing/Router.php(821): Illuminate/Pipeline/Pipeline->then(Object(Closure))
#26 C:/Users/Rahmat Eka/Peta-Interaktif/vendor/laravel/framework/src/Illuminate/Routing/Router.php(800): Illuminate/Routing/Router->runRouteWithinStack(Object(Illuminate/Routing/Route), Object(Illuminate/Http/Request))
#27 C:/Users/Rahmat Eka/Peta-Interaktif/vendor/laravel/framework/src/Illuminate/Routing/Router.php(764): Illuminate/Routing/Router->runRoute(Object(Illuminate/Http/Request), Object(Illuminate/Routing/Route))
#28 C:/Users/Rahmat Eka/Peta-Interaktif/vendor/laravel/framework/src/Illuminate/Routing/Router.php(753): Illuminate/Routing/Router->dispatchToRoute(Object(Illuminate/Http/Request))
#29 C:/Users/Rahmat Eka/Peta-Interaktif/vendor/laravel/framework/src/Illuminate/Foundation/Http/Kernel.php(200): Illuminate/Routing/Router->dispatch(Object(Illuminate/Http/Request))
#30 C:/Users/Rahmat Eka/Peta-Interaktif/vendor/laravel/framework/src/Illuminate/Pipeline/Pipeline.php(180): Illuminate/Foundation/Http/Kernel->Illuminate/Foundation/Http/{closure}(Object(Illuminate/Http/Request))
#31 C:/Users/Rahmat Eka/Peta-Interaktif/vendor/laravel/framework/src/Illuminate/Foundation/Http/Middleware/TransformsRequest.php(21): Illuminate/Pipeline/Pipeline->Illuminate/Pipeline/{closure}(Object(Illuminate/Http/Request))
#32 C:/Users/Rahmat Eka/Peta-Interaktif/vendor/laravel/framework/src/Illuminate/Foundation/Http/Middleware/ConvertEmptyStringsToNull.php(31): Illuminate/Foundation/Http/Middleware/TransformsRequest->handle(Object(Illuminate/Http/Request), Object(Closure))
#33 C:/Users/Rahmat Eka/Peta-Interaktif/vendor/laravel/framework/src/Illuminate/Pipeline/Pipeline.php(219): Illuminate/Foundation/Http/Middleware/ConvertEmptyStringsToNull->handle(Object(Illuminate/Http/Request), Object(Closure))
#34 C:/Users/Rahmat Eka/Peta-Interaktif/vendor/laravel/framework/src/Illuminate/Foundation/Http/Middleware/TransformsRequest.php(21): Illuminate/Pipeline/Pipeline->Illuminate/Pipeline/{closure}(Object(Illuminate/Http/Request))
#35 C:/Users/Rahmat Eka/Peta-Interaktif/vendor/laravel/framework/src/Illuminate/Foundation/Http/Middleware/TrimStrings.php(51): Illuminate/Foundation/Http/Middleware/TransformsRequest->handle(Object(Illuminate/Http/Request), Object(Closure))
#36 C:/Users/Rahmat Eka/Peta-Interaktif/vendor/laravel/framework/src/Illuminate/Pipeline/Pipeline.php(219): Illuminate/Foundation/Http/Middleware/TrimStrings->handle(Object(Illuminate/Http/Request), Object(Closure))
#37 C:/Users/Rahmat Eka/Peta-Interaktif/vendor/laravel/framework/src/Illuminate/Http/Middleware/ValidatePostSize.php(27): Illuminate/Pipeline/Pipeline->Illuminate/Pipeline/{closure}(Object(Illuminate/Http/Request))
#38 C:/Users/Rahmat Eka/Peta-Interaktif/vendor/laravel/framework/src/Illuminate/Pipeline/Pipeline.php(219): Illuminate/Http/Middleware/ValidatePostSize->handle(Object(Illuminate/Http/Request), Object(Closure))
#39 C:/Users/Rahmat Eka/Peta-Interaktif/vendor/laravel/framework/src/Illuminate/Foundation/Http/Middleware/PreventRequestsDuringMaintenance.php(109): Illuminate/Pipeline/Pipeline->Illuminate/Pipeline/{closure}(Object(Illuminate/Http/Request))
#40 C:/Users/Rahmat Eka/Peta-Interaktif/vendor/laravel/framework/src/Illuminate/Pipeline/Pipeline.php(219): Illuminate/Foundation/Http/Middleware/PreventRequestsDuringMaintenance->handle(Object(Illuminate/Http/Request), Object(Closure))
#41 C:/Users/Rahmat Eka/Peta-Interaktif/vendor/laravel/framework/src/Illuminate/Http/Middleware/HandleCors.php(61): Illuminate/Pipeline/Pipeline->Illuminate/Pipeline/{closure}(Object(Illuminate/Http/Request))
#42 C:/Users/Rahmat Eka/Peta-Interaktif/vendor/laravel/framework/src/Illuminate/Pipeline/Pipeline.php(219): Illuminate/Http/Middleware/HandleCors->handle(Object(Illuminate/Http/Request), Object(Closure))
#43 C:/Users/Rahmat Eka/Peta-Interaktif/vendor/laravel/framework/src/Illuminate/Http/Middleware/TrustProxies.php(58): Illuminate/Pipeline/Pipeline->Illuminate/Pipeline/{closure}(Object(Illuminate/Http/Request))
#44 C:/Users/Rahmat Eka/Peta-Interaktif/vendor/laravel/framework/src/Illuminate/Pipeline/Pipeline.php(219): Illuminate/Http/Middleware/TrustProxies->handle(Object(Illuminate/Http/Request), Object(Closure))
#45 C:/Users/Rahmat Eka/Peta-Interaktif/vendor/laravel/framework/src/Illuminate/Foundation/Http/Middleware/InvokeDeferredCallbacks.php(22): Illuminate/Pipeline/Pipeline->Illuminate/Pipeline/{closure}(Object(Illuminate/Http/Request))
#46 C:/Users/Rahmat Eka/Peta-Interaktif/vendor/laravel/framework/src/Illuminate/Pipeline/Pipeline.php(219): Illuminate/Foundation/Http/Middleware/InvokeDeferredCallbacks->handle(Object(Illuminate/Http/Request), Object(Closure))
#47 C:/Users/Rahmat Eka/Peta-Interaktif/vendor/laravel/framework/src/Illuminate/Http/Middleware/ValidatePathEncoding.php(26): Illuminate/Pipeline/Pipeline->Illuminate/Pipeline/{closure}(Object(Illuminate/Http/Request))
#48 C:/Users/Rahmat Eka/Peta-Interaktif/vendor/laravel/framework/src/Illuminate/Pipeline/Pipeline.php(219): Illuminate/Http/Middleware/ValidatePathEncoding->handle(Object(Illuminate/Http/Request), Object(Closure))
#49 C:/Users/Rahmat Eka/Peta-Interaktif/vendor/laravel/framework/src/Illuminate/Pipeline/Pipeline.php(137): Illuminate/Pipeline/Pipeline->Illuminate/Pipeline/{closure}(Object(Illuminate/Http/Request))
#50 C:/Users/Rahmat Eka/Peta-Interaktif/vendor/laravel/framework/src/Illuminate/Foundation/Http/Kernel.php(175): Illuminate/Pipeline/Pipeline->then(Object(Closure))
#51 C:/Users/Rahmat Eka/Peta-Interaktif/vendor/laravel/framework/src/Illuminate/Foundation/Http/Kernel.php(144): Illuminate/Foundation/Http/Kernel->sendRequestThroughRouter(Object(Illuminate/Http/Request))
#52 C:/Users/Rahmat Eka/Peta-Interaktif/vendor/laravel/framework/src/Illuminate/Foundation/Application.php(1220): Illuminate/Foundation/Http/Kernel->handle(Object(Illuminate/Http/Request))
#53 C:/Users/Rahmat Eka/Peta-Interaktif/public/index.php(18): Illuminate/Foundation/Application->handleRequest(Object(Illuminate/Http/Request))
#54 C:/Users/Rahmat Eka/Peta-Interaktif/vendor/laravel/framework/src/Illuminate/Foundation/resources/server.php(23): require_once('C://Users//Rahmat...')
#55 {main}

[previous exception] [object] (PDOException(code: 2002): SQLSTATE[HY000] [2002] No connection could be made because the target machine actively refused it at C:/Users/Rahmat Eka/Peta-Interaktif/vendor/laravel/framework/src/Illuminate/Database/Connectors/Connector.php:66)
[stacktrace]
#0 C:/Users/Rahmat Eka/Peta-Interaktif/vendor/laravel/framework/src/Illuminate/Database/Connectors/Connector.php(66): PDO->__construct('mysql:host=127....', 'root', Object(SensitiveParameterValue), Array)
#1 C:/Users/Rahmat Eka/Peta-Interaktif/vendor/laravel/framework/src/Illuminate/Database/Connectors/Connector.php(85): Illuminate/Database/Connectors/Connector->createPdoConnection('mysql:host=127....', 'root', Object(SensitiveParameterValue), Array)
#2 C:/Users/Rahmat Eka/Peta-Interaktif/vendor/laravel/framework/src/Illuminate/Database/Connectors/Connector.php(48): Illuminate/Database/Connectors/Connector->tryAgainIfCausedByLostConnection(Object(PDOException), 'mysql:host=127....', 'root', Object(SensitiveParameterValue), Array)
#3 C:/Users/Rahmat Eka/Peta-Interaktif/vendor/laravel/framework/src/Illuminate/Database/Connectors/MySqlConnector.php(24): Illuminate/Database/Connectors/Connector->createConnection('mysql:host=127....', Array, Array)
#4 C:/Users/Rahmat Eka/Peta-Interaktif/vendor/laravel/framework/src/Illuminate/Database/Connectors/ConnectionFactory.php(186): Illuminate/Database/Connectors/MySqlConnector->connect(Array)
#5 [internal function]: Illuminate/Database/Connectors/ConnectionFactory->Illuminate/Database/Connectors/{closure}()
#6 C:/Users/Rahmat Eka/Peta-Interaktif/vendor/laravel/framework/src/Illuminate/Database/Connection.php(1257): call_user_func(Object(Closure))
#7 C:/Users/Rahmat Eka/Peta-Interaktif/vendor/laravel/framework/src/Illuminate/Database/Connection.php(525): Illuminate/Database/Connection->getPdo()
#8 C:/Users/Rahmat Eka/Peta-Interaktif/vendor/laravel/framework/src/Illuminate/Database/Connection.php(420): Illuminate/Database/Connection->getPdoForSelect(false)
#9 C:/Users/Rahmat Eka/Peta-Interaktif/vendor/laravel/framework/src/Illuminate/Database/Connection.php(827): Illuminate/Database/Connection->Illuminate/Database/{closure}('select * from `...', Array)
#10 C:/Users/Rahmat Eka/Peta-Interaktif/vendor/laravel/framework/src/Illuminate/Database/Connection.php(999): Illuminate/Database/Connection->runQueryCallback('select * from `...', Array, Object(Closure))
#11 C:/Users/Rahmat Eka/Peta-Interaktif/vendor/laravel/framework/src/Illuminate/Database/Connection.php(978): Illuminate/Database/Connection->tryAgainIfCausedByLostConnection(Object(Illuminate/Database/QueryException), 'select * from `...', Array, Object(Closure))
#12 C:/Users/Rahmat Eka/Peta-Interaktif/vendor/laravel/framework/src/Illuminate/Database/Connection.php(796): Illuminate/Database/Connection->handleQueryException(Object(Illuminate/Database/QueryException), 'select * from `...', Array, Object(Closure))
#13 C:/Users/Rahmat Eka/Peta-Interaktif/vendor/laravel/framework/src/Illuminate/Database/Connection.php(411): Illuminate/Database/Connection->run('select * from `...', Array, Object(Closure))
#14 C:/Users/Rahmat Eka/Peta-Interaktif/vendor/laravel/framework/src/Illuminate/Database/Query/Builder.php(3505): Illuminate/Database/Connection->select('select * from `...', Array, false)
#15 C:/Users/Rahmat Eka/Peta-Interaktif/vendor/laravel/framework/src/Illuminate/Database/Query/Builder.php(3490): Illuminate/Database/Query/Builder->runSelect()
#16 C:/Users/Rahmat Eka/Peta-Interaktif/vendor/laravel/framework/src/Illuminate/Database/Query/Builder.php(4080): Illuminate/Database/Query/Builder->Illuminate/Database/Query/{closure}()
#17 C:/Users/Rahmat Eka/Peta-Interaktif/vendor/laravel/framework/src/Illuminate/Database/Query/Builder.php(3489): Illuminate/Database/Query/Builder->onceWithColumns(Array, Object(Closure))
#18 C:/Users/Rahmat Eka/Peta-Interaktif/vendor/laravel/framework/src/Illuminate/Database/Concerns/BuildsQueries.php(366): Illuminate/Database/Query/Builder->get(Array)
#19 C:/Users/Rahmat Eka/Peta-Interaktif/vendor/laravel/framework/src/Illuminate/Database/Query/Builder.php(3412): Illuminate/Database/Query/Builder->first(Array)
#20 C:/Users/Rahmat Eka/Peta-Interaktif/vendor/laravel/framework/src/Illuminate/Session/DatabaseSessionHandler.php(96): Illuminate/Database/Query/Builder->find('JaTeGyJtQwXblVv...')
#21 C:/Users/Rahmat Eka/Peta-Interaktif/vendor/laravel/framework/src/Illuminate/Session/Store.php(128): Illuminate/Session/DatabaseSessionHandler->read('JaTeGyJtQwXblVv...')
#22 C:/Users/Rahmat Eka/Peta-Interaktif/vendor/laravel/framework/src/Illuminate/Session/Store.php(116): Illuminate/Session/Store->readFromHandler()
#23 C:/Users/Rahmat Eka/Peta-Interaktif/vendor/laravel/framework/src/Illuminate/Session/Store.php(100): Illuminate/Session/Store->loadSession()
#24 C:/Users/Rahmat Eka/Peta-Interaktif/vendor/laravel/framework/src/Illuminate/Session/Middleware/StartSession.php(146): Illuminate/Session/Store->start()
#25 C:/Users/Rahmat Eka/Peta-Interaktif/vendor/laravel/framework/src/Illuminate/Support/helpers.php(393): Illuminate/Session/Middleware/StartSession->Illuminate/Session/Middleware/{closure}(Object(Illuminate/Session/Store))
#26 C:/Users/Rahmat Eka/Peta-Interaktif/vendor/laravel/framework/src/Illuminate/Session/Middleware/StartSession.php(143): tap(Object(Illuminate/Session/Store), Object(Closure))
#27 C:/Users/Rahmat Eka/Peta-Interaktif/vendor/laravel/framework/src/Illuminate/Session/Middleware/StartSession.php(115): Illuminate/Session/Middleware/StartSession->startSession(Object(Illuminate/Http/Request), Object(Illuminate/Session/Store))
#28 C:/Users/Rahmat Eka/Peta-Interaktif/vendor/laravel/framework/src/Illuminate/Session/Middleware/StartSession.php(63): Illuminate/Session/Middleware/StartSession->handleStatefulRequest(Object(Illuminate/Http/Request), Object(Illuminate/Session/Store), Object(Closure))
#29 C:/Users/Rahmat Eka/Peta-Interaktif/vendor/laravel/framework/src/Illuminate/Pipeline/Pipeline.php(219): Illuminate/Session/Middleware/StartSession->handle(Object(Illuminate/Http/Request), Object(Closure))
#30 C:/Users/Rahmat Eka/Peta-Interaktif/vendor/laravel/framework/src/Illuminate/Cookie/Middleware/AddQueuedCookiesToResponse.php(36): Illuminate/Pipeline/Pipeline->Illuminate/Pipeline/{closure}(Object(Illuminate/Http/Request))
#31 C:/Users/Rahmat Eka/Peta-Interaktif/vendor/laravel/framework/src/Illuminate/Pipeline/Pipeline.php(219): Illuminate/Cookie/Middleware/AddQueuedCookiesToResponse->handle(Object(Illuminate/Http/Request), Object(Closure))
#32 C:/Users/Rahmat Eka/Peta-Interaktif/vendor/laravel/framework/src/Illuminate/Cookie/Middleware/EncryptCookies.php(74): Illuminate/Pipeline/Pipeline->Illuminate/Pipeline/{closure}(Object(Illuminate/Http/Request))
#33 C:/Users/Rahmat Eka/Peta-Interaktif/vendor/laravel/framework/src/Illuminate/Pipeline/Pipeline.php(219): Illuminate/Cookie/Middleware/EncryptCookies->handle(Object(Illuminate/Http/Request), Object(Closure))
#34 C:/Users/Rahmat Eka/Peta-Interaktif/vendor/laravel/framework/src/Illuminate/Pipeline/Pipeline.php(137): Illuminate/Pipeline/Pipeline->Illuminate/Pipeline/{closure}(Object(Illuminate/Http/Request))
#35 C:/Users/Rahmat Eka/Peta-Interaktif/vendor/laravel/framework/src/Illuminate/Routing/Router.php(821): Illuminate/Pipeline/Pipeline->then(Object(Closure))
#36 C:/Users/Rahmat Eka/Peta-Interaktif/vendor/laravel/framework/src/Illuminate/Routing/Router.php(800): Illuminate/Routing/Router->runRouteWithinStack(Object(Illuminate/Routing/Route), Object(Illuminate/Http/Request))
#37 C:/Users/Rahmat Eka/Peta-Interaktif/vendor/laravel/framework/src/Illuminate/Routing/Router.php(764): Illuminate/Routing/Router->runRoute(Object(Illuminate/Http/Request), Object(Illuminate/Routing/Route))
#38 C:/Users/Rahmat Eka/Peta-Interaktif/vendor/laravel/framework/src/Illuminate/Routing/Router.php(753): Illuminate/Routing/Router->dispatchToRoute(Object(Illuminate/Http/Request))
#39 C:/Users/Rahmat Eka/Peta-Interaktif/vendor/laravel/framework/src/Illuminate/Foundation/Http/Kernel.php(200): Illuminate/Routing/Router->dispatch(Object(Illuminate/Http/Request))
#40 C:/Users/Rahmat Eka/Peta-Interaktif/vendor/laravel/framework/src/Illuminate/Pipeline/Pipeline.php(180): Illuminate/Foundation/Http/Kernel->Illuminate/Foundation/Http/{closure}(Object(Illuminate/Http/Request))
#41 C:/Users/Rahmat Eka/Peta-Interaktif/vendor/laravel/framework/src/Illuminate/Foundation/Http/Middleware/TransformsRequest.php(21): Illuminate/Pipeline/Pipeline->Illuminate/Pipeline/{closure}(Object(Illuminate/Http/Request))
#42 C:/Users/Rahmat Eka/Peta-Interaktif/vendor/laravel/framework/src/Illuminate/Foundation/Http/Middleware/ConvertEmptyStringsToNull.php(31): Illuminate/Foundation/Http/Middleware/TransformsRequest->handle(Object(Illuminate/Http/Request), Object(Closure))
#43 C:/Users/Rahmat Eka/Peta-Interaktif/vendor/laravel/framework/src/Illuminate/Pipeline/Pipeline.php(219): Illuminate/Foundation/Http/Middleware/ConvertEmptyStringsToNull->handle(Object(Illuminate/Http/Request), Object(Closure))
#44 C:/Users/Rahmat Eka/Peta-Interaktif/vendor/laravel/framework/src/Illuminate/Foundation/Http/Middleware/TransformsRequest.php(21): Illuminate/Pipeline/Pipeline->Illuminate/Pipeline/{closure}(Object(Illuminate/Http/Request))
#45 C:/Users/Rahmat Eka/Peta-Interaktif/vendor/laravel/framework/src/Illuminate/Foundation/Http/Middleware/TrimStrings.php(51): Illuminate/Foundation/Http/Middleware/TransformsRequest->handle(Object(Illuminate/Http/Request), Object(Closure))
#46 C:/Users/Rahmat Eka/Peta-Interaktif/vendor/laravel/framework/src/Illuminate/Pipeline/Pipeline.php(219): Illuminate/Foundation/Http/Middleware/TrimStrings->handle(Object(Illuminate/Http/Request), Object(Closure))
#47 C:/Users/Rahmat Eka/Peta-Interaktif/vendor/laravel/framework/src/Illuminate/Http/Middleware/ValidatePostSize.php(27): Illuminate/Pipeline/Pipeline->Illuminate/Pipeline/{closure}(Object(Illuminate/Http/Request))
#48 C:/Users/Rahmat Eka/Peta-Interaktif/vendor/laravel/framework/src/Illuminate/Pipeline/Pipeline.php(219): Illuminate/Http/Middleware/ValidatePostSize->handle(Object(Illuminate/Http/Request), Object(Closure))
#49 C:/Users/Rahmat Eka/Peta-Interaktif/vendor/laravel/framework/src/Illuminate/Foundation/Http/Middleware/PreventRequestsDuringMaintenance.php(109): Illuminate/Pipeline/Pipeline->Illuminate/Pipeline/{closure}(Object(Illuminate/Http/Request))
#50 C:/Users/Rahmat Eka/Peta-Interaktif/vendor/laravel/framework/src/Illuminate/Pipeline/Pipeline.php(219): Illuminate/Foundation/Http/Middleware/PreventRequestsDuringMaintenance->handle(Object(Illuminate/Http/Request), Object(Closure))
#51 C:/Users/Rahmat Eka/Peta-Interaktif/vendor/laravel/framework/src/Illuminate/Http/Middleware/HandleCors.php(61): Illuminate/Pipeline/Pipeline->Illuminate/Pipeline/{closure}(Object(Illuminate/Http/Request))
#52 C:/Users/Rahmat Eka/Peta-Interaktif/vendor/laravel/framework/src/Illuminate/Pipeline/Pipeline.php(219): Illuminate/Http/Middleware/HandleCors->handle(Object(Illuminate/Http/Request), Object(Closure))
#53 C:/Users/Rahmat Eka/Peta-Interaktif/vendor/laravel/framework/src/Illuminate/Http/Middleware/TrustProxies.php(58): Illuminate/Pipeline/Pipeline->Illuminate/Pipeline/{closure}(Object(Illuminate/Http/Request))
#54 C:/Users/Rahmat Eka/Peta-Interaktif/vendor/laravel/framework/src/Illuminate/Pipeline/Pipeline.php(219): Illuminate/Http/Middleware/TrustProxies->handle(Object(Illuminate/Http/Request), Object(Closure))
#55 C:/Users/Rahmat Eka/Peta-Interaktif/vendor/laravel/framework/src/Illuminate/Foundation/Http/Middleware/InvokeDeferredCallbacks.php(22): Illuminate/Pipeline/Pipeline->Illuminate/Pipeline/{closure}(Object(Illuminate/Http/Request))
#56 C:/Users/Rahmat Eka/Peta-Interaktif/vendor/laravel/framework/src/Illuminate/Pipeline/Pipeline.php(219): Illuminate/Foundation/Http/Middleware/InvokeDeferredCallbacks->handle(Object(Illuminate/Http/Request), Object(Closure))
#57 C:/Users/Rahmat Eka/Peta-Interaktif/vendor/laravel/framework/src/Illuminate/Http/Middleware/ValidatePathEncoding.php(26): Illuminate/Pipeline/Pipeline->Illuminate/Pipeline/{closure}(Object(Illuminate/Http/Request))
#58 C:/Users/Rahmat Eka/Peta-Interaktif/vendor/laravel/framework/src/Illuminate/Pipeline/Pipeline.php(219): Illuminate/Http/Middleware/ValidatePathEncoding->handle(Object(Illuminate/Http/Request), Object(Closure))
#59 C:/Users/Rahmat Eka/Peta-Interaktif/vendor/laravel/framework/src/Illuminate/Pipeline/Pipeline.php(137): Illuminate/Pipeline/Pipeline->Illuminate/Pipeline/{closure}(Object(Illuminate/Http/Request))
#60 C:/Users/Rahmat Eka/Peta-Interaktif/vendor/laravel/framework/src/Illuminate/Foundation/Http/Kernel.php(175): Illuminate/Pipeline/Pipeline->then(Object(Closure))
#61 C:/Users/Rahmat Eka/Peta-Interaktif/vendor/laravel/framework/src/Illuminate/Foundation/Http/Kernel.php(144): Illuminate/Foundation/Http/Kernel->sendRequestThroughRouter(Object(Illuminate/Http/Request))
#62 C:/Users/Rahmat Eka/Peta-Interaktif/vendor/laravel/framework/src/Illuminate/Foundation/Application.php(1220): Illuminate/Foundation/Http/Kernel->handle(Object(Illuminate/Http/Request))
#63 C:/Users/Rahmat Eka/Peta-Interaktif/public/index.php(18): Illuminate/Foundation/Application->handleRequest(Object(Illuminate/Http/Request))
#64 C:/Users/Rahmat Eka/Peta-Interaktif/vendor/laravel/framework/src/Illuminate/Foundation/resources/server.php(23): require_once('C://Users//Rahmat...')
#65 {main}
"} 
[2026-06-23 15:47:32] laravel.EMERGENCY: Unable to create configured logger. Using emergency logger. {"exception":"[object] (InvalidArgumentException(code: 0): NullHandler must be an instance of Monolog\\Handler\\HandlerInterface at C:/Users/Rahmat Eka/Peta-Interaktif/vendor/laravel/framework/src/Illuminate/Log/LogManager.php:398)
[stacktrace]
#0 C:/Users/Rahmat Eka/Peta-Interaktif/vendor/laravel/framework/src/Illuminate/Log/LogManager.php(232): Illuminate/Log/LogManager->createMonologDriver(Array)
#1 C:/Users/Rahmat Eka/Peta-Interaktif/vendor/laravel/framework/src/Illuminate/Log/LogManager.php(138): Illuminate/Log/LogManager->resolve('deprecations', Array)
#2 C:/Users/Rahmat Eka/Peta-Interaktif/vendor/laravel/framework/src/Illuminate/Log/LogManager.php(125): Illuminate/Log/LogManager->get('deprecations')
#3 C:/Users/Rahmat Eka/Peta-Interaktif/vendor/laravel/framework/src/Illuminate/Log/LogManager.php(114): Illuminate/Log/LogManager->driver('deprecations')
#4 C:/Users/Rahmat Eka/Peta-Interaktif/vendor/laravel/framework/src/Illuminate/Foundation/Bootstrap/HandleExceptions.php(109): Illuminate/Log/LogManager->channel('deprecations')
#5 C:/Users/Rahmat Eka/Peta-Interaktif/vendor/laravel/framework/src/Illuminate/Foundation/Bootstrap/HandleExceptions.php(74): Illuminate/Foundation/Bootstrap/HandleExceptions->handleDeprecationError('Since symfony/h...', 'C://Users//Rahmat...', 25, 16384)
#6 C:/Users/Rahmat Eka/Peta-Interaktif/vendor/laravel/framework/src/Illuminate/Foundation/Bootstrap/HandleExceptions.php(262): Illuminate/Foundation/Bootstrap/HandleExceptions->handleError(16384, 'Since symfony/h...', 'C://Users//Rahmat...', 25)
#7 [internal function]: Illuminate/Foundation/Bootstrap/HandleExceptions->Illuminate/Foundation/Bootstrap/{closure}(16384, 'Since symfony/h...', 'C://Users//Rahmat...', 25)
#8 C:/Users/Rahmat Eka/Peta-Interaktif/vendor/symfony/deprecation-contracts/function.php(25): trigger_error('Since symfony/h...', 16384)
#9 C:/Users/Rahmat Eka/Peta-Interaktif/vendor/symfony/http-foundation/Request.php(754): trigger_deprecation('symfony/http-fo...', '7.4', 'Request::get() ...')
#10 C:/Users/Rahmat Eka/Peta-Interaktif/vendor/laravel/framework/src/Illuminate/Http/Request.php(441): Symfony/Component/HttpFoundation/Request->get('tab', 'masyarakat')
#11 C:/Users/Rahmat Eka/Peta-Interaktif/app/Http/Controllers/Admin/ManageUsersController.php(15): Illuminate/Http/Request->get('tab', 'masyarakat')
#12 C:/Users/Rahmat Eka/Peta-Interaktif/vendor/laravel/framework/src/Illuminate/Routing/Controller.php(54): App/Http/Controllers/Admin/ManageUsersController->index(Object(Illuminate/Http/Request))
#13 C:/Users/Rahmat Eka/Peta-Interaktif/vendor/laravel/framework/src/Illuminate/Routing/ControllerDispatcher.php(43): Illuminate/Routing/Controller->callAction('index', Array)
#14 C:/Users/Rahmat Eka/Peta-Interaktif/vendor/laravel/framework/src/Illuminate/Routing/Route.php(265): Illuminate/Routing/ControllerDispatcher->dispatch(Object(Illuminate/Routing/Route), Object(App/Http/Controllers/Admin/ManageUsersController), 'index')
#15 C:/Users/Rahmat Eka/Peta-Interaktif/vendor/laravel/framework/src/Illuminate/Routing/Route.php(211): Illuminate/Routing/Route->runController()
#16 C:/Users/Rahmat Eka/Peta-Interaktif/vendor/laravel/framework/src/Illuminate/Routing/Router.php(822): Illuminate/Routing/Route->run()
#17 C:/Users/Rahmat Eka/Peta-Interaktif/vendor/laravel/framework/src/Illuminate/Pipeline/Pipeline.php(180): Illuminate/Routing/Router->Illuminate/Routing/{closure}(Object(Illuminate/Http/Request))
#18 C:/Users/Rahmat Eka/Peta-Interaktif/vendor/laravel/framework/src/Illuminate/Routing/Middleware/SubstituteBindings.php(50): Illuminate/Pipeline/Pipeline->Illuminate/Pipeline/{closure}(Object(Illuminate/Http/Request))
#19 C:/Users/Rahmat Eka/Peta-Interaktif/vendor/laravel/framework/src/Illuminate/Pipeline/Pipeline.php(219): Illuminate/Routing/Middleware/SubstituteBindings->handle(Object(Illuminate/Http/Request), Object(Closure))
#20 C:/Users/Rahmat Eka/Peta-Interaktif/vendor/laravel/framework/src/Illuminate/Auth/Middleware/Authenticate.php(63): Illuminate/Pipeline/Pipeline->Illuminate/Pipeline/{closure}(Object(Illuminate/Http/Request))
#21 C:/Users/Rahmat Eka/Peta-Interaktif/vendor/laravel/framework/src/Illuminate/Pipeline/Pipeline.php(219): Illuminate/Auth/Middleware/Authenticate->handle(Object(Illuminate/Http/Request), Object(Closure), 'admin')
#22 C:/Users/Rahmat Eka/Peta-Interaktif/vendor/laravel/framework/src/Illuminate/Foundation/Http/Middleware/VerifyCsrfToken.php(87): Illuminate/Pipeline/Pipeline->Illuminate/Pipeline/{closure}(Object(Illuminate/Http/Request))
#23 C:/Users/Rahmat Eka/Peta-Interaktif/vendor/laravel/framework/src/Illuminate/Pipeline/Pipeline.php(219): Illuminate/Foundation/Http/Middleware/VerifyCsrfToken->handle(Object(Illuminate/Http/Request), Object(Closure))
#24 C:/Users/Rahmat Eka/Peta-Interaktif/vendor/laravel/framework/src/Illuminate/View/Middleware/ShareErrorsFromSession.php(48): Illuminate/Pipeline/Pipeline->Illuminate/Pipeline/{closure}(Object(Illuminate/Http/Request))
#25 C:/Users/Rahmat Eka/Peta-Interaktif/vendor/laravel/framework/src/Illuminate/Pipeline/Pipeline.php(219): Illuminate/View/Middleware/ShareErrorsFromSession->handle(Object(Illuminate/Http/Request), Object(Closure))
#26 C:/Users/Rahmat Eka/Peta-Interaktif/vendor/laravel/framework/src/Illuminate/Session/Middleware/StartSession.php(120): Illuminate/Pipeline/Pipeline->Illuminate/Pipeline/{closure}(Object(Illuminate/Http/Request))
#27 C:/Users/Rahmat Eka/Peta-Interaktif/vendor/laravel/framework/src/Illuminate/Session/Middleware/StartSession.php(63): Illuminate/Session/Middleware/StartSession->handleStatefulRequest(Object(Illuminate/Http/Request), Object(Illuminate/Session/Store), Object(Closure))
#28 C:/Users/Rahmat Eka/Peta-Interaktif/vendor/laravel/framework/src/Illuminate/Pipeline/Pipeline.php(219): Illuminate/Session/Middleware/StartSession->handle(Object(Illuminate/Http/Request), Object(Closure))
#29 C:/Users/Rahmat Eka/Peta-Interaktif/vendor/laravel/framework/src/Illuminate/Cookie/Middleware/AddQueuedCookiesToResponse.php(36): Illuminate/Pipeline/Pipeline->Illuminate/Pipeline/{closure}(Object(Illuminate/Http/Request))
#30 C:/Users/Rahmat Eka/Peta-Interaktif/vendor/laravel/framework/src/Illuminate/Pipeline/Pipeline.php(219): Illuminate/Cookie/Middleware/AddQueuedCookiesToResponse->handle(Object(Illuminate/Http/Request), Object(Closure))
#31 C:/Users/Rahmat Eka/Peta-Interaktif/vendor/laravel/framework/src/Illuminate/Cookie/Middleware/EncryptCookies.php(74): Illuminate/Pipeline/Pipeline->Illuminate/Pipeline/{closure}(Object(Illuminate/Http/Request))
#32 C:/Users/Rahmat Eka/Peta-Interaktif/vendor/laravel/framework/src/Illuminate/Pipeline/Pipeline.php(219): Illuminate/Cookie/Middleware/EncryptCookies->handle(Object(Illuminate/Http/Request), Object(Closure))
#33 C:/Users/Rahmat Eka/Peta-Interaktif/vendor/laravel/framework/src/Illuminate/Pipeline/Pipeline.php(137): Illuminate/Pipeline/Pipeline->Illuminate/Pipeline/{closure}(Object(Illuminate/Http/Request))
#34 C:/Users/Rahmat Eka/Peta-Interaktif/vendor/laravel/framework/src/Illuminate/Routing/Router.php(821): Illuminate/Pipeline/Pipeline->then(Object(Closure))
#35 C:/Users/Rahmat Eka/Peta-Interaktif/vendor/laravel/framework/src/Illuminate/Routing/Router.php(800): Illuminate/Routing/Router->runRouteWithinStack(Object(Illuminate/Routing/Route), Object(Illuminate/Http/Request))
#36 C:/Users/Rahmat Eka/Peta-Interaktif/vendor/laravel/framework/src/Illuminate/Routing/Router.php(764): Illuminate/Routing/Router->runRoute(Object(Illuminate/Http/Request), Object(Illuminate/Routing/Route))
#37 C:/Users/Rahmat Eka/Peta-Interaktif/vendor/laravel/framework/src/Illuminate/Routing/Router.php(753): Illuminate/Routing/Router->dispatchToRoute(Object(Illuminate/Http/Request))
#38 C:/Users/Rahmat Eka/Peta-Interaktif/vendor/laravel/framework/src/Illuminate/Foundation/Http/Kernel.php(200): Illuminate/Routing/Router->dispatch(Object(Illuminate/Http/Request))
#39 C:/Users/Rahmat Eka/Peta-Interaktif/vendor/laravel/framework/src/Illuminate/Pipeline/Pipeline.php(180): Illuminate/Foundation/Http/Kernel->Illuminate/Foundation/Http/{closure}(Object(Illuminate/Http/Request))
#40 C:/Users/Rahmat Eka/Peta-Interaktif/vendor/laravel/framework/src/Illuminate/Foundation/Http/Middleware/TransformsRequest.php(21): Illuminate/Pipeline/Pipeline->Illuminate/Pipeline/{closure}(Object(Illuminate/Http/Request))
#41 C:/Users/Rahmat Eka/Peta-Interaktif/vendor/laravel/framework/src/Illuminate/Foundation/Http/Middleware/ConvertEmptyStringsToNull.php(31): Illuminate/Foundation/Http/Middleware/TransformsRequest->handle(Object(Illuminate/Http/Request), Object(Closure))
#42 C:/Users/Rahmat Eka/Peta-Interaktif/vendor/laravel/framework/src/Illuminate/Pipeline/Pipeline.php(219): Illuminate/Foundation/Http/Middleware/ConvertEmptyStringsToNull->handle(Object(Illuminate/Http/Request), Object(Closure))
#43 C:/Users/Rahmat Eka/Peta-Interaktif/vendor/laravel/framework/src/Illuminate/Foundation/Http/Middleware/TransformsRequest.php(21): Illuminate/Pipeline/Pipeline->Illuminate/Pipeline/{closure}(Object(Illuminate/Http/Request))
#44 C:/Users/Rahmat Eka/Peta-Interaktif/vendor/laravel/framework/src/Illuminate/Foundation/Http/Middleware/TrimStrings.php(51): Illuminate/Foundation/Http/Middleware/TransformsRequest->handle(Object(Illuminate/Http/Request), Object(Closure))
#45 C:/Users/Rahmat Eka/Peta-Interaktif/vendor/laravel/framework/src/Illuminate/Pipeline/Pipeline.php(219): Illuminate/Foundation/Http/Middleware/TrimStrings->handle(Object(Illuminate/Http/Request), Object(Closure))
#46 C:/Users/Rahmat Eka/Peta-Interaktif/vendor/laravel/framework/src/Illuminate/Http/Middleware/ValidatePostSize.php(27): Illuminate/Pipeline/Pipeline->Illuminate/Pipeline/{closure}(Object(Illuminate/Http/Request))
#47 C:/Users/Rahmat Eka/Peta-Interaktif/vendor/laravel/framework/src/Illuminate/Pipeline/Pipeline.php(219): Illuminate/Http/Middleware/ValidatePostSize->handle(Object(Illuminate/Http/Request), Object(Closure))
#48 C:/Users/Rahmat Eka/Peta-Interaktif/vendor/laravel/framework/src/Illuminate/Foundation/Http/Middleware/PreventRequestsDuringMaintenance.php(109): Illuminate/Pipeline/Pipeline->Illuminate/Pipeline/{closure}(Object(Illuminate/Http/Request))
#49 C:/Users/Rahmat Eka/Peta-Interaktif/vendor/laravel/framework/src/Illuminate/Pipeline/Pipeline.php(219): Illuminate/Foundation/Http/Middleware/PreventRequestsDuringMaintenance->handle(Object(Illuminate/Http/Request), Object(Closure))
#50 C:/Users/Rahmat Eka/Peta-Interaktif/vendor/laravel/framework/src/Illuminate/Http/Middleware/HandleCors.php(61): Illuminate/Pipeline/Pipeline->Illuminate/Pipeline/{closure}(Object(Illuminate/Http/Request))
#51 C:/Users/Rahmat Eka/Peta-Interaktif/vendor/laravel/framework/src/Illuminate/Pipeline/Pipeline.php(219): Illuminate/Http/Middleware/HandleCors->handle(Object(Illuminate/Http/Request), Object(Closure))
#52 C:/Users/Rahmat Eka/Peta-Interaktif/vendor/laravel/framework/src/Illuminate/Http/Middleware/TrustProxies.php(58): Illuminate/Pipeline/Pipeline->Illuminate/Pipeline/{closure}(Object(Illuminate/Http/Request))
#53 C:/Users/Rahmat Eka/Peta-Interaktif/vendor/laravel/framework/src/Illuminate/Pipeline/Pipeline.php(219): Illuminate/Http/Middleware/TrustProxies->handle(Object(Illuminate/Http/Request), Object(Closure))
#54 C:/Users/Rahmat Eka/Peta-Interaktif/vendor/laravel/framework/src/Illuminate/Foundation/Http/Middleware/InvokeDeferredCallbacks.php(22): Illuminate/Pipeline/Pipeline->Illuminate/Pipeline/{closure}(Object(Illuminate/Http/Request))
#55 C:/Users/Rahmat Eka/Peta-Interaktif/vendor/laravel/framework/src/Illuminate/Pipeline/Pipeline.php(219): Illuminate/Foundation/Http/Middleware/InvokeDeferredCallbacks->handle(Object(Illuminate/Http/Request), Object(Closure))
#56 C:/Users/Rahmat Eka/Peta-Interaktif/vendor/laravel/framework/src/Illuminate/Http/Middleware/ValidatePathEncoding.php(26): Illuminate/Pipeline/Pipeline->Illuminate/Pipeline/{closure}(Object(Illuminate/Http/Request))
#57 C:/Users/Rahmat Eka/Peta-Interaktif/vendor/laravel/framework/src/Illuminate/Pipeline/Pipeline.php(219): Illuminate/Http/Middleware/ValidatePathEncoding->handle(Object(Illuminate/Http/Request), Object(Closure))
#58 C:/Users/Rahmat Eka/Peta-Interaktif/vendor/laravel/framework/src/Illuminate/Pipeline/Pipeline.php(137): Illuminate/Pipeline/Pipeline->Illuminate/Pipeline/{closure}(Object(Illuminate/Http/Request))
#59 C:/Users/Rahmat Eka/Peta-Interaktif/vendor/laravel/framework/src/Illuminate/Foundation/Http/Kernel.php(175): Illuminate/Pipeline/Pipeline->then(Object(Closure))
#60 C:/Users/Rahmat Eka/Peta-Interaktif/vendor/laravel/framework/src/Illuminate/Foundation/Http/Kernel.php(144): Illuminate/Foundation/Http/Kernel->sendRequestThroughRouter(Object(Illuminate/Http/Request))
#61 C:/Users/Rahmat Eka/Peta-Interaktif/vendor/laravel/framework/src/Illuminate/Foundation/Application.php(1220): Illuminate/Foundation/Http/Kernel->handle(Object(Illuminate/Http/Request))
#62 C:/Users/Rahmat Eka/Peta-Interaktif/public/index.php(18): Illuminate/Foundation/Application->handleRequest(Object(Illuminate/Http/Request))
#63 C:/Users/Rahmat Eka/Peta-Interaktif/vendor/laravel/framework/src/Illuminate/Foundation/resources/server.php(23): require_once('C://Users//Rahmat...')
#64 {main}
"} 
[2026-06-23 15:47:32] laravel.WARNING: Since symfony/http-foundation 7.4: Request::get() is deprecated, use properties ->attributes, query or request directly instead. in C:\Users\Rahmat Eka\Peta-Interaktif\vendor\symfony\deprecation-contracts\function.php on line 25  
[2026-06-23 15:47:32] laravel.EMERGENCY: Unable to create configured logger. Using emergency logger. {"exception":"[object] (InvalidArgumentException(code: 0): NullHandler must be an instance of Monolog\\Handler\\HandlerInterface at C:/Users/Rahmat Eka/Peta-Interaktif/vendor/laravel/framework/src/Illuminate/Log/LogManager.php:398)
[stacktrace]
#0 C:/Users/Rahmat Eka/Peta-Interaktif/vendor/laravel/framework/src/Illuminate/Log/LogManager.php(232): Illuminate/Log/LogManager->createMonologDriver(Array)
#1 C:/Users/Rahmat Eka/Peta-Interaktif/vendor/laravel/framework/src/Illuminate/Log/LogManager.php(138): Illuminate/Log/LogManager->resolve('deprecations', Array)
#2 C:/Users/Rahmat Eka/Peta-Interaktif/vendor/laravel/framework/src/Illuminate/Log/LogManager.php(125): Illuminate/Log/LogManager->get('deprecations')
#3 C:/Users/Rahmat Eka/Peta-Interaktif/vendor/laravel/framework/src/Illuminate/Log/LogManager.php(114): Illuminate/Log/LogManager->driver('deprecations')
#4 C:/Users/Rahmat Eka/Peta-Interaktif/vendor/laravel/framework/src/Illuminate/Foundation/Bootstrap/HandleExceptions.php(109): Illuminate/Log/LogManager->channel('deprecations')
#5 C:/Users/Rahmat Eka/Peta-Interaktif/vendor/laravel/framework/src/Illuminate/Foundation/Bootstrap/HandleExceptions.php(74): Illuminate/Foundation/Bootstrap/HandleExceptions->handleDeprecationError('Since symfony/h...', 'C://Users//Rahmat...', 25, 16384)
#6 C:/Users/Rahmat Eka/Peta-Interaktif/vendor/laravel/framework/src/Illuminate/Foundation/Bootstrap/HandleExceptions.php(262): Illuminate/Foundation/Bootstrap/HandleExceptions->handleError(16384, 'Since symfony/h...', 'C://Users//Rahmat...', 25)
#7 [internal function]: Illuminate/Foundation/Bootstrap/HandleExceptions->Illuminate/Foundation/Bootstrap/{closure}(16384, 'Since symfony/h...', 'C://Users//Rahmat...', 25)
#8 C:/Users/Rahmat Eka/Peta-Interaktif/vendor/symfony/deprecation-contracts/function.php(25): trigger_error('Since symfony/h...', 16384)
#9 C:/Users/Rahmat Eka/Peta-Interaktif/vendor/symfony/http-foundation/Request.php(754): trigger_deprecation('symfony/http-fo...', '7.4', 'Request::get() ...')
#10 C:/Users/Rahmat Eka/Peta-Interaktif/vendor/laravel/framework/src/Illuminate/Http/Request.php(441): Symfony/Component/HttpFoundation/Request->get('search', NULL)
#11 C:/Users/Rahmat Eka/Peta-Interaktif/app/Http/Controllers/Admin/ManageUsersController.php(16): Illuminate/Http/Request->get('search')
#12 C:/Users/Rahmat Eka/Peta-Interaktif/vendor/laravel/framework/src/Illuminate/Routing/Controller.php(54): App/Http/Controllers/Admin/ManageUsersController->index(Object(Illuminate/Http/Request))
#13 C:/Users/Rahmat Eka/Peta-Interaktif/vendor/laravel/framework/src/Illuminate/Routing/ControllerDispatcher.php(43): Illuminate/Routing/Controller->callAction('index', Array)
#14 C:/Users/Rahmat Eka/Peta-Interaktif/vendor/laravel/framework/src/Illuminate/Routing/Route.php(265): Illuminate/Routing/ControllerDispatcher->dispatch(Object(Illuminate/Routing/Route), Object(App/Http/Controllers/Admin/ManageUsersController), 'index')
#15 C:/Users/Rahmat Eka/Peta-Interaktif/vendor/laravel/framework/src/Illuminate/Routing/Route.php(211): Illuminate/Routing/Route->runController()
#16 C:/Users/Rahmat Eka/Peta-Interaktif/vendor/laravel/framework/src/Illuminate/Routing/Router.php(822): Illuminate/Routing/Route->run()
#17 C:/Users/Rahmat Eka/Peta-Interaktif/vendor/laravel/framework/src/Illuminate/Pipeline/Pipeline.php(180): Illuminate/Routing/Router->Illuminate/Routing/{closure}(Object(Illuminate/Http/Request))
#18 C:/Users/Rahmat Eka/Peta-Interaktif/vendor/laravel/framework/src/Illuminate/Routing/Middleware/SubstituteBindings.php(50): Illuminate/Pipeline/Pipeline->Illuminate/Pipeline/{closure}(Object(Illuminate/Http/Request))
#19 C:/Users/Rahmat Eka/Peta-Interaktif/vendor/laravel/framework/src/Illuminate/Pipeline/Pipeline.php(219): Illuminate/Routing/Middleware/SubstituteBindings->handle(Object(Illuminate/Http/Request), Object(Closure))
#20 C:/Users/Rahmat Eka/Peta-Interaktif/vendor/laravel/framework/src/Illuminate/Auth/Middleware/Authenticate.php(63): Illuminate/Pipeline/Pipeline->Illuminate/Pipeline/{closure}(Object(Illuminate/Http/Request))
#21 C:/Users/Rahmat Eka/Peta-Interaktif/vendor/laravel/framework/src/Illuminate/Pipeline/Pipeline.php(219): Illuminate/Auth/Middleware/Authenticate->handle(Object(Illuminate/Http/Request), Object(Closure), 'admin')
#22 C:/Users/Rahmat Eka/Peta-Interaktif/vendor/laravel/framework/src/Illuminate/Foundation/Http/Middleware/VerifyCsrfToken.php(87): Illuminate/Pipeline/Pipeline->Illuminate/Pipeline/{closure}(Object(Illuminate/Http/Request))
#23 C:/Users/Rahmat Eka/Peta-Interaktif/vendor/laravel/framework/src/Illuminate/Pipeline/Pipeline.php(219): Illuminate/Foundation/Http/Middleware/VerifyCsrfToken->handle(Object(Illuminate/Http/Request), Object(Closure))
#24 C:/Users/Rahmat Eka/Peta-Interaktif/vendor/laravel/framework/src/Illuminate/View/Middleware/ShareErrorsFromSession.php(48): Illuminate/Pipeline/Pipeline->Illuminate/Pipeline/{closure}(Object(Illuminate/Http/Request))
#25 C:/Users/Rahmat Eka/Peta-Interaktif/vendor/laravel/framework/src/Illuminate/Pipeline/Pipeline.php(219): Illuminate/View/Middleware/ShareErrorsFromSession->handle(Object(Illuminate/Http/Request), Object(Closure))
#26 C:/Users/Rahmat Eka/Peta-Interaktif/vendor/laravel/framework/src/Illuminate/Session/Middleware/StartSession.php(120): Illuminate/Pipeline/Pipeline->Illuminate/Pipeline/{closure}(Object(Illuminate/Http/Request))
#27 C:/Users/Rahmat Eka/Peta-Interaktif/vendor/laravel/framework/src/Illuminate/Session/Middleware/StartSession.php(63): Illuminate/Session/Middleware/StartSession->handleStatefulRequest(Object(Illuminate/Http/Request), Object(Illuminate/Session/Store), Object(Closure))
#28 C:/Users/Rahmat Eka/Peta-Interaktif/vendor/laravel/framework/src/Illuminate/Pipeline/Pipeline.php(219): Illuminate/Session/Middleware/StartSession->handle(Object(Illuminate/Http/Request), Object(Closure))
#29 C:/Users/Rahmat Eka/Peta-Interaktif/vendor/laravel/framework/src/Illuminate/Cookie/Middleware/AddQueuedCookiesToResponse.php(36): Illuminate/Pipeline/Pipeline->Illuminate/Pipeline/{closure}(Object(Illuminate/Http/Request))
#30 C:/Users/Rahmat Eka/Peta-Interaktif/vendor/laravel/framework/src/Illuminate/Pipeline/Pipeline.php(219): Illuminate/Cookie/Middleware/AddQueuedCookiesToResponse->handle(Object(Illuminate/Http/Request), Object(Closure))
#31 C:/Users/Rahmat Eka/Peta-Interaktif/vendor/laravel/framework/src/Illuminate/Cookie/Middleware/EncryptCookies.php(74): Illuminate/Pipeline/Pipeline->Illuminate/Pipeline/{closure}(Object(Illuminate/Http/Request))
#32 C:/Users/Rahmat Eka/Peta-Interaktif/vendor/laravel/framework/src/Illuminate/Pipeline/Pipeline.php(219): Illuminate/Cookie/Middleware/EncryptCookies->handle(Object(Illuminate/Http/Request), Object(Closure))
#33 C:/Users/Rahmat Eka/Peta-Interaktif/vendor/laravel/framework/src/Illuminate/Pipeline/Pipeline.php(137): Illuminate/Pipeline/Pipeline->Illuminate/Pipeline/{closure}(Object(Illuminate/Http/Request))
#34 C:/Users/Rahmat Eka/Peta-Interaktif/vendor/laravel/framework/src/Illuminate/Routing/Router.php(821): Illuminate/Pipeline/Pipeline->then(Object(Closure))
#35 C:/Users/Rahmat Eka/Peta-Interaktif/vendor/laravel/framework/src/Illuminate/Routing/Router.php(800): Illuminate/Routing/Router->runRouteWithinStack(Object(Illuminate/Routing/Route), Object(Illuminate/Http/Request))
#36 C:/Users/Rahmat Eka/Peta-Interaktif/vendor/laravel/framework/src/Illuminate/Routing/Router.php(764): Illuminate/Routing/Router->runRoute(Object(Illuminate/Http/Request), Object(Illuminate/Routing/Route))
#37 C:/Users/Rahmat Eka/Peta-Interaktif/vendor/laravel/framework/src/Illuminate/Routing/Router.php(753): Illuminate/Routing/Router->dispatchToRoute(Object(Illuminate/Http/Request))
#38 C:/Users/Rahmat Eka/Peta-Interaktif/vendor/laravel/framework/src/Illuminate/Foundation/Http/Kernel.php(200): Illuminate/Routing/Router->dispatch(Object(Illuminate/Http/Request))
#39 C:/Users/Rahmat Eka/Peta-Interaktif/vendor/laravel/framework/src/Illuminate/Pipeline/Pipeline.php(180): Illuminate/Foundation/Http/Kernel->Illuminate/Foundation/Http/{closure}(Object(Illuminate/Http/Request))
#40 C:/Users/Rahmat Eka/Peta-Interaktif/vendor/laravel/framework/src/Illuminate/Foundation/Http/Middleware/TransformsRequest.php(21): Illuminate/Pipeline/Pipeline->Illuminate/Pipeline/{closure}(Object(Illuminate/Http/Request))
#41 C:/Users/Rahmat Eka/Peta-Interaktif/vendor/laravel/framework/src/Illuminate/Foundation/Http/Middleware/ConvertEmptyStringsToNull.php(31): Illuminate/Foundation/Http/Middleware/TransformsRequest->handle(Object(Illuminate/Http/Request), Object(Closure))
#42 C:/Users/Rahmat Eka/Peta-Interaktif/vendor/laravel/framework/src/Illuminate/Pipeline/Pipeline.php(219): Illuminate/Foundation/Http/Middleware/ConvertEmptyStringsToNull->handle(Object(Illuminate/Http/Request), Object(Closure))
#43 C:/Users/Rahmat Eka/Peta-Interaktif/vendor/laravel/framework/src/Illuminate/Foundation/Http/Middleware/TransformsRequest.php(21): Illuminate/Pipeline/Pipeline->Illuminate/Pipeline/{closure}(Object(Illuminate/Http/Request))
#44 C:/Users/Rahmat Eka/Peta-Interaktif/vendor/laravel/framework/src/Illuminate/Foundation/Http/Middleware/TrimStrings.php(51): Illuminate/Foundation/Http/Middleware/TransformsRequest->handle(Object(Illuminate/Http/Request), Object(Closure))
#45 C:/Users/Rahmat Eka/Peta-Interaktif/vendor/laravel/framework/src/Illuminate/Pipeline/Pipeline.php(219): Illuminate/Foundation/Http/Middleware/TrimStrings->handle(Object(Illuminate/Http/Request), Object(Closure))
#46 C:/Users/Rahmat Eka/Peta-Interaktif/vendor/laravel/framework/src/Illuminate/Http/Middleware/ValidatePostSize.php(27): Illuminate/Pipeline/Pipeline->Illuminate/Pipeline/{closure}(Object(Illuminate/Http/Request))
#47 C:/Users/Rahmat Eka/Peta-Interaktif/vendor/laravel/framework/src/Illuminate/Pipeline/Pipeline.php(219): Illuminate/Http/Middleware/ValidatePostSize->handle(Object(Illuminate/Http/Request), Object(Closure))
#48 C:/Users/Rahmat Eka/Peta-Interaktif/vendor/laravel/framework/src/Illuminate/Foundation/Http/Middleware/PreventRequestsDuringMaintenance.php(109): Illuminate/Pipeline/Pipeline->Illuminate/Pipeline/{closure}(Object(Illuminate/Http/Request))
#49 C:/Users/Rahmat Eka/Peta-Interaktif/vendor/laravel/framework/src/Illuminate/Pipeline/Pipeline.php(219): Illuminate/Foundation/Http/Middleware/PreventRequestsDuringMaintenance->handle(Object(Illuminate/Http/Request), Object(Closure))
#50 C:/Users/Rahmat Eka/Peta-Interaktif/vendor/laravel/framework/src/Illuminate/Http/Middleware/HandleCors.php(61): Illuminate/Pipeline/Pipeline->Illuminate/Pipeline/{closure}(Object(Illuminate/Http/Request))
#51 C:/Users/Rahmat Eka/Peta-Interaktif/vendor/laravel/framework/src/Illuminate/Pipeline/Pipeline.php(219): Illuminate/Http/Middleware/HandleCors->handle(Object(Illuminate/Http/Request), Object(Closure))
#52 C:/Users/Rahmat Eka/Peta-Interaktif/vendor/laravel/framework/src/Illuminate/Http/Middleware/TrustProxies.php(58): Illuminate/Pipeline/Pipeline->Illuminate/Pipeline/{closure}(Object(Illuminate/Http/Request))
#53 C:/Users/Rahmat Eka/Peta-Interaktif/vendor/laravel/framework/src/Illuminate/Pipeline/Pipeline.php(219): Illuminate/Http/Middleware/TrustProxies->handle(Object(Illuminate/Http/Request), Object(Closure))
#54 C:/Users/Rahmat Eka/Peta-Interaktif/vendor/laravel/framework/src/Illuminate/Foundation/Http/Middleware/InvokeDeferredCallbacks.php(22): Illuminate/Pipeline/Pipeline->Illuminate/Pipeline/{closure}(Object(Illuminate/Http/Request))
#55 C:/Users/Rahmat Eka/Peta-Interaktif/vendor/laravel/framework/src/Illuminate/Pipeline/Pipeline.php(219): Illuminate/Foundation/Http/Middleware/InvokeDeferredCallbacks->handle(Object(Illuminate/Http/Request), Object(Closure))
#56 C:/Users/Rahmat Eka/Peta-Interaktif/vendor/laravel/framework/src/Illuminate/Http/Middleware/ValidatePathEncoding.php(26): Illuminate/Pipeline/Pipeline->Illuminate/Pipeline/{closure}(Object(Illuminate/Http/Request))
#57 C:/Users/Rahmat Eka/Peta-Interaktif/vendor/laravel/framework/src/Illuminate/Pipeline/Pipeline.php(219): Illuminate/Http/Middleware/ValidatePathEncoding->handle(Object(Illuminate/Http/Request), Object(Closure))
#58 C:/Users/Rahmat Eka/Peta-Interaktif/vendor/laravel/framework/src/Illuminate/Pipeline/Pipeline.php(137): Illuminate/Pipeline/Pipeline->Illuminate/Pipeline/{closure}(Object(Illuminate/Http/Request))
#59 C:/Users/Rahmat Eka/Peta-Interaktif/vendor/laravel/framework/src/Illuminate/Foundation/Http/Kernel.php(175): Illuminate/Pipeline/Pipeline->then(Object(Closure))
#60 C:/Users/Rahmat Eka/Peta-Interaktif/vendor/laravel/framework/src/Illuminate/Foundation/Http/Kernel.php(144): Illuminate/Foundation/Http/Kernel->sendRequestThroughRouter(Object(Illuminate/Http/Request))
#61 C:/Users/Rahmat Eka/Peta-Interaktif/vendor/laravel/framework/src/Illuminate/Foundation/Application.php(1220): Illuminate/Foundation/Http/Kernel->handle(Object(Illuminate/Http/Request))
#62 C:/Users/Rahmat Eka/Peta-Interaktif/public/index.php(18): Illuminate/Foundation/Application->handleRequest(Object(Illuminate/Http/Request))
#63 C:/Users/Rahmat Eka/Peta-Interaktif/vendor/laravel/framework/src/Illuminate/Foundation/resources/server.php(23): require_once('C://Users//Rahmat...')
#64 {main}
"} 
[2026-06-23 15:47:32] laravel.WARNING: Since symfony/http-foundation 7.4: Request::get() is deprecated, use properties ->attributes, query or request directly instead. in C:\Users\Rahmat Eka\Peta-Interaktif\vendor\symfony\deprecation-contracts\function.php on line 25  
